First Name,Middle Name,Last Name,Phonetic First Name,Phonetic Middle Name,Phonetic Last Name,Name Prefix,Name Suffix,Nickname,File As,Organization Name,Organization Title,Organization Department,Birthday,Notes,Photo,Labels,E-mail 1 - Label,E-mail 1 - Value,Phone 1 - Label,Phone 1 - Value,Phone 2 - Label,Phone 2 - Value,Phone 3 - Label,Phone 3 - Value,Address 1 - Label,Address 1 - Formatted,Address 1 - Street,Address 1 - City,Address 1 - PO Box,Address 1 - Region,Address 1 - Postal Code,Address 1 - Country,Address 1 - Extended Address,Address 2 - Label,Address 2 - Formatted,Address 2 - Street,Address 2 - City,Address 2 - PO Box,Address 2 - Region,Address 2 - Postal Code,Address 2 - Country,Address 2 - Extended Address,Relation 1 - Label,Relation 1 - Value,Relation 2 - Label,Relation 2 - Value,Website 1 - Label,Website 1 - Value
,,,,,,,,,,,,,,,,* myContacts,,,Mobile,5217-4444,,,,,,,,,,,,,,,,,,,,,,,,,,,,
zuma beatriz,,,,,,,,,,,,,,"Nombre: zuma beatriz
",,Importado el 8/12/15 1 ::: * myContacts,* Other,aguasdefuego1972@hotmail.com,,,,,,,,,,,,,,,,,,,,,,,,,,,,,,
zumey@hotmail.com,,,,,,,,,,,,,,"Nombre: zumey@hotmail.com
",,Importado el 8/12/15 1 ::: * myContacts,* Other,zumey@hotmail.com,,,,,,,,,,,,,,,,,,,,,,,,,,,,,,
,,,,,,,,,,,,,,,,* myContacts,,,Mobile,11 2181-7207 ::: 11 2181,,,,,,,,,,,,,,,,,,,,,,,,,,,,
Bar Artigas Lilian,,,,,,,,,,,,,,,,* myContacts ::: * starred,,,Mobile,11 5566-1338,,,,,,,,,,,,,,,,,,,,,,,,,,,,
Carolina (Hija De,Carlos,Gaitan),,,,,,,,,,,,,,* myContacts ::: * starred,,,Mobile,1165274993,,,,,,,,,,,,,,,,,,,,,,,,,,,,
Clari,,,,,,,,,,,,,,,https://lh3.googleusercontent.com/contacts/AG6tpzGhhUao7ztNWiu57hWiXnwC1fJSQA2mZaR6IkVJOe9w0EJGBHkI,* myContacts ::: * starred,,,Mobile,+5491159296739,,,,,Home,27256814086,27256814086,,,,,,,,,,,,,,,,,,,,,
Daniela Morell Empleada 2026,,De Parte De Adrian,,,,,,,,,,,,,,* myContacts ::: * starred,,,Mobile,+5491124061541,,,,,,,,,,,,,,,,,,,,,,,,,,,,
Dante Montana,,,,,,,,,,,,,,,https://lh3.googleusercontent.com/contacts/AG6tpzFCqeOPgkKUYa55_InVFR2HbJCzfyES1Ig5YHYfjCrd_kt7n5Bq,* myContacts ::: * starred,,,Mobile,+541172285223,,,,,,,,,,,,,,,,,,,,,,,,,,,,
Edmundo,,Sanchez,,,,,,,,,,,,,https://lh3.googleusercontent.com/contacts/AG6tpzHau2lLcqWeuNY-Y-qtgOdGe9zFPniTYujJbtHRCYbb9xQCHeJt,* myContacts ::: * starred,,,Mobile,+54 9 11 2409-0227,,,,,,,,,,,,,,,,,,,,,,,,,,,,
Ezequiel,Bi,Grin,,,,,,,,,,,,,,* myContacts ::: * starred,,,Mobile,+54 9 11 6620-4775,,,,,,,,,,,,,,,,,,,,,,,,,,,,
Gaby Vecina 2H,2,H,,,,,,,,,,,,,,* myContacts ::: * starred,,,Casa,4573-1959,Móvil,+54 9 11 5858-2684,,,,,,,,,,,,,,,,,,,,,,,,,,
Lautaro,Ayudante,Cocina,,,,,,,,,,,,,,* myContacts ::: * starred,,,Móvil,+54 9 11 5052-5613,,,,,,,,,,,,,,,,,,,,,,,,,,,,
Mariano Contador,,,,,,,,,,,,,,,,Importado el 8/12/15 1 ::: * myContacts ::: * starred,,,Home,1-550-365-287,,,,,,,,,,,,,,,,,,,,,,,,,,,,
Sol,,Montana,,,,,,,,,,,,,https://lh3.googleusercontent.com/contacts/AG6tpzFE0BroZcIHp2VAOHjAfDOPVYBSZl2VclMPkyvfFP5LxTKq0D2y,Importado el 8/12/15 1 ::: * myContacts ::: * starred,* Other,solmontana@hotmail.com,Mobile,+54 9 11 2187-9063,,,,,,,,,,,,,,,,,,,,,,,,,,,,
V,Lucas,Montana,,,,,,,,,,,,,https://lh3.googleusercontent.com/contacts/AG6tpzH_dQmpwV-sS3_KOSddNrfW0UBCE-GEyqbkMkF_w1YNKTv0ZNHd,* myContacts ::: * starred,* Home,lucas_montana@hotmail.com,Work,1127202963,,,,,,,,,,,,,,,,,,,,,,,,,,,,
+393783781025,,,,,,,,,,,,,,,,* myContacts,,,,,,,,,,,,,,,,,,,,,,,,,,,,,,,,
👩🏻‍⚕️Agus Cliente 2024,,,,,,,,,,,,,,,,* myContacts,,,Mobile,+5491124586533,,,,,,,,,,,,,,,,,,,,,,,,,,,,
💫Paola Cliente 2024,,,,,,,,,,,,,,,,* myContacts,,,Mobile,+5491134954201,,,,,,,,,,,,,,,,,,,,,,,,,,,,
Aberturas de aluminio NOI,,"RUTA 26 398 ESQUINA PATRICIAS ARGENTINAS, MAQUNISTA SAVIO",,,,,,,,,,,,,,* myContacts,,,Mobile,+5491122488664,,,,,,,,,,,,,,,,,,,,,,,,,,,,
Aberturas,Escobar,Angela,,,,,,,,,,,,,,* myContacts,,,Mobile,11 6030-2317,,,,,Home,Lamadrid 955 De 8 A 17,"A 17
Lamadrid 955 De 8",,,,,,,,,,,,,,,,,,,,,
Abril Empleada 2023,,Nogueira,,,,,,,,,,,,,,* myContacts,,,Mobile,+54 9 11 6701-5471,,,,,,,,,,,,,,,,,,,,,,,,,,,,
Abril La novia,de,sundar,,,,,,,,,,,,,,* myContacts,,,Mobile,+54 9 11 3227-4253,,,,,,,,,,,,,,,,,,,,,,,,,,,,
Abuelita,,,,,,,,,,,,,,,,* myContacts,,,Mobile,11 6358-1774,,,,,,,,,,,,,,,,,,,,,,,,,,,,
Adolfo,,Cliente,,,,,,,,,,,,,,* myContacts,,,Mobile,11 5605-3103,,,,,,,,,,,,,,,,,,,,,,,,,,,,
Adolfo Cliente 2024,,Marcano (Venezuela),,,,,,,,,,,,,,* myContacts,,,Mobile,+5491123394523,,,,,,,,,,,,,,,,,,,,,,,,,,,,
Adri Seño,,,,,,,,,,,,,,,,* myContacts,,,Mobile,+54 11 6511-1186,,,,,,,,,,,,,,,,,,,,,,,,,,,,
Adrian Chofer Papas Balcarce,,,,,,,,,,,,,,,,* myContacts,,,Mobile,+5491156038252,,,,,,,,,,,,,,,,,,,,,,,,,,,,
Adrian Cordero Diaz,,Mansilla ,,,,,,,,,,,,,,* myContacts,,,Mobile,3445 64-5908,,,,,,,,,,,,,,,,,,,,,,,,,,,,
Adrian El Luchador,,,,,,,,,,,,,,,,* myContacts,,,Mobile,+541155701956,,,,,,,,,,,,,,,,,,,,,,,,,,,Other,foja.agosto.tara.mp
Adrian Frigorífico Entre Amigos,,Peinicura,,,,,,,,,,,,,,* myContacts,,,Mobile,+54 9 11 6562-1404,,,,,,,,,,,,,,,,,,,,,,,,,,,,
Adrian massara,,,,,,,,,,,,,,,,* myContacts,,,Mobile,01135724459,,,,,,,,,,,,,,,,,,,,,,,,,,,,
Adrian Mecánico Quesada,,,,,,,,,,,,,,,,* myContacts,,,Mobile,11 4145-4273,,,,,,,,,,,,,,,,,,,,,,,,,,,,
Adrian Vendedor Frig,Los,Prados,,,,,,,,,,,,,,* myContacts,,,Mobile,11 6399-5041,,,,,,,,,,,,,,,,,,,,,,,,,,,,
Adrian Venta De Tapers,,Pereira,,,,,,,,,,,,,,* myContacts,,,Mobile,+5491131987884,,,,,,,,,,,,,,,,,,,,,,,,,,,,
Adrian,,Yory,,,,,,,,,,,,,,* myContacts,,,Mobile,1162490918,,,,,,,,,,,,,,,,,,,,,,,,,,,,
Adriana,Abogado,Carlos,,,,,,,,,,,,,,* myContacts,,,Mobile,11 5973-7633,,,,,,,,,,,,,,,,,,,,,,,,,,,,
Adriana Residencias Mi Casa,,,,,,,,,,,,,,,,* myContacts,,,Mobile,+541164080422,,,,,,,,,,,,,,,,,,,,,,,,,,,,
Aerobox,,,,,,,,,,Aerobox,,,,,,* myContacts,,,Mobile,+54 9 11 5235-6174,,,,,,,,,,,,,,,,,,,,,,,,,,,,
Agostina,Cliente,2020,,,,,,,,,,,,,,* myContacts,,,Mobile,+54 11 3576-2181,,,,,,,,,,,,,,,,,,,,,,,,,,,,
Agus Capellino,,Alumna,,,,,,,,,,,,,,* myContacts,,,Mobile,+393297303996,,,,,,,,,,,,,,,,,,,,,,,,,,,,
Agus,,Nizzoli Fotógrafo (Vero),,,,,,,,,,,,,,* myContacts,,,Móvil,+54 9 11 5495-6054,,,,,,,,,,,,,,,,,,,,,,,,,,,,
Agustín Actis Cliente 2024(Kiwa),,,,,,,,,,,,,,,,* myContacts,,,Mobile,+5491141985499,,,,,,,,,,,,,,,,,,,,,,,,,,,,
Agustin,,Cliente,,,,,,,,,,,,,,* myContacts,,,Mobile,+54 11 6213-6493,,,,,,,,,,,,,,,,,,,,,,,,,,,,
Agustin,Cliente,2021×,,,,,,,,,,,,,,* myContacts,,,Mobile,+54 9 11 4430-0342 ::: +54 9 11 4497-4037,,,,,,,,,,,,,,,,,,,,,,,,,,,,
Agustin Cliente 2024,,Brozek,,,,,,,,,,,,,,* myContacts,,,Mobile,+5491138465273,,,,,,,,,,,,,,,,,,,,,,,,,,,,
Agustina,Andreani,(escribana),,,,,,,,,,,,,,* myContacts,,,Celular,+54 9 11 6489-5556,,,,,,,,,,,,,,,,,,,,,,,,,,,,
Agustina Brj Camarera Busbeer,,,,,,,,,,,,,,,,* myContacts,,,Mobile,+54 9 348 439-7206,,,,,,,,,,,,,,,,,,,,,,,,,,,,
Agustina,Cliente,2021,,,,,,,,,,,,,,* myContacts,,,Mobile,+54 9 11 3919-0727,,,,,,,,,,,,,,,,,,,,,,,,,,,,
Agustina Cliente 2022,,,,,,,,,,,,,,,,* myContacts,,,Mobile,+54 9 11 3376-1500,,,,,,,,,,,,,,,,,,,,,,,,,,,,
Agustina Cliente 2023,,,,,,,,,,,,,,,,* myContacts,,,Mobile,11 3867-1403,,,,,,,,,,,,,,,,,,,,,,,,,,,,
Aida,Moreno,(Eugenia),,,,,,,,,,,,,,* myContacts,,,Mobile,11 2389-2038,,,,,,,,,,,,,,,,,,,,,,,,,,,,
Ailen,Clienta,Poli,,,,,,,,,,,,,,* myContacts,,,Mobile,2477 63-3406,,,,,,,,,,,,,,,,,,,,,,,,,,,,
Ailu,,,,,,,,,,,,,,,,* myContacts,,,Mobile,+54 9 11 3914-7393,,,,,,,,,,,,,,,,,,,,,,,,,,,,
Airam,,,,,,,,,,,,,,,,Importado el 9/12/15 ::: Importado el 8/12/15 1 ::: Importado el 8/12/15 ::: * myContacts,,,Mobile,11-673-412-52,,,,,,,,,,,,,,,,,,,,,,,,,,,,
Ajo Gasista,,,,,,,,,,,,,,,,* myContacts,,,Móvil,+54 9 11 6174-9403,,,,,,,,,,,,,,,,,,,,,,,,,,,,
Alan Cliente,Ing,Maschwitz,,,,,,,,,,,,,,* myContacts,,,Mobile,1144395709,,,,,,,,,,,,,,,,,,,,,,,,,,,,
Alan Delivery,,,,,,,,,,,,,,,,* myContacts,,,Mobile,11 6978-9609,,,,,,,,,,,,,,,,,,,,,,,,,,,,
Albert,,,,,,,,,,,,,,,,* myContacts,,,Mobile,+54 9 11 4147-5004,,,,,,,,,,,,,,,,,,,,,,,,,,,,
Alberto (Socio),Ariel,Baglione,,,,,,,,,,,,,,* myContacts,,,Móvil,+54 9 11 4066-3618,,,,,,,,,,,,,,,,,,,,,,,,,,,,
alberto,,Chapas,,,,,,,,,,,,,,* myContacts,,,Mobile,11 3059-6353,,,,,,,,,,,,,,,,,,,,,,,,,,,,
Alberto/vanesa,,,,,,,,,,,,,,,,* myContacts,,,Mobile,1544009281,,,,,,,,,,,,,,,,,,,,,,,,,,,,
Aldana Cliente 2024,,,,,,,,,,,,,,,,* myContacts,,,Mobile,+5491124642305,,,,,,,,,,,,,,,,,,,,,,,,,,,,
Alejandra Ciente 2021 Mujer,De,Gaston,,,,,,,,,,,,,,* myContacts,,,Mobile,+54 9 11 4414-6136,,,,,,,,,,,,,,,,,,,,,,,,,,,,
Alejandra Cliente 2024,,,,,,,,,,,,,,,,* myContacts,,,Mobile,+5491168368915,,,,,,,,,,,,,,,,,,,,,,,,,,,,
Alejandra Empleada 2023,,,,,,,,,,,,,,,,* myContacts,,,Mobile,11 3257-3184,,,,,,,,,,,,,,,,,,,,,,,,,,,,
Alejandra Seguros,(Marcelo,Dib),,,,,,,,,,,,,,* myContacts,,,Mobile,+54 9 11 3823-2222,,,,,,,,,,,,,,,,,,,,,,,,,,,,
Alejandro,Basavilbaso,(Euro),,,,,,,,,,,,,,* myContacts,* Other,alejandro@basavilbaso.com,Móvil,+54 9 11 6602-6535,,,,,,,,,,,,,,,,,,,,,,,,,,,,
Alejandro,,Casarero Inmobiliaria Maschwitz,,,,,,,,,,,,,,* myContacts,,,Mobile,+5491141461779,,,,,,,,,,,,,,,,,,,,,,,,,,,,
Alejandro,Cliente,2020,,,,,,,,,,,,,,* myContacts,,,Mobile,+54 9 11 5892-3420,,,,,,,,,,,,,,,,,,,,,,,,,,,,
Alejandro Cliente 2022,,,,,,,,,,,,,,,,* myContacts,,,Mobile,1164866830,,,,,,,,,,,,,,,,,,,,,,,,,,,,
Alejandro Cliente 2023,,,,,,,,,,,,,,,,* myContacts,,,Mobile,11 2643-5428,,,,,,,,,,,,,,,,,,,,,,,,,,,,
Alejandro Embalajes,Flash,Pack,,,,,,,,Flash Pack Srl,,,,,,* myContacts,,,Mobile,+54 9 11 7166-2200,,,,,,,,,,,,,,,,,,,,,,,,,,,,
Alejandro Evento,Noviembre,2026,,,,,,,,,60 Personas De 18 A 22,,,,,* myContacts,,,Mobile,+54 11 6932-7016,,,,,,,,,,,,,,,,,,,,,,,,,,,,
Alejandro por,Lavaen,Seco,,,,,,,,,,,,,,* myContacts,,,Mobile,15-5641-5245,,,,,,,,,,,,,,,,,,,,,,,,,,,,
Alejandro Super,Va.,san,,,,,,,,,,,,,,* myContacts,,,Mobile,1151852970,,,,,,,,,,,,,,,,,,,,,,,,,,,,
Alejandro.·.Barros Cliente 2024,,,,,,,,,,,,,,,,* myContacts,,,Mobile,+5491161893024,,,,,,,,,,,,,,,,,,,,,,,,,,,,
Alejo,,Pausa,,,,,,,,,,,,,,* myContacts,,,Mobile,+54 9 11 4430-8604,,,,,,,,,,,,,,,,,,,,,,,,,,,,
Alesia Cliente 2024,,,,,,,,,,,,,,,,* myContacts,,,Mobile,+5491130970944,,,,,,,,,,,,,,,,,,,,,,,,,,,,
Alexia Cliente 2021,El,Canton,,,,,,,,,,,,,,* myContacts,,,Mobile,+54 11 6209-0594,,,,,,,,,,,,,,,,,,,,,,,,,,,,
Alfonsina Cliente 2025,,Marino,,,,,,,,,,,,,,* myContacts,,,Mobile,+5493484698991,,,,,,,,,,,,,,,,,,,,,,,,,,,,
"Alfredo (de Parte, José Gauna)",,Chapista,,,,,,,,,,,,,,* myContacts,,,Celular,+54 9 11 6149-6675,,,,,Home,Centenera 2290 Y Riestra,Y Riestra 2290 Centenera,,,,,,,,,,,,,,,,,,,,,
Alfredo Cliente 2023,B.,Roisenzvit,,,,,,,,,,,,,,* myContacts,,,Mobile,+54 9 11 5423-1535,,,,,,,,,,,,,,,,,,,,,,,,,,,,
Alia,,,,,,,,,,,,,,,,* myContacts,,,Mobile,11-626-602-03 ::: +5491162660203,,,,,,,,,,,,,,,,,,,,,,,,,,,,
Alicia Ciocca Abuela De,Mateo,F,,,,,,,,,,,,,,* myContacts,,,Celular,+54 9 11 5728-1273,,,,,,,,,,,,,,,,,,,,,,,,,,,,
Alicia,,Singh,,,,,,,,,,,,,,* myContacts,,,Móvil,+54 9 11 6453-0099,,,,,,,,,,,,,,,,,,,,,,,,,,,,
Alimentos Villares Especies,,Garam Masala,,,,,,,,,,,,,,* myContacts,,,Mobile,1127869756,,,,,,,,,,,,,,,,,,,,,,,,,,,,
Alma,,,,,,,,,,,,,,,,* myContacts,,,Móvil,+54 9 11 5478-6111,,,,,,,,,,,,,,,,,,,,,,,,,,,,
𝗔𝗹𝗺𝗮𝗰𝗲𝗻 𝗱𝗲𝗹 𝗻𝗼𝗿𝘁𝗲,,Garin,,,,,,,,𝗔𝗹𝗺𝗮𝗰𝗲𝗻 𝗱𝗲𝗹 𝗻𝗼𝗿𝘁𝗲,,,,,,* myContacts,,,Mobile,+5491136685783,,,,,,,,,,,,,,,,,,,,,,,,,,,,
Alvaro,,Vara,,,,,,,,,,,,,,* myContacts,* INTERNET,alvaro_vara@hotmail.com,Móvil,+54 9 11 5589-8964,,,,,Home,Austria 1914 8vo A,Austria 1914 8vo A,,,,,Austria,,,,,,,,,,,,,,,,
Amablemente Centro Sicologia,,Veronica Rodriguez,,,,,,,,Amablemente,,,,,,* myContacts,,,Mobile,+5491126171374,,,,,,,,,,,,,,,,,,,,,,,,,,,,
Amalia,Cliente,2020,,,,,,,,,,,,,,* myContacts,,,Mobile,+54 9 11 6436-8446,,,,,,,,,,,,,,,,,,,,,,,,,,,,
Ame,,,,,,,,,,,,,,,,* myContacts,,,Mobile,11 6923-277,,,,,,,,,,,,,,,,,,,,,,,,,,,,
Amelia,(,Maga),,,,,,,,,,,,,,* myContacts,,,Mobile,+54 11 6337-1842,,,,,,,,,,,,,,,,,,,,,,,,,,,,
Amelita,,:),,,,,,,,,,,,,,* myContacts,,,Mobile,+54 9 11 6972-3277,,,,,,,,,,,,,,,,,,,,,,,,,,,,
Amparo Cliente 2023,,,,,,,,,,,,,,,,* myContacts,,,Mobile,+5491123202853,,,,,,,,,,,,,,,,,,,,,,,,,,,,
Ampi,,,,,,,,,,ampi,,,,,,* myContacts,,,Mobile,+5491164454835,,,,,,,,,,,,,,,,,,,,,,,,,,,,
An,,plotter,,,,,,,,,,,,,,* myContacts,,,Mobile,+54 9 11 5039-7862,,,,,,,,,,,,,,,,,,,,,,,,,,,,
Ana,Cliente,2021,,,,,,,,,,,,,,* myContacts,,,Mobile,+54 11 3677-6100,,,,,,,,,,,,,,,,,,,,,,,,,,,,
Ana,Cliente,2021×,,,,,,,,,,,,,,* myContacts,,,Mobile,+54 11 3213-6139,,,,,,,,,,,,,,,,,,,,,,,,,,,,
Ana Cliente 2023,,Z,,,,,,,,,,,,,,* myContacts,,,Mobile,+54 9 11 2173-0363,,,,,,,,,,,,,,,,,,,,,,,,,,,,
Ana,,Coll,,,,,,,,,,,,,,* myContacts,,,Mobile,11 6875-8971,,,,,,,,,,,,,,,,,,,,,,,,,,,,
Ana Laura,Allemann,Zarate,,,,,,,,,,,,,,* myContacts,,,Mobile,+54 9 3487 53-4434 ::: 0348715534434,,,,,,,,,,,,,,,,,,,,,,,,,,,,
Ana mar grisol,,,,,,,,,,,,,,,,* myContacts,,,Mobile,01168178788,,,,,,,,,,,,,,,,,,,,,,,,,,,,
ANABELLA,,GRBAC,,,,,,,,,,,,,,* myContacts,,,Casa,+54 9 11 2720-2959,,,,,,,,,,,,,,,,,,,,,,,,,,,,
Anabella Vecinta Gaitan,,,,,,,,,,,,,,,,* myContacts,,,Mobile,11 6629-1443,,,,,,,,,,,,,,,,,,,,,,,,,,,,
Anahi Cliente 2023,,Stratta,,,,,,,,,,,,,,* myContacts,,,Mobile,11 3195-1315,,,,,,,,,,,,,,,,,,,,,,,,,,,,
Analía Cliente 2022,Heras,Musri,,,,,,,,,,,,,,* myContacts,,,Mobile,+54 9 11 5693-2911,,,,,,,,,,,,,,,,,,,,,,,,,,,,
Analia Cliente 2024,,Seguridad,,,,,,,,,,,,,,* myContacts,,,Mobile,+5493462538061,,,,,,,,,,,,,,,,,,,,,,,,,,,,
Analia mamá de Agus,,Fasta,,,,,,,,,,,,,,* myContacts,,,Mobile,+5491162280235,,,,,,,,,,,,,,,,,,,,,,,,,,,,
Analia Mama De Bruno,,estevez,,,,,,,,,,,,,,* myContacts,,,Mobile,+5491151161531,,,,,,,,,,,,,,,,,,,,,,,,,,,,
Analia Maneiro,,,,,,,,,,,,,,,,* myContacts,,,Mobile,+34 675 81 93 08,,,,,,,,,,,,,,,,,,,,,,,,,,,,
Anamallea,,,,,,,,,,,,,,,,* myContacts,,,Home,11-625-856-29,Mobile,11-404-763-49,,,,,,,,,,,,,,,,,,,,,,,,,,
ANDAR,,Atencion Al Beneficiario,,,,,,,,,,,,,,Importado el 8/12/15 1 ::: * myContacts,,,Home,1-550-367-643,,,,,,,,,,,,,,,,,,,,,,,,,,,,
ANDAR ,,Confirmar Autorizaciones,,,,,,,,,,,,,,Importado el 8/12/15 1 ::: * myContacts,,,Home,080-034-526327,,,,,,,,,,,,,,,,,,,,,,,,,,,,
andi Suvercase,,,,,,,,,,,,,,,,* myContacts,,,Celular,+54 9 11 3524-4935,Casa,+54 9 11 3524-4935,,,,,,,,,,,,,,,,,,,,,,,,,,
Andrea (Ansses),,Sereno,,,,,,,,,,,,,,* myContacts,,,Móvil,+54 9 11 5463-9621,,,,,,,,,,,,,,,,,,,,,,,,,,,,
Andrea Cabañas Los Molles,,Maneiro,,,,,,,,,,,,,,* myContacts,,,Móvil,+54 9 11 5733-8728,,,,,,,,,,,,,,,,,,,,,,,,,,,,
Andrea De Coca,Cola,Supervisora,,,,,,,,,,,,,,* myContacts,,,Móvil,+54 9 11 3821-3924,,,,,,,,,,,,,,,,,,,,,,,,,,,,
Andrea Hernan Clientes,del,Negocio,,,,,,,,,,,,,,* myContacts,,,Mobile,+54 9 11 4405-9379,,,,,,,,,,,,,,,,,,,,,,,,,,,,
Andrea,,Ibañez,,,,,,,,,,,,,,* myContacts,,,Mobile,1156652339,Work,39705651,,,,,,,,,,,,,,,,,,,,,,,,,,
Andrea Mama De,Rocio,Alumna,,,,,,,,,,,,,,* myContacts,,,Mobile,+54 9 11 6524-1864,,,,,,,,,,,,,,,,,,,,,,,,,,,,
Andrea Para Limpieza Casa,,De Parte De Ferchu,,,,,,,,,,,,,,* myContacts,,,Móvil,+54 9 11 3330-2555,,,,,,,,,,,,,,,,,,,,,,,,,,,,
Andres (,PSicologo,Ezequiel,,,,,,,,,,,,,,* myContacts,,,Móvil,+54 9 11 4411-6535,,,,,,,,,,,,,,,,,,,,,,,,,,,,
Andres Chapa Y,Pintura,(Augusto),,,,,,,,,,,,,,* myContacts,,,Mobile,11 59781315,,,,,,,,,,,,,,,,,,,,,,,,,,,,
Andrés Cliente 2025,,Mecánico Dental,,,,,,,,,,,,,,* myContacts,,,Mobile,+5491132106183,,,,,,,,,,,,,,,,,,,,,,,,,,,,
Andres Cliente,Mecanico,Dental,,,,,,,,,,,,,,* myContacts,,,Mobile,11 6991-4951,,,,,,,,,,,,,,,,,,,,,,,,,,,,
Andrés Frigorífico Lombardi Mataderos,,,,,,,,,,"Andres Lombardi
CVU: 0000003100033214938900
Alias: frigo.dostauros
CUIT/CUIL: 20359729961
Mercado Pago",,,,,,* myContacts,,,Mobile,+5491164541191,,,,,,,,,,,,,,,,,,,,,,,,,,,,
Andres,,Lewin,,,,,,,,,,,,,,* myContacts,,,Mobile,1169656740,,,,,,,,,,,,,,,,,,,,,,,,,,,,
Andres RG MUSIC,,Galante,,,,,,,,,,,,,,* myContacts,,,Mobile,+54 9 11 5813-6739,,,,,,,,,,,,,,,,,,,,,,,,,,,,
Andres,,Sanchez,,,,,,,,,,,,,,* myContacts,,,Mobile,11 2734-4760,,,,,,,,,,,,,,,,,,,,,,,,,,,,
Andres YPF Maschwitz ,,Florentin,,,,,,,,,,,,,,* myContacts,,,Mobile,+54 9 11 6415-8359,,,,,,,,,,,,,,,,,,,,,,,,,,,,
Andy folies,,,,,,,,,,,,,,,,* myContacts,,,Mobile,1165108008,,,,,,,,,,,,,,,,,,,,,,,,,,,,
Ane Anahí Martin,,,,,,,,,,Ane Anahí Martin,,,,,,* myContacts,,,Mobile,+54 9 11 3217-9873,,,,,,,,,,,,,,,,,,,,,,,,,,,,
Angel,Albañil,(Puertos),,,,,,,,,,,,,,* myContacts,,,Celular,+54 9 11 3487-9169,,,,,,,,,,,,,,,,,,,,,,,,,,,,
Angel,Carniceria,(Horacio),,,,,,,,,,,,,,* myContacts,,,Mobile,11 2897-5130,,,,,,,,,,,,,,,,,,,,,,,,,,,,
Angel,Mecanico,Larsen,,,,,,,,,,,,,,* myContacts,,,Mobile,11 3557-3709,,,,,,,,,,,,,,,,,,,,,,,,,,,,
Angeles cayuna,,,,,,,,,,,,,,,,Importado el 9/12/15 ::: * myContacts,,,Mobile,32471832,,,,,,,,,,,,,,,,,,,,,,,,,,,,
Angustin Cliente 2024,,,,,,,,,,,,,,,,* myContacts,,,Mobile,+5491141683617,,,,,,,,,,,,,,,,,,,,,,,,,,,,
Angy,,Ianni,,,,,,,,,,,,,,* myContacts,,,Mobile,+5491131656216,,,,,,,,,,,,,,,,,,,,,,,,,,,,
Anita Limpieza Depto 2025,,,,,,,,,,,,,,,,* myContacts,,,Mobile,+54 9 11 3216-1794,,,,,,,,,,,,,,,,,,,,,,,,,,,,
Annie Cliente 2022,,,,,,,,,,,,,,,,* myContacts,,,Mobile,+54 9 11 3565-0527,,,,,,,,,,,,,,,,,,,,,,,,,,,,
Anto Amigs De Oli,,,,,,,,,,,,,,,,* myContacts,,,Mobile,+5491122556914,,,,,,,,,,,,,,,,,,,,,,,,,,,,
Anto Iceland,,,,,,,,,,,,,,,,* myContacts,,,Mobile,1122556104,,,,,,,,,,,,,,,,,,,,,,,,,,,,
Antonhy,,Venezuela,,,,,,,,,,,,,,* myContacts,,,Celular,+54 9 11 6879-8058,Mobile,+58 424-2925542,,,,,,,,,,,,,,,,,,,,,,,,,,
Antonio Campi ,Albañil (Marce Pausa),Fabi,,,,,,,,Albanileria,,,,,,* myContacts,,,Celular,+54 9 348 459-7613,,,,,,,,,,,,,,,,,,,,,,,,,,,,
Antonio Cliente 2024,,Palladino,,,,,,,,,,,,,,* myContacts,,,Mobile,+5491136606463,,,,,,,,,,,,,,,,,,,,,,,,,,,,
Antony,Venezuela,Esp,,,,,,,,,,,,,,* myContacts,,,Trabajo,+34 611 31 65 05,,,,,,,,,,,,,,,,,,,,,,,,,,,,
Any Sarquis Cliente 2025,,,,,,,,,,,,,,,,* myContacts,,,Mobile,+5491141496569,,,,,,,,,,,,,,,,,,,,,,,,,,,,
Araceli Novia de Fer,,,,,,,,,,,,,,,,* myContacts,,,Móvil,+54 9 11 3487-8187,,,,,,,,,,,,,,,,,,,,,,,,,,,,
Area Limpia,,Limpieza En General,,,,,,,,Area Limpia,,,,,,* myContacts,,,Mobile,+5491158443675,,,,,,,,,,,,,,,,,,,,,,,,,,,,
Ariana Cliente 2024,,,,,,,,,,,,,,,,* myContacts,,,Mobile,+54 11 4935-9456,,,,,,,,,,,,,,,,,,,,,,,,,,,,
Arieil Ford Fiesta,,Corizzo,,,,,,,,,,,,,,* myContacts,,,Mobile,+54 9 11 3876-8402,,,,,,,,,,,,,,,,,,,,,,,,,,,,
Ariel Bianchi Cliente,Prod,Limpieza,,,,,,,,,,,,,,* myContacts,,,Mobile,11 5473-2444,,,,,,,,,,,,,,,,,,,,,,,,,,,Other,www.chemicalgmd.com.ar
Ariel Cliente 2024,,Bonono,,,,,,,,,,,,,,* myContacts,,,Mobile,+5491158397062,,,,,,,,,,,,,,,,,,,,,,,,,,,,
Ariel Cliente 2024,,R,,,,,,,,,,,,,,* myContacts,,,Mobile,+5491137035069,,,,,,,,,,,,,,,,,,,,,,,,,,,,
Ariel,Cliente,Maschwitz,,,,,,,,,,,,,,* myContacts,,,Mobile,01170280831,,,,,,,,,,,,,,,,,,,,,,,,,,,,
Ariel,Electricista,(Edusrdo),,,,,,,,,,,,,,* myContacts,,,Móvil,+54 9 11 2681-6927,,,,,,,,,,,,,,,,,,,,,,,,,,,,
Armen,,,,,,,,,,,,,,,,* myContacts,,,Mobile,011-666-19264,,,,,,,,,,,,,,,,,,,,,,,,,,,,
Armen casa,,,,,,,,,,,,,,,,Importado el 9/12/15 ::: * myContacts,,,Mobile,43742924,,,,,,,,,,,,,,,,,,,,,,,,,,,,
Armen Yoga,(Andrea,Ibañez),,,,,,,,,,,,,,* myContacts,,,0,+54 9 11 5456-6087,,,,,,,,,,,,,,,,,,,,,,,,,,,,
Aron,,Maschwitz,,,,,,,,,,,,,,* myContacts,,,Mobile,+54 9 11 5178-0866,,,,,,,,,,,,,,,,,,,,,,,,,,,,
Arq,Claudia,Benhaim,,,,,,,,,,,,,,* myContacts,,,Celular,+54 9 11 2798-7955,,,,,,,,,,,,,,,,,,,,,,,,,,,,
Arreglos De Ropa Mercería ,,,,,,,,,,,,,,,,* myContacts,,,Mobile,11 6590-9978,,,,,Home,Piran 6393,,Piran,,,6393,,,,,,,,,,,,,,,,,
asceneth,,,,,,,,,,,,,,,,* myContacts,,,Mobile,+57 300 2164845,,,,,,,,,,,,,,,,,,,,,,,,,,,,
Asesoria,Tutelar,N*5,,,,,,,,, Poder Judicial Ursula Ramos,,,,,* myContacts,,,Mobile,11 5297-8050,,,,,,,,,,,,,,,,,,,,,,,,,,,,
Asistencia,Seguro,Swiss,,,,,,,,,,,,,,* myContacts,,,Mobile,0810-333-3764,,,,,,,,,,,,,,,,,,,,,,,,,,,,
Asociación Medica Homeopatica,,Juncal 2884,,,,,,,,,,,,,,* myContacts,,,Mobile,11 2864-1530,,,,,,,,,,,,,,,,,,,,,,,,,,,,
asunti,,,,,,,,,,,,,,,,Importado el 9/12/15 ::: * myContacts,,,Mobile,02293583310,,,,,,,,,,,,,,,,,,,,,,,,,,,,
At. Clientes,,,,,,,,,,,,,,,,* myContacts,,,Mobile,*111,,,,,,,,,,,,,,,,,,,,,,,,,,,,
Atanasia Mercado Pancochi,,,,,,,,,,,,,,,,* myContacts,,,Mobile,1136677345,,,,,,,,,,,,,,,,,,,,,,,,,,,,
Atención Médica Eurolife,,Recetas Y Órdenes ,,,,,,,,,,,,,,* myContacts,,,Mobile,11 2452-8363,,,,,,,,,,,,,,,,,,,,,,,,,,,,
Aurora,,Cliente,,,,,,,,,,,,,,* myContacts,,,Mobile,+54 9 11 5845-2326,,,,,,,,,,,,,,,,,,,,,,,,,,,,
AUTOMOTORES CBA-BSAS,,Alejandro,,,,,,,,AUTOMOTORES CBA-BSAS,,,,,,* myContacts,,,Mobile,+5491133620118,,,,,,,,,,,,,,,,,,,,,,,,,,,,
Autorizaciones Andar,,,,,,,,,,,,,,,,Importado el 8/12/15 1 ::: * myContacts,,,Home,1-544-181-741,,,,,,,,,,,,,,,,,,,,,,,,,,,,
Autos San Pedro Gol Country,,$690 2007,,,,,,,,,,,,,,* myContacts,,,Mobile,1126590758,,,,,,,,,,,,,,,,,,,,,,,,,,,,
Avp,,Puertos,,,,,,,,,,,,,,* myContacts,,,Celular,9426-9000,,,,,,,,,,,,,,,,,,,,,,,,,,,,
Avv.,Eduardo,DROMI,,,,,,,,,,,,,,* myContacts,* ,PROCURA@dromi.it,,,,,,,,,,,,,,,,,,,,,,,,,,,,,,
Axel Peluquero,,,,,,,,,,,,,,,,Importado el 8/12/15 1 ::: * myContacts,,,Home,11-218-200-95,,,,,,,,,,,,,,,,,,,,,,,,,,,,
Axel Sosa Cliente 2025,,,,,,,,,,,,,,,,* myContacts,,,Mobile,+5491134480388,,,,,,,,,,,,,,,,,,,,,,,,,,,,
Aylen,Empleada,2021,,,,,,,,,,,,,,* myContacts,,,Mobile,+54 9 11 2601-4171,,,,,,,,,,,,,,,,,,,,,,,,,,,,
Ayran,,2021,,,,,,,,,,,,,,* myContacts,,,Mobile,11 4477-2193,,,,,,,,,,,,,,,,,,,,,,,,,,,,
Aysa,,,,,,,,,,,,,,,,* myContacts,,,Mobile,1159845794,,,,,,,,,,,,,,,,,,,,,,,,,,,,
Banco,Frances,Reclamos,,,,,,,,,,,,,,* myContacts,,,Mobile,11 4379 3400,,,,,,,,,,,,,,,,,,,,,,,,,,,,
Barby,,Catering,,,,,,,,Barby,,,,,,* myContacts,,,Mobile,+54 9 11 2327-0393,,,,,,,,,,,,,,,,,,,,,,,,,,,,
Barrancas,De,Atantis,,,,,,,,,,,,,,* myContacts,,,Mobile,011 6190-6348,,,,,,,,,,,,,,,,,,,,,,,,,,,,
Bautista,Cliente,2021×,,,,,,,,,,,,,,* myContacts,,,Mobile,+54 9 11 2710-4231,,,,,,,,,,,,,,,,,,,,,,,,,,,,
Bautista Cliente 2024,,,,,,,,,,,,,,,,* myContacts,,,Mobile,+5491158087002,,,,,,,,,,,,,,,,,,,,,,,,,,,,
Beatriz,El,Ensueño,,,,,,,,,,,,,,* myContacts,,,Mobile,0059898303302,,,,,,,,,,,,,,,,,,,,,,,,,,,,
Becky Rebeca Empleada 2023,,,,,,,,,,,,,,,,* myContacts,,,Mobile,+5491139307688,,,,,,,,,,,,,,,,,,,,,,,,,,,,
Belen,Cliente,2021,,,,,,,,,,,,,,* myContacts,,,Mobile,+54 11 4989-7160,,,,,,,,,,,,,,,,,,,,,,,,,,,,
Belen Cliente 20222,,,,,,,,,,,,,,,,* myContacts,,,Mobile,+54 9 11 2189-4508,,,,,,,,,,,,,,,,,,,,,,,,,,,,
Belen cordoba,,,,,,,,,,,,,,,,Importado el 9/12/15 ::: Importado el 8/12/15 1 ::: Importado el 8/12/15 ::: * myContacts,,,Mobile,11-402-492-66,,,,,,,,,,,,,,,,,,,,,,,,,,,,
Belen lazarte,,,,,,,,,,,,,,,,Importado el 9/12/15 ::: Importado el 8/12/15 1 ::: Importado el 8/12/15 ::: * myContacts,,,Móvil,+54 9 11 6018-2084,,,,,,,,,,,,,,,,,,,,,,,,,,,,
Belen Paseo De Compras,,Escobar,,,,,,,,,,,,,,* myContacts,,,Mobile,+5491159028865,,,,,,,,,,,,,,,,,,,,,,,,,,,,
Belgrano Med Integral,,,,,,,,,,,,,,,,* myContacts,,,Mobile,+5491130708936,,,,,,,,,,,,,,,,,,,,,,,,,,,,
Betina,Cliente,2021×,,,,,,,,,,,,,,* myContacts,,,Móvil,+54 9 11 5858-4051,,,,,,,,,,,,,,,,,,,,,,,,,,,,
Blanca,,(Martin),,,,,,,,,,,,,,* myContacts,,,Mobile,1169676265,,,,,,,,,,,,,,,,,,,,,,,,,,,,
brenda,,labonia,,,,,,,,,,,,,https://lh3.googleusercontent.com/contacts/AG6tpzF0qZRCA2HT6s4U6X4vFxgCXTKZDU_apCEXJN--cu2xqtPFFsxL,Importado el 8/12/15 1 ::: * myContacts,* Other,brenchus89@hotmail.com,,,,,,,,,,,,,,,,,,,,,,,,,,,,,Other,http://www.google.com/profiles/108193508145654755538
Brian,,Brandan,,,,,,,,,,,,,,* myContacts,,,Home,11-627-216-96,,,,,,,,,,,,,,,,,,,,,,,,,,,,
Brian Cliente 2023,,,,,,,,,,,,,,,,* myContacts,,,Mobile,+54 9 11 6282-7324,,,,,,,,,,,,,,,,,,,,,,,,,,,,
Brian Cliente 2023,,,,,,,,,,,,,,,,* myContacts,,,Mobile,+54 9 11 3045-5327,,,,,,,,,,,,,,,,,,,,,,,,,,,,
Brian Cliente 2024,,,,,,,,,,,,,,,,* myContacts,,,Mobile,+5491165123838 ::: +5491131682614,,,,,,,,,,,,,,,,,,,,,,,,,,,,
Brubank,,,,,,,,,,,,,,,,* myContacts,,,Mobile,+16283000143,,,,,,,,,,,,,,,,,,,,,,,,,,,,
Bruno,Cliente,2020,,,,,,,,,,,,,,* myContacts,,,Mobile,+54 9 11 3688-1775,,,,,,,,,,,,,,,,,,,,,,,,,,,,
Bruno Helados,De,Caca/dinocaca,,,,,,,,,,,,,,* myContacts,,,Móvil,+54 9 11 3670-1811,,,,,,,,,,,,,,,,,,,,,,,,,,,,
Buenos,Aires,Ciudad,,,,,,,,Buenos Aires Ciudad,,,,,,* myContacts,,,Mobile,+54 9 11 5050-0147,,,,,,,,,,,,,,,,,,,,,,,,,,,,
Cabañas De Mar,Nueva,Atlantis,,,,,,,,,,,,,,* myContacts,,,Mobile,221 524-7651,,,,,,,,,,,,,,,,,,,,,,,,,,,,
Cabildo Casa De Cambio,,Dólar Euro Cambio Baires,,,,,,,,,,,,,,* myContacts,,,Celular,+54 9 11 3396-3657,,,,,,,,,,,,,,,,,,,,,,,,,,,,
Cacho Bosch,,Repuestos De Autos,,,,,,,,Cacho Bosch,,,,,,* myContacts,,,Mobile,+5491173693067,,,,,,,,,,,,,,,,,,,,,,,,,,,,
Camaras Segurodad,,M3k,,,,,,,,,,,,,,Importado el 9/12/15 ::: Importado el 8/12/15 1 ::: Importado el 8/12/15 ::: * myContacts,,,Home,437-374-00,,,,,,,,,,,,,,,,,,,,,,,,,,,,
Cami Inteligencia Artificial,,,,,,,,,,,,,,,,* myContacts,,,Mobile,+19176942789,,,,,,,,,,,,,,,,,,,,,,,,,,,,
Camí  Para Trabajar 12/24,De Parte De Ezequiel,,,,,,,,,,,,,,,* myContacts,,,Móvil,+54 9 11 7130-6875,,,,,,,,,,,,,,,,,,,,,,,,,,,,
Camila Ciudadanía Italiana ,,,,,,,,,,Camila,,,,,,* myContacts,,,Mobile,+54 9 11 5466-0692,,,,,Home,Tucuman 1621 Piso 7 Depto N,"1621 Tucuman
Piso 7 Depto N",,,,,,,,,,,,,,,,,,,,,
Camila,Cliente,2020,,,,,,,,,,,,,,* myContacts,,,Mobile,+54 9 11 5974-5004,,,,,,,,,,,,,,,,,,,,,,,,,,,,
Camila,Cliente,2021×,,,,,,,,,,,,,,* myContacts,,,Mobile,+54 9 11 5103-7756,,,,,Home,Lambare 778,778,Lambare,,,,,,,,,,,,,,,,,,,,
Camila,Empleada,2020,,,,,,,,,,,,,,* myContacts,,,Mobile,+54 9 11 6188-5131,,,,,,,,,,,,,,,,,,,,,,,,,,,,
Camila Empleada 2023,,Maldonado,,,,,,,,,,,,,,* myContacts,,,Mobile,+54 9 11 3217-3182,,,,,,,,,,,,,,,,,,,,,,,,,,,,
Camila Para Llamar Empleada,,Aguilar,,,,,,,,,,,,,,* myContacts,,,Mobile,348 433-2234,,,,,,,,,,,,,,,,,,,,,,,,,,,,
CANDE,,,,,,,,,,,,,,,,* myContacts,,,,,,,,,,,,,,,,,,,,,,,,,,,,,,,,
Cande La Robloxiana Amiga De Dante,,,,,,,,,,,,,,,,* myContacts,,,Mobile,+5491125888442,,,,,,,,,,,,,,,,,,,,,,,,,,,,
CANDE,Mi Amiga,Amiga De Dante,,,,,,,,,,,,,,* myContacts,,,,,,,,,,,,,,,,,,,,,,,,,,,,,,,,
CANDE,Mi,Bebe,,,,,,,,,,,,,,* myContacts,,,,,,,,,,,,,,,,,,,,,,,,,,,,,,,,
Candela Empleada 2033,,18 Años,,,,,,,,,,,,,,* myContacts,,,Mobile,+54 9 11 3033-1022,,,,,,,,,,,,,,,,,,,,,,,,,,,,
Candela Machado Cliente 2025,,,,,,,,,,,,,,,,* myContacts,,,Mobile,+5491138432834,,,,,,,,,,,,,,,,,,,,,,,,,,,,
Candelaria,,Cliente,,,,,,,,,,,,,,* myContacts,,,Mobile,+54 11 3121-2507,,,,,,,,,,,,,,,,,,,,,,,,,,,,
Carla (Lucas ) Limpieza Casa,,,,,,,,,,,,,,,,* myContacts,,,Mobile,+5491157567046,,,,,,,,,,,,,,,,,,,,,,,,,,,,
Carla Ankas,Del,Sur Garbanzos ,,,,,,,,,,,,,,* myContacts,,,Móvil,+54 9 11 2761-4631,,,,,,,,,,,,,,,,,,,,,,,,,,,,
Carla,Cliente,2021,,,,,,,,,,,,,,* myContacts,,,Mobile,+54 9 11 3377-2222,,,,,,,,,,,,,,,,,,,,,,,,,,,,
Carlitos El Luchador,,Carnicero,,,,,,,,,,,,,,* myContacts,,,Mobile,+541134436608,,,,,,,,,,,,,,,,,,,,,,,,,,,,
Carlitos Punto De Encuentro ,,,,,,,,,,,,,,,,* myContacts,,,Mobile,+54 9 11 6187-8459,,,,,,,,,,,,,,,,,,,,,,,,,,,,
Carlos,Ariel,Albañil1,,,,,,,,,,,,,,* myContacts,,,Móvil,+54 9 11 6513-4414,,,,,,,,,,,,,,,,,,,,,,,,,,,,
Carlos Barrios Cliente 2023,,,,,,,,,,,,,,,,* myContacts,,,Mobile,+5491157594792,,,,,,,,,,,,,,,,,,,,,,,,,,,,
Carlos,,Briozzo ,,,,,,,,,,,,,,* myContacts,,,Mobile,+54 9 376 530-5767,Móvil,+54 9 376 424-9260 ::: +54 9 376 530-5767,,,,,,,,,,,,,,,,,,,,,,,,,,
Carlos,Cliente,Armenio,,,,,,,,,,,,,,* myContacts,,,Mobile,+54 11 5843-1354,,,,,,,,,,,,,,,,,,,,,,,,,,,,
Carlos Electricista,De,Facundo,,,,,,,,,,,,,,* myContacts,,,Mobile,1138327853,,,,,,,,,,,,,,,,,,,,,,,,,,,,
Carlos Frigorífico,,Ganadera Las Heras,,,,,,,,,,,,,,* myContacts,,,Mobile,1126445970,Work,45736041-8081,,,Home,Calle 24 Buenos Aires Villa Lynch,Calle 24,Villa Lynch,,Buenos Aires,,,,,,,,,,,,,,,,,Other,www.ganaderalasheras.com.ar
Carlos Gaitán Casa ,,,,,,,,,,,,,,,,* myContacts,,,Mobile,+543484441560,,,,,,,,,,,,,,,,,,,,,,,,,,,,
Carlos Gaitan,Ing,Maschwizt,,,,,,,,,,,,,,* myContacts,,,Mobile,1165789126,,,,,,,,,,,,,,,,,,,,,,,,,,,,
Carlos Paniagua,Cliente,2021,,,,,,,,,,,,,,* myContacts,,,Mobile,+54 9 11 6940-4936,,,,,Home,Fincas De Maschwitz,Fincas De Maschwitz,,,,,,,,,,,,,,,,,,,,,
Carmen,,Roma,,,,,,,,,,,,,,* myContacts,,,Mobile,1155730318,,,,,,,,,,,,,,,,,,,,,,,,,,,,
Carniceria 2024 Mariano,,,,,,,,,,,,,,,,* myContacts,,,Mobile,+5491127145489,,,,,,,,,,,,,,,,,,,,,,,,,,,,
Carniceria La Moderna,,,,,,,,,,,,,,,,* myContacts,,,Mobile,11 2639-7477,,,,,,,,,,,,,,,,,,,,,,,,,,,,
Carnicería Las Juanas,,Dueño Federico - Esteban,,,,,,,,,,,,,,* myContacts,,,Mobile,11 2263-6850,,,,,,,,,,,,,,,,,,,,,,,,,,,,
Carolina,Clienta,Maschwitz,,,,,,,,,,,,,,* myContacts,,,Mobile,+54 11 4557-4449,,,,,,,,,,,,,,,,,,,,,,,,,,,,
Carolina Clienta. B,Santa,Isabel,,,,,,,,,,,,,,* myContacts,,,Mobile,+54 9 11 6734-6417,,,,,,,,,,,,,,,,,,,,,,,,,,,,
Carolina,,Cliente,,,,,,,,,,,,,,* myContacts,,,Mobile,+54 9 11 6434-6733,,,,,,,,,,,,,,,,,,,,,,,,,,,,
Carolina,Cliente,2021×,,,,,,,,,,,,,,* myContacts,,,Mobile,+54 9 11 5817-8824,,,,,,,,,,,,,,,,,,,,,,,,,,,,
Carolina,Cliente,2021×,,,,,,,,,,,,,,* myContacts,,,Mobile,+54 9 11 4400-6563,,,,,,,,,,,,,,,,,,,,,,,,,,,,
Carolina Cliente 2022,,,,,,,,,,,,,,,,* myContacts,,,Mobile,+541153776401,,,,,,,,,,,,,,,,,,,,,,,,,,,,
Carolina Cliente 2023,,Peterlini,,,,,,,,,,,,,,* myContacts,,,Mobile,+54 9 11 6549-3575,,,,,,,,,,,,,,,,,,,,,,,,,,,,
Carolina Cliente 2023,,Scotti,,,,,,,,,,,,,,* myContacts,,,Mobile,+54 9 11 4093-0195,,,,,,,,,,,,,,,,,,,,,,,,,,,,
Carolina Cliente 2023,,Winograd,,,,,,,,,,,,,,* myContacts,,,Mobile,+5491130151178,,,,,,,,,,,,,,,,,,,,,,,,,,,,
Carolina Cliente 2024,,Garin,,,,,,,,,,,,,,* myContacts,,,Mobile,11 5044-4863,,,,,,,,,,,,,,,,,,,,,,,,,,,,
Carolina Clio 2000 ,,,,,,,,,,,,,,,,* myContacts,,,Mobile,+543484306093,,,,,,,,,,,,,,,,,,,,,,,,,,,,
Carolina Demarco Cliente 2024,,,,,,,,,,,,,,,,* myContacts,,,Mobile,+5491154964917,,,,,,,,,,,,,,,,,,,,,,,,,,,,
Carolina,,Grasseli,,,,,,,,,,,,,,* myContacts,,,Home,+543416013201,,,,,,,,,,,,,,,,,,,,,,,,,,,,
cata marchegiani,,Jefa De Clari En El Ruca,,,,,,,,,,,,,,* myContacts,,,Mobile,+5491133614656,,,,,,,,,,,,,,,,,,,,,,,,,,,,
Catalina,Clienta,Maschwitz,,,,,,,,,,,,,,* myContacts,,,Mobile,+54 9 11 5793-3004,,,,,,,,,,,,,,,,,,,,,,,,,,,,
Catarina Cliente 2022,,Spinetta,,,,,,,,,,,,,,* myContacts,,,Mobile,+54 9 11 5157-4188,,,,,,,,,,,,,,,,,,,,,,,,,,,,
Caterina Costantino,Cliente,2021×,,,,,,,,,,,,,,* myContacts,,,Mobile,+54 9 11 6436-7091,,,,,,,,,,,,,,,,,,,,,,,,,,,,
Ceci enana,,,,,,,,,,,,,,,,Importado el 9/12/15 ::: Importado el 8/12/15 1 ::: Importado el 8/12/15 ::: * myContacts,,,Mobile,011-531-71665,,,,,,,,,,,,,,,,,,,,,,,,,,,,
Ceci Landau Cliente 2023,,,,,,,,,,,,,,,,* myContacts,,,Mobile,+5491124519304,,,,,,,,,,,,,,,,,,,,,,,,,,,,
Ceci,Vecina,Mama1,,,,,,,,,,,,,,* myContacts,,,Mobile,+54 9 11 2364-3637,,,,,,,,,,,,,,,,,,,,,,,,,,,,
Cecilia,Cliente,2021×,,,,,,,,,,,,,,* myContacts,,,Mobile,+54 11 3346-0202,,,,,,,,,,,,,,,,,,,,,,,,,,,,
Cecilia Cliente 2024,,Cony,,,,,,,,,,,,,,* myContacts,,,Mobile,+5491160480830,,,,,,,,,,,,,,,,,,,,,,,,,,,,
Cecilia Milillo Raichuni,,,,,,,,,,,,,,,,* myContacts,,,Mobile,+5491140630816,,,,,,,,,,,,,,,,,,,,,,,,,,,,
Cegavilo - Centro gastroenterológico Vicente López,Vicente,López,,,,,,,,,,,,,,* myContacts,,,Mobile,+541147971210,Work,+54 11 6278-7517,,,,,,,,,,,,,,,,,,,,,,,,,,
Celeste,,,,,,,,,,,,,,,,Importado el 9/12/15 ::: * myContacts,,,Mobile,01150959748,,,,,,,,,,,,,,,,,,,,,,,,,,,,
Celeste Posible Empleada ,,Torres🫶🏻 2023,,,,,,,,,,,,,,* myContacts,,,Móvil,+54 9 11 3160-2925,,,,,,,,,,,,,,,,,,,,,,,,,,,,
Celina,Clienta,Maschwitz,,,,,,,,,,,,,,* myContacts,,,Mobile,+54 9 11 4969-6900,,,,,,,,,,,,,,,,,,,,,,,,,,,,
CentralTurnos/Auditoriaeurolife,,Eurolife ,,,,,,,,,,,,,,* myContacts,,,Casa,+54 9 11 2458-3354,,,,,,,,,,,,,,,,,,,,,,,,,,,,
Centralturnos/Auditoriamedica,,Eurolife,,,,,,,,,,,,,,* myContacts,,,Celular,+54 9 11 2458-3354,,,,,,,,,,,,,,,,,,,,,,,,,,,,
Centro De Atención,Al,Vecino,,,,,,,,,,,,,,* myContacts,,,Work,+54 9 11 3755-4703,Mobile,11 6813-1202 ::: 11 3755-4703,,,,,,,,,,,,,,,,,,,,,,,,,,
Centro Helguera ,,,,,,,,,,,,,,,,* myContacts,,,Mobile,11 2515-7236,,,,,,,,,,,,,,,,,,,,,,,,,,,,
Centro Médico AMIBA ,,,,,,,,,,,,,,,,* myContacts,,,Mobile,11 5176-8209,Work,11 5263-2626,,,Home,"Juramento 1579 1er Piso
Lun A Vier 8 A 20","1er Piso
Lun A Vier 8 A 20 1579 Juramento",,,,,,,,,,,,,,,,,,,,,
Centro Médico Caballito,,,,,,,,,,Centro Médico Caballito,,,,,,* myContacts,,,Mobile,+54 9 11 2452-8363 ::: +54 9 11 2569-2487,,,,,,,,,,,,,,,,,,,,,,,,,,,,
centro,oftalmologico,metropolitano,,,,,,,,,,,,,,* myContacts,,,Mobile,11 2372-6754,Work,4503-5572,Home,4503-7046,,,,,,,,,,,,,,,,,,,,,,,,
Ceronte Box (Personalizá tu packaging),,"Cnel. Ramón L. Falcón 3577, B1702 Ciudadela, Provincia de Buenos Aires, Argentina",,,,,,,,,,,,,,* myContacts,,,Mobile,+5491166762051,,,,,,,,,,,,,,,,,,,,,,,,,,,,
Cerramientos Gi,San,Miguel,,,,,,,,,,,,,,* myContacts,,,Mobile,11 6931-1789,,,,,,,,,,,,,,,,,,,,,,,,,,,,
Cesar Cliente,Gerente,Carrefour,,,,,,,,,,,,,,* myContacts,,,Mobile,011 6442-8826,,,,,,,,,,,,,,,,,,,,,,,,,,,,
Charly (Clorito),,,,,,,,,,,,,,,,* myContacts,,,Mobile,+5491162113074,,,,,,,,,,,,,,,,,,,,,,,,,,,,
Charly Brancato Augusto,Brancato,Augusto,,,,,,,,,,,,,,* myContacts,,,Mobile,+5491161806901,,,,,Home,https://maps.app.goo.gl/euaDXimYdDNdkTSTA?g_st=iw,https://maps.app_st=iw,,,goo.gl,euaDXimYdDNdkTSTA?g,,,,,,,,,,,,,,,,,
Charly Técnico Telecom Personal,,,,,,,,,,,,,,,,* myContacts,,,Mobile,+541125548710,,,,,,,,,,,,,,,,,,,,,,,,,,,,
Chat Gpt,,,,,,,,,,,,,,,,* myContacts,,,Mobile,+18002428478,,,,,,,,,,,,,,,,,,,,,,,,,,,,
Chau Piojos,,Cabrera 5660,,,,,,,,,,,,,,* myContacts,,,Mobile,+5491159627025,,,,,,,,,,,,,,,,,,,,,,,,,,,,
Chelo,,Cliente,,,,,,,,,,,,,,* myContacts,,,Mobile,+54 9 11 6893-8354,,,,,,,,,,,,,,,,,,,,,,,,,,,,
Christopher,Cliente,2020,,,,,,,,,,,,,,* myContacts,,,Mobile,+49 1511 8954937,,,,,,,,,,,,,,,,,,,,,,,,,,,,
Churi,,Pintor,,,,,,,,,,,,,,* myContacts,,,Personalizar,+54 9 11 3815-3819,Celular,+54 9 11 3792-5354,,,,,,,,,,,,,,,,,,,,,,,,,,
Cielo,,Cliente,,,,,,,,,,,,,,* myContacts,,,Mobile,+54 9 348 437-8415,,,,,,,,,,,,,,,,,,,,,,,,,,,,
Cinthia 𝑐ℎ𝑢𝑘𝑖𝑒- 𝑙𝑎 𝑒𝑛𝑎𝑛𝑎,,Almiron,,,,,,,,Cyn,,,,,,* myContacts,,,Mobile,+5493757515607,,,,,,,,,,,,,,,,,,,,,,,,,,,,
cinti/santi,,,,,,,,,,,,,,,,Importado el 9/12/15 ::: * myContacts,,,Mobile,01136243026,,,,,,,,,,,,,,,,,,,,,,,,,,,,
Cintia Cliente 2021×,Araucaria,311,,,,,,,,,,,,,,* myContacts,,,Mobile,+54 9 11 3315-8678,,,,,,,,,,,,,,,,,,,,,,,,,,,,
Ciro Compañero De Dante,,,,,,,,,,,,,,,,* myContacts,,,Mobile,+5491171695493,,,,,,,,,,,,,,,,,,,,,,,,,,,,
Clara,,Empleada,,,,,,,,,,,,,,* myContacts,,,Mobile,+54 9 348 420-5840,,,,,,,,,,,,,,,,,,,,,,,,,,,,
Clara Makro,,,,,,,,,,,,,,,,* myContacts,,,Mobile,+5491154861767,,,,,,,,,,,,,,,,,,,,,,,,,,,,
Clau Cocina,Veggie,Corner (Ayudante De Cocina),,,,,,,,,,,,,,* myContacts,,,Móvil,+54 9 11 5369-3751,,,,,,,,,,,,,,,,,,,,,,,,,,,,
Claudia,,Administración,,,,,,,,,,,,,,* myContacts,,,Mobile,+54 9 11 7024-3965,Work,1147768765,,,,,,,,,,,,,,,,,,,,,,,,,,
Claudia,,Grisolia,,,,,,,,,,,,,,* myContacts,,,Home,+541144749192,,,,,,,,,,,,,,,,,,,,,,,,,,,,
CLAUDIA,,MANGINI Colegio Fasta,,,,,,,,,,,,,,* myContacts,,,Mobile,+5491144088661,,,,,,,,,,,,,,,,,,,,,,,,,,,,
Claudia shaqui,,,,,,,,,,,,,,,,Importado el 9/12/15 ::: Importado el 8/12/15 1 ::: Importado el 8/12/15 ::: * myContacts,,,Mobile,11-444-747-76,,,,,,,,,,,,,,,,,,,,,,,,,,,,
Claudia,,YPF,,,,,,,,,,,,,,* myContacts,,,Mobile,11 5476-6703,,,,,,,,,,,,,,,,,,,,,,,,,,,,
Claudio Ciudadanía Italiana En Italia ,,Italo Tribu,,,,,,,,,,,,,,* myContacts,,,Mobile,+39 351 941 7071,,,,,,,,,,,,,,,,,,,,,,,,,,,,
Claudio Cliente 2023,,,,,,,,,,,,,,,,* myContacts,,,Mobile,+54 9 11 4927-2114,,,,,,,,,,,,,,,,,,,,,,,,,,,,
Claudio Cliente 2026,,,,,,,,,,,,,,,,* myContacts,,,Mobile,+5491164961260,,,,,,,,,,,,,,,,,,,,,,,,,,,,
Claudio Distribuidores coca,Capital,(Hector),,,,,,,,,,,,,,* myContacts,,,Mobile,1168514753,,,,,,,,,,,,,,,,,,,,,,,,,,,,
Claudio,,Maddoni,,,,,,,,,,,,,,* myContacts,,,Mobile,1149386045,,,,,,,,,,,,,,,,,,,,,,,,,,,,
Claudio Papá De Valentino,,,,,,,,,,,,,,,,* myContacts,,,Mobile,11 5450-4110,,,,,,,,,,,,,,,,,,,,,,,,,,,,
Claudiogasista,,,,,,,,,,,,,,,,* myContacts,,,Mobile,1151364976,,,,,,,,,,,,,,,,,,,,,,,,,,,,
Cleopatra,,Especies,,,,,,,,,,,,,,* myContacts,,,Home,11-453-015-17,,,,,,,,,,,,,,,,,,,,,,,,,,,,
Cliente,,00,,,,,,,,,,,,,,* myContacts,,,Mobile,+54 348 467-2832,,,,,,,,,,,,,,,,,,,,,,,,,,,,
Cliente01,,,,,,,,,,,,,,,,* myContacts,,,Mobile,+54 11 6940-0265,,,,,,,,,,,,,,,,,,,,,,,,,,,,
Club Argentinos Juniors,,,,,,,,,,,,,,,,* myContacts,,,Mobile,+54 11-3763-0888 ::: +5411-3763-0888,,,,,,,,,,,,,,,,,,,,,,,,,,,,
Club,,Arquitectura,,,,,,,,,,,,,,* myContacts,,,Mobile,11 7109-0797,Home,11 4523-7306,,,,,,,,,,,,,,,,,,,,,,,,,,
Club Personal,,,,,,,,,,,,,,,,* myContacts,,,Mobile,*2582,,,,,,,,,,,,,,,,,,,,,,,,,,,,
Colchones Fabrica,,,,,,,,,,,,,,,,* myContacts,,,Mobile,11 2177-8490,,,,,,,,,,,,,,,,,,,,,,,,,,,,
Comercio Maschwitz ,,,,,,,,,,Comercio,,,,,,* myContacts,,,Mobile,+54 9 11 7628-9791,,,,,,,,,,,,,,,,,,,,,,,,,,,,
Coni,,Bar (Puertos) Lucas,,,,,,,,,,,,,,* myContacts,,,Móvil,+54 9 11 5386-8488,,,,,,,,,,,,,,,,,,,,,,,,,,,,
consorcio José María ,,,,,,,,,,,,,,,,* myContacts,,,Mobile,56275879,,,,,,,,,,,,,,,,,,,,,,,,,,,,
Constanza Cliente 2022 ( Demian),,,,,,,,,,,,,,,,* myContacts,,,Mobile,+54 9 11 5957-6756,,,,,,,,,,,,,,,,,,,,,,,,,,,,
Constanza Cliente 2024,,,,,,,,,,,,,,,,* myContacts,,,Mobile,+5491128696686,,,,,,,,,,,,,,,,,,,,,,,,,,,,
Constanza,Sin,Tacc,,,,,,,,,,,,,,* myContacts,,,Celular,+54 9 11 6608-5122,,,,,,,,,,,,,,,,,,,,,,,,,,,,
Consulmed,,,,,,,,,,Consulmed,,,,,,* myContacts,,,Mobile,+54 9 11 2177-0724,,,,,,,,,,,,,,,,,,,,,,,,,,,,
Consultas Ondetti Jurídico,,Mayra,,,,,,,,Consultas Ondetti Jurídico,,,,,,* myContacts,,,Mobile,+5491130797373,,,,,,,,,,,,,,,,,,,,,,,,,,,,
cony emma Cliente 2025,,,,,,,,,,,,,,,,* myContacts,,,Mobile,+5493484540085,,,,,,,,,,,,,,,,,,,,,,,,,,,,
Costurera,,Mara,,,,,,,,,,,,,,* myContacts,,,Celular,+54 9 11 3514-5096,,,,,Particular,Ladines Y  Campana.,Y Ladines,Campana,,,,,,,,,,,,,,,,,,,,
Covid,,Test,,,,,,,,,,,,,,* myContacts,,,Mobile,11 5050-0147,,,,,,,,,,,,,,,,,,,,,,,,,,,,
Cpu The,King (Jesica),Larrea,,,,,,,,,,,,,,* myContacts,,,Mobile,11 2724-1281,,,,,,,,,,,,,,,,,,,,,,,,,,,,
Cris Mamá De Santi R,,,,,,,,,,1°,,Grado,,,,* myContacts,,,Mobile,+5491159601069,,,,,,,,,,,,,,,,,,,,,,,,,,,,
Cristhian Rodas Cliente 2026,,,,,,,,,,,,,,,,* myContacts,,,Mobile,+5491133201066,,,,,,,,,,,,,,,,,,,,,,,,,,,,
Cristhoper,Cliente,2020,,,,,,,,,,,,,,* myContacts,,,Mobile,+54 11 3239-9089,,,,,,,,,,,,,,,,,,,,,,,,,,,,
Cristian Aceites Hno,De,Marcelo,,,,,,,,,,,,,,* myContacts,,,Otro,+54 9 11 3619-6685,,,,,,,,,,,,,,,,,,,,,,,,,,,,
Cristian Amigo,De,Camila,,,,,,,,,,,,,,* myContacts,,,Mobile,1127202972,,,,,,,,,,,,,,,,,,,,,,,,,,,,
Cristian,,Cliente,,,,,,,,,,,,,,* myContacts,,,Mobile,+54 9 11 5857-1870,,,,,,,,,,,,,,,,,,,,,,,,,,,,
Cristian,Gomero,Giam,,,,,,,,,,,,,,* myContacts,,,Mobile,1166027785,,,,,,,,,,,,,,,,,,,,,,,,,,,,
Cristian,,Seguros,,,,,,,,,,,,,,* myContacts,,,Mobile,1132607564,,,,,,,,,,,,,,,,,,,,,,,,,,,,
Cristina Mamá De Taty,,7B,,,,,,,,,,,,,,* myContacts,,,Mobile,+5491126091643,,,,,,,,,,,,,,,,,,,,,,,,,,,,
Cutuli Matias,Heladera,Emi,,,,,,,,,,,,,,* myContacts,,,Trabajo,+54 9 11 5982-2545,,,,,,,,,,,,,,,,,,,,,,,,,,,,
Cynthia,,Durante,,,,,,,,Endocrinolaga,,,,,,* myContacts,* Trabajo,Blanco encalada 5115 1ro D,Personalizado,+54 9 11 4051-8565,,,,,,,,,,,,,,,,,,,,,,,,,,,,
Cynthia Secretaria ,,Carolina Odonto ,,,,,,,,Odontología Integral,,,,,,* myContacts,,,Mobile,+54 9 11 5017-2907,,,,,,,,,,,,,,,,,,,,,,,,,,,,
"D’locos Pizza, Pernil & Barra Movil Gonzalo Pizza Party",Pizza,Party Catering Gonzalo,,,,,,,,"D’locos Pizza, Pernil & Barra Movil",,,,,,* myContacts,,,Mobile,+5491124300055,,,,,,,,,,,,,,,,,,,,,,,,,,,,
Dai Albiach Cliente 2026,,,,,,,,,,,,,,,,* myContacts,,,Mobile,+5491153486486,,,,,,,,,,,,,,,,,,,,,,,,,,,,
Daiana Cliente 2023,,,,,,,,,,,,,,,,* myContacts,,,Mobile,+54 9 11 3231-3070,,,,,,,,,,,,,,,,,,,,,,,,,,,,
DAIANA Cliente 2024,,ALE,,,,,,,,,,,,,,* myContacts,,,Mobile,+5491135091932,,,,,,,,,,,,,,,,,,,,,,,,,,,,
Daiana Perez (Garbanzos),,Ankas Del Sur,,,,,,,,,,,,,,* myContacts,,,Mobile,+5491127614655,,,,,,,,,,,,,,,,,,,,,,,,,,,,
Damian Aceites,,,,,,,,,,,,,,,,* myContacts,,,Home,11-648-012-02,,,,,,,,,,,,,,,,,,,,,,,,,,,,
Damian ,,Aceites Mayorista,,,,,,,,,,,,,,Importado el 8/12/15 1 ::: * myContacts,,,Home,1-564-801-202,,,,,,,,,,,,,,,,,,,,,,,,,,,,
Damian,Albañil,Maschwitz,,,,,,,,,,,,,,* myContacts,,,Mobile,1169637320,,,,,,,,,,,,,,,,,,,,,,,,,,,,
Damian,Cliente,(Honda),,,,,,,,,,,,,,* myContacts,,,Mobile,01148899877,,,,,,,,,,,,,,,,,,,,,,,,,,,,
Damián Cliente 2024,,Imprenta ,,,,,,,,,,,,,,* myContacts,,,Mobile,+54 11 7900-8661,,,,,,,,,,,,,,,,,,,,,,,,,,,,
Damian Cliente,Araucaria,102,,,,,,,,,,,,,,* myContacts,,,Mobile,+54 9 11 4057-1045,,,,,,,,,,,,,,,,,,,,,,,,,,,,
Damian,Cliente,Masch (#),,,,,,,,,,,,,,* myContacts,,,Mobile,+5491140275761,,,,,,,,,,,,,,,,,,,,,,,,,,,,
Damián Demirdjian,Abogado,Juramento 4908,,,,,,,,Damián Jorge Demirdjian,,,,,,* myContacts,,,Mobile,+54 9 11 5812-7469,,,,,,,,,,,,,,,,,,,,,,,,,,,,
Damian,,Futbol,,,,,,,,,,,,,,* myContacts,,,Móvil,+54 9 11 4056-9160,,,,,,,,,,,,,,,,,,,,,,,,,,,,
Damian Graficopias Maschwitz ,,Fotocopias ,,,,,,,,,,,,,,* myContacts,,,Mobile,+54 9 11 2669-5842,,,,,,,,,,,,,,,,,,,,,,,,,,,,
Damian,,Kinesiologo,,,,,,,,,,,,De parte de leo amigo del lucha acosta,,* myContacts,,,Móvil,+54 9 11 6719-6053,,,,,,,,,,,,,,,,,,,,,,,,,,,,
Daniel,Albañil,Maschwit,,,,,,,,,,,,,,* myContacts,,,Mobile,+54 9 11 3129-8543,,,,,,,,,,,,,,,,,,,,,,,,,,,,
Daniel,,Attar,,,,,,,,,,,,,,* myContacts,,,Mobile,1155079200,Work,1171774811,,,,,,,,,,,,,,,,,,,,,,,,,,
Daniel,Camaras,IP,,,,,,,,,,,,,,* myContacts,,,Mobile,+54 9 11 4179-0077,,,,,,,,,,,,,,,,,,,,,,,,,,,,
Daniel Cleo ,,,,,,,,,,,,,,,,* myContacts,,,Mobile,+54 9 11 4439-5001,,,,,,,,,,,,,,,,,,,,,,,,,,,,
Daniel,Cliente,(Canton),,,,,,,,,,,,,,* myContacts,,,Mobile,11 5182-9340,,,,,,,,,,,,,,,,,,,,,,,,,,,,
Daniel,Cliente,2021×,,,,,,,,,,,,,,* myContacts,,,Mobile,+54 3489 48-2767,,,,,,,,,,,,,,,,,,,,,,,,,,,,
Daniel Cliente 2022,,,,,,,,,,,,,,,,* myContacts,,,Mobile,+541144079331,,,,,,,,,,,,,,,,,,,,,,,,,,,,
Daniel Cliente 2022 ( Humita),,,,,,,,,,,,,,,,* myContacts,,,Mobile,+541160139603,,,,,,,,,,,,,,,,,,,,,,,,,,,,
Daniel Cliente 2023,,,,,,,,,,,,,,,,* myContacts,,,Mobile,+541166603958,,,,,,,,,,,,,,,,,,,,,,,,,,,,
Daniel Cliente 2023,,,,,,,,,,,,,,,,* myContacts,,,Mobile,+5491164739884,,,,,,,,,,,,,,,,,,,,,,,,,,,,
Daniel Cliente 2024 Victorino,,,,,,,,,,,,,,,,* myContacts,,,Mobile,+5491156362077,,,,,,,,,,,,,,,,,,,,,,,,,,,,
Daniel Extractor,,Extractor Maschwitz,,,,,,,,,,,,,,* myContacts,,,Celular,+54 9 348 454-2921,,,,,,,,,,,,,,,,,,,,,,,,,,,,
daniel fotos,,,,,,,,,,,,,,,,Importado el 9/12/15 ::: Importado el 8/12/15 1 ::: Importado el 8/12/15 ::: * myContacts,,,Mobile,11-444-599-13,Home,1147593334,,,,,,,,,,,,,,,,,,,,,,,,,,
Daniel ImprentaD2 ,,,,,,,,,,,,,,,,* myContacts,* Home,imprentad2@gmail.com,Mobile,1133026033,,,,,,,,,,,,,,,,,,,,,,,,,,,Other,@GraficaD2 (Instagram)
Daniel,La,Espiga,,,,,,,,,,,,,,* myContacts,,,Mobile,0348154332115,,,,,,,,,,,,,,,,,,,,,,,,,,,,
Daniel Procesadora ,,,,,,,,,,,,,,,,* myContacts,,,Mobile,11 3091-7629,,,,,,,,,,,,,,,,,,,,,,,,,,,,
Daniel,,Rodriguez,,,,,,,,,,,,,,* myContacts,,,Mobile,1162847071,,,,,,,,,,,,,,,,,,,,,,,,,,,,
Daniel,,Roñis,,,,,,,,,,,,,,* myContacts,,,Mobile,1144445809,,,,,,,,,,,,,,,,,,,,,,,,,,,,
Daniel Tareas Generales Maschwitz ,,,,,,,,,,,,,,,,* myContacts,,,Mobile,+54 9 11 3060-3578,,,,,,,,,,,,,,,,,,,,,,,,,,,,
Daniela,Cliente,2020,,,,,,,,,,,,,,* myContacts,,,Mobile,+54 9 11 6631-0012,,,,,,,,,,,,,,,,,,,,,,,,,,,,
Daniela,Cliente,Puertos,,,,,,,,,,,,,,* myContacts,,,Mobile,+54 9 11 2643-3592,,,,,Home,Marinas Lote 162,Marinas Lote 162,,,,,,,,,,,,,,,,,,,,,
Daniela Empleada 2023,,,,,,,,,,,,,,,,* myContacts,,,Mobile,+54 9 11 5607-1636,,,,,,,,,,,,,,,,,,,,,,,,,,,,
Daniela Estudio,Morteo,Mariano,,,,,,,,,,,,,,* myContacts,,,Mobile,+54 9 11 6473-4625,,,,,,,,,,,,,,,,,,,,,,,,,,,,
Daniela Hermana De Sofia,,,,,,,,,,,,,,,,* myContacts,,,Mobile,1160534108,,,,,,,,,,,,,,,,,,,,,,,,,,,,
Daniela Maestra De Clara,,,,,,,,,,,,,,,,* myContacts,,,Mobile,+5491168019479,,,,,,,,,,,,,,,,,,,,,,,,,,,,
Daniela Para Trabajar 2025,,De Parte De Zulma,,,,,,,,,,,,,,* myContacts,,,Celular,+54 9 11 3386-5377,,,,,,,,,,,,,,,,,,,,,,,,,,,,
Dante,Cliente,Maschwitz,,,,,,,,,,,,,,* myContacts,,,Mobile,1138119081,,,,,,,,,,,,,,,,,,,,,,,,,,,,
Dante Y Caro,Ing,Maschwitz,,,,,,,,,,,,,,* myContacts,,,Mobile,5491161868092,,,,,,,,,,,,,,,,,,,,,,,,,,,,
Dany,,Chadres,,,,,,,,,,,,,,* myContacts,,,Mobile,+5491162216540,,,,,,,,,,,,,,,,,,,,,,,,,,,,
Darío Carnicería Villanueva,,,,,,,,,,,,,,,,* myContacts,,,Mobile,1162445595,,,,,,,,,,,,,,,,,,,,,,,,,,,,
Dario,Cliente,2021×,,,,,,,,,,,,,,* myContacts,,,Mobile,11 3243-8310,,,,,,,,,,,,,,,,,,,,,,,,,,,,
Dario Gasista Electricista ,,Amigo De Santiago (MASCHWITZ),,,,,,,,,,,,,,* myContacts,,,Mobile,0348 438-8070,,,,,,,,,,,,,,,,,,,,,,,,,,,,
Dario,,Giambruni,,,,,,,,,,,,,,* myContacts,,,Mobile,+54 9 11 5700-0182,,,,,,,,,,,,,,,,,,,,,,,,,,,,
Dario Renzulli,,Contrabajo,,,,,,,,,,,,,,* myContacts,,,Home,+541158441709,,,,,,,,,,,,,,,,,,,,,,,,,,,,
Darío Veron Gasista,,De Caro Y Guille,,,,,,,,,,,,,,* myContacts,,,Mobile,+5491162038351,,,,,,,,,,,,,,,,,,,,,,,,,,,,
Dasha,,,,,,,,,,,,,,,,* myContacts,,,Mobile,01159425026,,,,,,,,,,,,,,,,,,,,,,,,,,,,
David Bco,Frances,Debito,,,,,,,,,,,,,,* myContacts,,,Mobile,1130632425,,,,,,,,,,,,,,,,,,,,,,,,,,,,
David,Cliente,2021×,,,,,,,,,,,,,,* myContacts,,,Mobile,+54 9 348 435-3242,,,,,,,,,,,,,,,,,,,,,,,,,,,,
David Cliente 2024,,,,,,,,,,,,,,,,* myContacts,,,Mobile,+5491141441140,,,,,,,,,,,,,,,,,,,,,,,,,,,,
Dayana Frigorífico Florida ,,,,,,,,,,Florida Corporativo,,,,,,* myContacts,,,Mobile,+54 9 11 3634-3767,,,,,,,,,,,,,,,,,,,,,,,,,,,,
Debora Colegio Clara,,,,,,,,,,,,,,,,* myContacts,,,Mobile,+54 11 5701-7735,,,,,,,,,,,,,,,,,,,,,,,,,,,,
Debora,Eventos,Maschwitz,,,,,,,,,,,,,,* myContacts,,,Mobile,11 6283-3618,,,,,,,,,,,,,,,,,,,,,,,,,,,,
Debora Prado,,Directora Del Roldán,,,,,,,,,,,,,,* myContacts,,,Móvil,+54 9 11 5701-7735,,,,,,,,,,,,,,,,,,,,,,,,,,,,
Deby,(Ignacio,Olivera),,,,,,,,,,,,,,* myContacts,,,Mobile,+54 9 11 2450-8194,,,,,,,,,,,,,,,,,,,,,,,,,,,,
Delfina Cliente 2022,,,,,,,,,,,,,,,,* myContacts,,,Mobile,+54 9 11 6954-9911,,,,,,,,,,,,,,,,,,,,,,,,,,,,
Delfina Cliente 2025,,,,,,,,,,,,,,,,* myContacts,,,Mobile,+5491155013853,,,,,,,,,,,,,,,,,,,,,,,,,,,,
Delivery,,Federico,,,,,,,,,,,,,,* myContacts,,,Mobile,11 3163-3538,,,,,,,,,,,,,,,,,,,,,,,,,,,,
Demian,Cliente,Musico,,,,,,,,,,,,,,* myContacts,,,Mobile,+54 9 11 4041-4361,,,,,,,,,,,,,,,,,,,,,,,,,,,,
Demian,Vecino,Mama,,,,,,,,,,,,,,* myContacts,,,Mobile,+54 11 6356-2338,,,,,,,,,,,,,,,,,,,,,,,,,,,,
Demoliciones Alsina,,Maximo,,,,,,,,Demoliciones Alsina,,,,,,* myContacts,,,Main,+54 11 6512-1972,,,,,,,,,,,,,,,,,,,,,,,,,,,,http://www.demolicionesalsina.com.ar/
Denisse,Cliente,2021×,,,,,,,,,,,,,,* myContacts,,,Mobile,+54 9 11 6977-2184,,,,,,,,,,,,,,,,,,,,,,,,,,,,
Denisse Yerien,,,,,,,,,,,,,,,,* myContacts,,,Mobile,1165557155,,,,,,,,,,,,,,,,,,,,,,,,,,,,
Dentista Lope De vega Y,Gral,Paz,,,,,,,,,,,,,,* myContacts,,,Celular,+54 9 11 7025-2881,,,,,,,,,,,,,,,,,,,,,,,,,,,,
Desarmadero Autos Las Flores,,Oscar Ramirez ,,,,,,,,,,,,,,* myContacts,,,Mobile,2262 47-1298,,,,,,,,,,,,,,,,,,,,,,,,,,,,
Desbloquear *31#,,,,,,,,,,,,,,,,* myContacts,,,Mobile,#31#,,,,,,,,,,,,,,,,,,,,,,,,,,,,
Diagnostico Maipu,,,,,,,,,,Diagnostico Maipu,,,,,,* myContacts,,,Mobile,+5491160297770,,,,,,,,,,,,,,,,,,,,,,,,,,,,
Diagnostico,,Medico,,,,,,,,,,,,,,* myContacts,,,Mobile,113700 8000,,,,,,,,,,,,,,,,,,,,,,,,,,,,
Diagnostico,Parque,Autorizaciones,,,,,,,,,,,,,,* myContacts,,,Mobile,11 2884-5345,,,,,,,,,,,,,,,,,,,,,,,,,,,,
Diagnostico,Rossi,Autorizaciones,,,,,,,,,,,,,,* myContacts,,,Mobile,11 6640-2020,,,,,,,,,,,,,,,,,,,,,,,,,,,,
Diana  Cliente 2022,,⭐,,,,,,,,,,,,,,* myContacts,,,Mobile,+54 9 11 6099-3993,,,,,,,,,,,,,,,,,,,,,,,,,,,,
Diana Colman Cliente 2023,,Colman,,,,,,,,,,,,,,* myContacts,,,Mobile,+5491161004171,,,,,,,,,,,,,,,,,,,,,,,,,,,,
Diego (Parrilla Casa Alpina Auto),,Ingeniero Maschwitz,,,,,,,,Diego Romano,,,,,,* myContacts,,,Mobile,+54 9 348 431-2671,,,,,,,,,,,,,,,,,,,,,,,,,,,,
Diego,Batero,(Ivan),,,,,,,,,,,,,,* myContacts,,,Mobile,+54 9 11 6148-6225,,,,,,,,,,,,,,,,,,,,,,,,,,,,
Diego Carniceria,La,Moderna,,,,,,,,,,,,,,* myContacts,,,Móvil,+54 9 11 6490-2154,,,,,,,,,,,,,,,,,,,,,,,,,,,,
Diego,Cliente,2020,,,,,,,,,,,,,,* myContacts,,,Mobile,11 5509-5842 ::: 11 6601-3691,,,,,,,,,,,,,,,,,,,,,,,,,,,,
Diego,Cliente,2021,,,,,,,,,,,,,,* myContacts,,,Mobile,+54 9 11 5012-8517,,,,,,,,,,,,,,,,,,,,,,,,,,,,
diego,cliente,mochilero,,,,,,,,,,,,,,* myContacts,,,Mobile,11 3567-7621,,,,,,,,,,,,,,,,,,,,,,,,,,,,
Diego Distribuidor,Coca,Cervezas,,,,,,,,,,,,,,* myContacts,,,Mobile,1133496463,,,,,,,,,,,,,,,,,,,,,,,,,,,,
Diego Dorin Vecino 3*G,,,,,,,,,,,,,,,,* myContacts,,,Mobile,+5491164869171,,,,,,,,,,,,,,,,,,,,,,,,,,,,
Diego Evento 8 De Febrero,,,,,,,,,,,,,,,,* myContacts,,,Mobile,+5491154522670,,,,,,,,,,,,,,,,,,,,,,,,,,,,
Diego,Girau,Cliente,,,,,,,,,,,,,,* myContacts,,,Mobile,+54 11 4092-2486,,,,,,,,,,,,,,,,,,,,,,,,,,,,
Diego Golf 1.6 $. 600 Ballester,,,,,,,,,,,,,,,,* myContacts,,,Mobile,1166208781,,,,,,,,,,,,,,,,,,,,,,,,,,,,
Diego,Muge,Chofer,,,,,,,,,,,,,,* myContacts,,,Mobile,1140346047,,,,,,,,,,,,,,,,,,,,,,,,,,,,
Diego Papá De Emi,Y,Bruno,,,,,,,,,,,,,,* myContacts,,,Móvil,+54 9 11 5127-2639,,,,,,,,,,,,,,,,,,,,,,,,,,,,
Diego Papas Balcarce ,,,,,,,,,,,,,,,,* myContacts,,,Mobile,1160934472,,,,,,,,,,,,,,,,,,,,,,,,,,,,
Diego Pizza,,Catering,,,,,,,,,,,,,,* myContacts,,,Casa,+54 9 11 3105-9968,,,,,,,,,,,,,,,,,,,,,,,,,,,,
Diego,Punto,Com,,,,,,,,,,,,,,* myContacts,,,Mobile,11 6378-1913,,,,,,,,,,,,,,,,,,,,,,,,,,,,
Diego Quevedo,,,,,,,,,,,,,,,,Importado el 9/12/15 ::: Importado el 8/12/15 1 ::: Importado el 8/12/15 ::: * myContacts,,,Mobile,11-334-821-94 ::: +593963908159,,,,,,,,,,,,,,,,,,,,,,,,,,,,
Diego Spinelli Papa,De,Bruno,,,,,,,,,,,,,,* myContacts,,,Mobile,11 5127-2639,,,,,,,,,,,,,,,,,,,,,,,,,,,,
DNI CLARA 27-52,641,455-7,,,,,,,,,,,,,,* myContacts,,,Mobile,5264-1455,,,,,,,,,,,,,,,,,,,,,,,,,,,,
Dni Dante 20 55478071 8,,,,,,,,,,,,,,,,* myContacts,,,Mobile,55.478.071,,,,,,,,,,,,,,,,,,,,,,,,,,,,
Dodge Del Tejar,,,,,,,,,,Dodge Del Tejar,,,,,,* myContacts,,,Mobile,+5491150615868,,,,,,,,,,,,,,,,,,,,,,,,,,,,
Dolar Cuenca Y Beiro ,,,,,,,,,,,,,,,,* myContacts,,,Mobile,+54 9 11 6529-7230,,,,,,,,,,,,,,,,,,,,,,,,,,,,
Dolar Lorenz,,,,,,,,,,,,,,,,* myContacts,,,Mobile,+54 9 11 6947 4360 ,,,,,,,,,,,,,,,,,,,,,,,,,,,,
Dolores Cliente 2024,,,,,,,,,,,,,,,,* myContacts,,,Mobile,+5491128870474,,,,,,,,,,,,,,,,,,,,,,,,,,,,
Domenica,Comidas,Maschwitz,,,,,,,,,,,,,,* myContacts,,,Mobile,11 5961-3912,,,,,,,,,,,,,,,,,,,,,,,,,,,,
Domingo Polleria Cullen,,,,,,,,,,,,,,,,Importado el 8/12/15 1 ::: * myContacts,,,Home,1-531-285-441,,,,,,,,,,,,,,,,,,,,,,,,,,,,
Don Quijote Eventos,,Daniel (Dueño),,,,,,,,,,,,,,* myContacts,,,Mobile,+5491124908091,,,,,,,,,,,,,,,,,,,,,,,,,,,,
Doncelom,,Sebastian,,,,,,,,,,,,,,* myContacts,,,Mobile,11 5801-0532,,,,,,,,,,,,,,,,,,,,,,,,,,,,
Doncenlom,administracion,Natasha,,,,,,,,,,,,,,* myContacts,,,Mobile,11 3521-7393,,,,,,,,,,,,,,,,,,,,,,,,,,,,
douglas,,,,,,,,,,,,,,,,Importado el 9/12/15 ::: Importado el 8/12/15 1 ::: Importado el 8/12/15 ::: * myContacts,,,Mobile,11-368-015-70,,,,,,,,,,,,,,,,,,,,,,,,,,,,
Dr,Eduardo,Dromi Ciudadanía Italiana ,,,,,,,,,,,,,,* myContacts,,,Principal,+39 333 173 1504,,,,,,,,,,,,,,,,,,,,,,,,,,,,
Dr Marcela Carballido Oncologa,Carballido,Oncologa,,,,,,,,,,,,,,* myContacts,,,Móvil,+54 9 11 4405-0887,,,,,,,,,,,,,,,,,,,,,,,,,,,,
Dr Oscar,Serqueira,Hiperbarica,,,,,,,,,,,,,,* myContacts,,,Mobile,11 5014-8196,,,,,,,,,,,,,,,,,,,,,,,,,,,,
Dr. Alejandro Giunipero (Cx Higado,y,Pancreas),,,,,,,,,,,,,,* myContacts,,,Celular,+54 9 11 6139-3689,,,,,,,,,,,,,,,,,,,,,,,,,,,,
Dra Brandolino,,Medicina Biologíca Homeopatía ,,,,,,,,,,,,,,* myContacts,,,Otro,+54 9 221 606-4947,,,,,,,,,,,,,,,,,,,,,,,,,,,,
Dra. Ana Da Riva,Medicina Biológica Homeopatía ,,,,,,,,,,,,,,,* myContacts,,,Mobile,+5491161694356,,,,,,,,,,,,,,,,,,,,,,,,,,,,
Drs Banerji,,,,,,,,,,,,,,,,* myContacts,,,Mobile,+91 98300 91190,,,,,,,,,,,,,,,,,,,,,,,,,,,,
Dt,Computacion,Marcos,,,,,,,,,,,,,,* myContacts,,,Mobile,+54 9 11 5782-2965,,,,,,,,,,,,,,,,,,,,,,,,,,,,
Duray,,,,,,,,,,,,,,,,* myContacts,,,Mobile,1155915315,,,,,,,,,,,,,,,,,,,,,,,,,,,,
Durlock,,Escobar,,,,,,,,,,,,,,* myContacts,,,Mobile,1124560896,,,,,,,,,,,,,,,,,,,,,,,,,,,,
Durlock,san,miguel,,,,,,,,,,,,,,* myContacts,,,Mobile,+54 9 11 3055-8569,,,,,,,,,,,,,,,,,,,,,,,,,,,,
Dyg Combo ,,Bárbara ,,,,,,,,,,,,,,* myContacts,,,Mobile,011 5461-9635,,,,,,,,,,,,,,,,,,,,,,,,,,,,
Dygcombosflorida,,Paula O Jimena,,,,,,,,,,,,,,* myContacts,,,Mobile,+5491155963568,,,,,,,,,,,,,,,,,,,,,,,,,,,,
Dylan Cliente 2023,,,,,,,,,,,,,,,,* myContacts,,,Mobile,+5491138608247,,,,,,,,,,,,,,,,,,,,,,,,,,,,
Dylan,Empleado,2020,,,,,,,,,,,,,,* myContacts,,,Mobile,+54 9 11 5317-1144,,,,,,,,,,,,,,,,,,,,,,,,,,,,
Edgar,,Laima,,,,,,,,,,,,,,* myContacts,,,Móvil,+54 9 11 3564-2614,,,,,,,,,,,,,,,,,,,,,,,,,,,,
edgardo Taller Ezeiza Y Nazca,,,,,,,,,,edgardo,,,,,,* myContacts,,,Mobile,+54 9 11 3504-0648,,,,,,,,,,,,,,,,,,,,,,,,,,,,
Edtudio Juridico,Peidos,Ya,,,,,,,,,,,,,,* myContacts,,,Mobile,11 6852-6546,,,,,,,,,,,,,,,,,,,,,,,,,,,,
Edu El Luchador,,Livrano,,,,,,,,,,,,,,* myContacts,,,Mobile,+5491155989179,,,,,,,,,,,,,,,,,,,,,,,,,,,,
edu shadrawy,,,,,,,,,,,,,,,,Importado el 9/12/15 ::: Importado el 8/12/15 1 ::: Importado el 8/12/15 ::: * myContacts,,,Mobile,1-559-224-254,,,,,,,,,,,,,,,,,,,,,,,,,,,,
Eduadolavarrop,,,,,,,,,,,,,,,,* myContacts,,,Mobile,1153699252,,,,,,,,,,,,,,,,,,,,,,,,,,,,
Eduardo 3ro,16,Zapiola,,,,,,,,,,,,,,* myContacts,,,Mobile,+5491157433856,,,,,,,,,,,,,,,,,,,,,,,,,,,,
Eduardo Cliente 2025,,Liuzzo,,,,,,,,,,,,,,* myContacts,,,Mobile,+5491158159592,,,,,,,,,,,,,,,,,,,,,,,,,,,,
Eduardo Di,Marzio,(Congelados),,,,,,,,,,,,,,* myContacts,,,Mobile,+54 9 11 5862-0752,,,,,,,,,,,,,,,,,,,,,,,,,,,,
Eduardo Empleado Nov 2024,,,,,,,,,,,,,,,,* myContacts,,,Mobile,+5491124971475,,,,,,,,,,,,,,,,,,,,,,,,,,,,
Eduardo,Gasista,Puertos,,,,,,,,,,,,,,* myContacts,,,Mobile,+54 9 11 6486-5234,,,,,,,,,,,,,,,,,,,,,,,,,,,,
Eduardo Lavarropas ,,,,,,,,,,,,,,,,* myContacts,,,Mobile,1153699252,Work,45232230,,,,,,,,,,,,,,,,,,,,,,,,,,
Eduardo,,Luchador,,,,,,,,,,,,,,* myContacts,,,Mobile,+54 9 11 4992-5802,,,,,,,,,,,,,,,,,,,,,,,,,,,,
Eduardo Pb G,,,,,,,,,,,,,,,,* myContacts,,,Mobile,+54 11 3471-8638,,,,,,,,,,,,,,,,,,,,,,,,,,,,
El Alambique Teatro,,Susana Romero,,,,,,,,,,,,,,* myContacts,* Home,info@teatroelalambique.com,Mobile,1169455514,Work,45718140,,,Home,Griveo 2350,Griveo 2350,,,,,,,,,,,,,,,,,,,,Other,www.teatroelalambique.com
EL ANDINO OUTDOOR,,,,,,,,,,EL ANDINO OUTDOOR,,,,,,* myContacts,,,Mobile,+5491168866202,,,,,,,,,,,,,,,,,,,,,,,,,,,,
El,,Ensueño,,,,,,,,,,,,,,* myContacts,,,Mobile,+541144834566,,,,,,,,,,,,,,,,,,,,,,,,,,,,
El,Luchador,Villanueva,,,,,,,,,,,,,,* myContacts,,,Mobile,+54 9 11 4992-5802,,,,,,,,,,,,,,,,,,,,,,,,,,,,
El Luchador,Villanueva,(Lujan),,,,,,,,,,,,,,* myContacts,,,Mobile,+5491149925802,,,,,,,,,,,,,,,,,,,,,,,,,,,,
El Luchador,Villanueva,Eduardo,,,,,,,,,,,,,,* myContacts,,,Mobile,11 4992-5802,,,,,,,,,,,,,,,,,,,,,,,,,,,,
El Manantial De Iguazu,,Adrian,,,,,,,,El Manantial De Iguazu,,,,,,* myContacts,,,Mobile,+5493757548838,,,,,,,,,,,,,,,,,,,,,,,,,,,,
El Vacuno Azul Carnicería,,Yamila,,,,,,,,El Vacuno Azul,,,,,,* myContacts,,,Mobile,+5491150236729,,,,,,,,,,,,,,,,,,,,,,,,,,,,
Eleonora Cliente 2024,,,,,,,,,,,,,,,,* myContacts,,,Mobile,+5492235393762,,,,,,,,,,,,,,,,,,,,,,,,,,,,
Eli (Juan,Quiroga,albañil),,,,,,,,,,,,,,* myContacts,,,Móvil,+54 9 11 5259-3238,,,,,,,,,,,,,,,,,,,,,,,,,,,,
Elian Exhidora Villa Alsina,,,,,,,,,,,,,,,,* myContacts,,,Mobile,1128982441,,,,,,,,,,,,,,,,,,,,,,,,,,,,
Elian Pedidos Ya,,Bainer,,,,,,,,,,,,,,* myContacts,,,Mobile,+5491128663696,,,,,,,,,,,,,,,,,,,,,,,,,,,,
Eliana,Coca,Cola,,,,,,,,,,,,,,* myContacts,,,Mobile,01125210162,,,,,,,,,,,,,,,,,,,,,,,,,,,,
Eliana,,Empleada,,,,,,,,,,,,,,* myContacts,,,Mobile,1132640503,,,,,,,,,,,,,,,,,,,,,,,,,,,,
Elias Cliente 2024,,,,,,,,,,Vera Elias,,,,,,* myContacts,,,Mobile,+5491179009573,,,,,,,,,,,,,,,,,,,,,,,,,,,,
Elias Cliente,Aca,Maschwitz,,,,,,,,,,,,,,* myContacts,,,Mobile,+54 11 6761-6224,,,,,,,,,,,,,,,,,,,,,,,,,,,,
Elmundo,,,,,,,,,,,,,,,,Importado el 8/12/15 1 ::: * myContacts,,,Mobile,+541149705802,,,,,,,,,,,,,,,,,,,,,,,,,,,,
Elvio,Membranas,Impermeables,,,,,,,,,,,,,,* myContacts,,,Mobile,+54 9 11 5982-9931,,,,,,,,,,,,,,,,,,,,,,,,,,,,
Emanuel,Empleado,2020,,,,,,,,,,,,,,* myContacts,,,Main,+54 9 11 5875-7015,Mobile,11 6210-0558,,,,,,,,,,,,,,,,,,,,,,,,,,
Emanuel Maderas,Troncos,Theorema,,,,,,,,,,,,,,* myContacts,,,Mobile,11 2181-7207,,,,,,,,,,,,,,,,,,,,,,,,,,,,
Emanuel,Plomero,Habitissimo,,,,,,,,,,,,,,* myContacts,,,Mobile,+54 9 11 6825-9242,,,,,,,,,,,,,,,,,,,,,,,,,,,,
Emergencias,,Andar,,,,,,,,,,,,,,* myContacts,,,Work,080034526327,Mobile,08107778733,,,,,,,,,,,,,,,,,,,,,,,,,,
Emi (Higo Seco),,Diaz,,,,,,,,,,,,,,* myContacts,,,Mobile,+54 9 348 430-1482,,,,,,,,,,,,,,,,,,,,,,,,,,,,
Emi Mama,De,Tobi,,,,,,,,,,,,,,* myContacts,,,Móvil,+54 9 11 2594-0234,,,,,,,,,,,,,,,,,,,,,,,,,,,,
Emi,,Ramirez,,,,,,,,,,,,,https://lh3.googleusercontent.com/contacts/AG6tpzFV2js-WGmOVQSsKqViENTWtFqC_153JvmBFYyP_dafOOnyS9SU,* myContacts,,,Móvil,+54 9 11 6639-3694,,,,,,,,,,,,,,,,,,,,,,,,,,,,
emilia Cliente 2022,,,,,,,,,,,,,,,,* myContacts,,,Mobile,+54 9 11 3577-7493,,,,,,,,,,,,,,,,,,,,,,,,,,,,
Emilia🧡 Trading,,,,,,,,,,,,,,,,* myContacts,,,Mobile,+5491164690299,,,,,,,,,,,,,,,,,,,,,,,,,,,,
Emiliano,,,,,,,,,,,,,,,https://lh3.googleusercontent.com/contacts/AG6tpzHr2OdHyqhANZ_V1mrTafsuKN7wzUD2gBGszbzL5mUCEaCfDK3l,* myContacts,,,Mobile,11-601-389-70,,,,,,,,,,,,,,,,,,,,,,,,,,,,
Emiliano 2,Cliente,2021×,,,,,,,,,,,,,,* myContacts,,,Mobile,11 6925-4377,,,,,,,,,,,,,,,,,,,,,,,,,,,,
Emiliano,Cliente,2021×,,,,,,,,,,,,,,* myContacts,,,Mobile,+54 11 5099-2584,,,,,,,,,,,,,,,,,,,,,,,,,,,,
Emiliano Cliente 2024,,Agua Mabel,,,,,,,,,,,,,,* myContacts,,,Mobile,+5493484363650,,,,,,,,,,,,,,,,,,,,,,,,,,,,
Emmanuel Cliente 2022,,,,,,,,,,Emmanuel Brito Oliveira,,,,,,* myContacts,,,Mobile,+54 9 11 3204-8063,,,,,,,,,,,,,,,,,,,,,,,,,,,,
Empanadas ya 24hs Villa Urquiza,,,,,,,,,,Empanadas ya 24hs Villa Urquiza,,,,,,* myContacts,,,Main,+54 11 6502-8685,,,,,Home,"Av. de los Constituyentes 6233, C1431 CABA, Argentina",6233 Av. de los Constituyentes,CABA,,CABA,C1431,Argentina,,,,,,,,,,,,,,,,https://instagram.com/empanadasya24hs?igshid=OGQ5ZDc2ODk2ZA==
Enrique Cliente 2022,,,,,,,,,,,,,,,,* myContacts,,,Mobile,+5491165718829,,,,,,,,,,,,,,,,,,,,,,,,,,,,
Enzo Cliente 2022,,,,,,,,,,,,,,,,* myContacts,,,Mobile,+541155935612,,,,,,,,,,,,,,,,,,,,,,,,,,,,
Escuela Medica Paschero,,S. De Bustamante 278,,,,,,,,,,,,,,* myContacts,,,Mobile,+5439339152,,,,,,,,,,,,,,,,,,,,,,,,,,,,
Especiarte,,,,,,,,,,,,,,,,* myContacts,,,Mobile,1158422104,,,,,,,,,,,,,,,,,,,,,,,,,,,,
Especies Rafael Cano,El Castillo Garam Masala,a,,,,,,,,,,,,,,* myContacts,,,Mobile,1157352170,,,,,,,,,,,,,,,,,,,,,,,,,,,,
Esteban,Carnicero,(Horacio),,,,,,,,,,,,,,* myContacts,,,Móvil,+54 9 11 6807-6063,,,,,,,,,,,,,,,,,,,,,,,,,,,,
Esteban,El,Barrilito,,,,,,,,,,,,,,* myContacts,,,Mobile,3484340972,,,,,,,,,,,,,,,,,,,,,,,,,,,,
Esteban Marido De,Cecilia,Musa,,,,,,,,,,,,,,* myContacts,,,Mobile,1134201999,,,,,,,,,,,,,,,,,,,,,,,,,,,,
Esteban,Musico,Maschwitx,,,,,,,,,,,,,,* myContacts,,,Mobile,1161184364,,,,,,,,,,,,,,,,,,,,,,,,,,,,
Esteban,,Valhalla,,,,,,,,,,,,,,* myContacts,,,Mobile,+54 9 348 456-4202,,,,,,,,,,,,,,,,,,,,,,,,,,,,
Estela,Panaderia,Armenia,,,,,,,,,,,,,,* myContacts,,,Mobile,11 5834-0617,,,,,,,,,,,,,,,,,,,,,,,,,,,,
Ester Vecina El Jaguel,,,,,,,,,,,,,,,,* myContacts,,,Mobile,+5491137826186,,,,,,,,,,,,,,,,,,,,,,,,,,,,
Estilo Dental,,Odontología,,,,,,,,,,,,,,* myContacts,,,Mobile,11 6258-0076,,,,,,,,,,,,,,,,,,,,,,,,,,,,
Estudio Dental Paula G,Odontologa,Recomendado Por Pediatra,,,,,,,,,,,,,,* myContacts,,,Celular,+54 9 11 5004-9190,,,,,,,,,,,,,,,,,,,,,,,,,,,,
Eugenia Clienta,Maschwitz,(Verduras),,,,,,,,,,,,,,* myContacts,,,Mobile,+54 9 11 5042-6018,,,,,Home,Almafuerte 2161,Almafuerte 2161,,,,,,,,,,,,,,,,,,,,,
Eugenia,Cliente,2021×,,,,,,,,,,,,,,* myContacts,,,Mobile,+54 9 11 6105-4658,,,,,Home,Los Cedros 425,Los Cedros 425,,,,,,,,,,,,,,,,,,,,,
Eugenia Cliente 2022,,Brown,,,,,,,,,,,,,,* myContacts,,,Mobile,+54 9 11 4028-7529,,,,,,,,,,,,,,,,,,,,,,,,,,,,
Eugenia Cliente 2023,,,,,,,,,,,,,,,,* myContacts,,,Mobile,+5491153119016,,,,,,,,,,,,,,,,,,,,,,,,,,,,
Eugenia Cliente 2026,,,,,,,,,,,,,,,,* myContacts,,,Mobile,+5491133666103,,,,,,,,,,,,,,,,,,,,,,,,,,,,
Eugenia,Piro,Clienta,,,,,,,,,,,,,,* myContacts,,,Mobile,+54 9 11 3474-3149,,,,,,,,,,,,,,,,,,,,,,,,,,,,
Evaldo Brasil,,,,,,,,,,,,,,,,* myContacts,,,Mobile,1151042382,,,,,,,,,,,,,,,,,,,,,,,,,,,,
Evelyn eventos,,,,,,,,,,,,,,,,* myContacts,,,Mobile,11-505-384-52,,,,,,,,,,,,,,,,,,,,,,,,,,,,
Expo Muebles ,,Damián Nancy,,,,,,,,J.B.justo 1527 Tigre,,,,,,* myContacts,,,Mobile,11 4986-9021,,,,,,,,,,,,,,,,,,,,,,,,,,,,
Eze Araucarias 216,,Amigo De Lucas,,,,,,,,,,,,,,* myContacts,,,Mobile,+5491144476135,,,,,,,,,,,,,,,,,,,,,,,,,,,,
Ezequiel,Aceites,Facebook,,,,,,,,,,,,,,* myContacts,,,Mobile,1527376750,,,,,,,,,,,,,,,,,,,,,,,,,,,,
Ezequiel Amigo Lautaro,,,,,,,,,,,,,,,,* myContacts,,,Mobile,+54 9 11 6107-6514,,,,,,,,,,,,,,,,,,,,,,,,,,,,
Ezequiel Cliente 2024,,,,,,,,,,,,,,,,* myContacts,,,Mobile,+5491126127700,,,,,,,,,,,,,,,,,,,,,,,,,,,,
Ezequiel,Cliente,Karting,,,,,,,,,,,,,,* myContacts,,,Mobile,11 3301-7514,,,,,,,,,,,,,,,,,,,,,,,,,,,,
Ezequiel Cliente,Moto,Agua,,,,,,,,,,,,,,* myContacts,,,Mobile,+54 11 5925-8053,,,,,,,,,,,,,,,,,,,,,,,,,,,,
Ezequiel Cliente,Ruta,26,,,,,,,,,,,,,,* myContacts,,,Mobile,+54 11 5388-3046,,,,,,,,,,,,,,,,,,,,,,,,,,,,
Ezequiel,,Grbac,,,,,,,,"J.D. Perón 2335, 4° E, caba",,,,,,* myContacts,,,Mobile,+54 9 11 6279-9030,Home,11-627-990-30,,,Home,"Tte. Gral. Juan Domingo Perón 2335 4 e, C1015 CABA",4 e 2335 Tte. Gral. Juan Domingo Perón,CABA,,CABA,C1015,,,,,,,,,,,,,,,,,
Ezequiel,,Guardabarrera,,,,,,,,,,,,,,* myContacts,,,Mobile,+54 9 11 6800-4069,,,,,,,,,,,,,,,,,,,,,,,,,,,,
fabian Cliente 2023,,codegone,,,,,,,,,,,,,,* myContacts,,,Mobile,+5491149750127,,,,,,,,,,,,,,,,,,,,,,,,,,,,
Fabiola Vidrio Redondo,,,,,,,,,,,,,,,,* myContacts,,,Mobile,11 64107548,,,,,,,,,,,,,,,,,,,,,,,,,,,,
Fabrizio Cliente 2024,,Dib,,,,,,,,,,,,,,* myContacts,,,Mobile,+5491156009963,,,,,,,,,,,,,,,,,,,,,,,,,,,,
Facturante,,,,,,,,,,Facturante,,,,,,* myContacts,,,Mobile,+5491157461754,,,,,,,,,,,,,,,,,,,,,,,,,,,,
Facu Cliente 2025,,,,,,,,,,,,,,,,* myContacts,,,Mobile,+5491150492148,,,,,,,,,,,,,,,,,,,,,,,,,,,,
Facu Cliente 2026,,,,,,,,,,,,,,,,* myContacts,,,Mobile,+5491176049249,,,,,,,,,,,,,,,,,,,,,,,,,,,,
Facundo Cliente 2024,,,,,,,,,,,,,,,,* myContacts,,,Mobile,+5491164469345,,,,,,,,,,,,,,,,,,,,,,,,,,,,
Facundo Cliente 2024,,V Pueyrredón,,,,,,,,,,,,,,* myContacts,,,Mobile,+5491159230961,,,,,,,,,,,,,,,,,,,,,,,,,,,,
Facundo,,Delivery,,,,,,,,,,,,,,* myContacts,,,Mobile,11 5763-1086,,,,,,,,,,,,,,,,,,,,,,,,,,,,
Facundo Futbol,,El Campito ,,,,,,,,,,,,,,* myContacts,,,Mobile,11 4027-9399,,,,,,,,,,,,,,,,,,,,,,,,,,,,
Facundo,,Lopez,,,,,,,,Novio De Carolina Cliente ,,,,,,* myContacts,,,Mobile,+54 9 11 4178-5267,,,,,,,,,,,,,,,,,,,,,,,,,,,,
Facundo Para Trabajar,,Noviembre 2024,,,,,,,,,,,,,,* myContacts,,,Mobile,+54 9 11 2836-7331,,,,,,,,,,,,,,,,,,,,,,,,,,,,
Facundo Ugc12 Municipalidsd,,,,,,,,,,,,,,,,* myContacts,,,Mobile,3484526383,,,,,,,,,,,,,,,,,,,,,,,,,,,,
Facundo,Vecino,Maschwitz,,,,,,,,,,,,,,* myContacts,,,Mobile,1140660673,,,,,,,,,,,,,,,,,,,,,,,,,,,,
Facundo Viajes Al Sanador ,,,,,,,,,,,,,,,,* myContacts,,,Mobile,348 466-9759,,,,,,,,,,,,,,,,,,,,,,,,,,,,
fadhila ,,,,,,,,,,,,,,,,Importado el 9/12/15 ::: * myContacts,,,Mobile,1130217833,,,,,,,,,,,,,,,,,,,,,,,,,,,,
Fairuz,,,,,,,,,,,,,,,,* myContacts,,,Mobile,01155621818,,,,,,,,,,,,,,,,,,,,,,,,,,,,
Fairuz resto,,,,,,,,,,,,,,,,Importado el 9/12/15 ::: * myContacts,,,Mobile,48328417,,,,,,,,,,,,,,,,,,,,,,,,,,,,
Familia,,,,,,,,,,,,,,,,* myContacts,,,,,,,,,,,,,,,,,,,,,,,,,,,,,,,,
Family,,_,,,,,,,,,,,,,,* myContacts,,,,,,,,,,,,,,,,,,,,,,,,,,,,,,,,
Farmacia Del Senado,,,,,,,,,,,,,,,,* myContacts,,,Mobile,011 5495-9158,,,,,,,,,,,,,,,,,,,,,,,,,,,,
Farmacia,Santa,Catalina,,,,,,,,,,,,,,* myContacts,,,Mobile,011 5379-4900,,,,,,,,,,,,,,,,,,,,,,,,,,,,
Farmacia Sta Catalina,,Eugenia Farmacéutica ,,,,,,,,,,,,,,* myContacts,,,Mobile,4521-0036,,,,,,,,,,,,,,,,,,,,,,,,,,,,
Farmacia Vasallo ,,Villa Del Parque,,,,,,,,AENVI SAS,,,,,,* myContacts,,,Mobile,+54 9 11 2285-2099,,,,,,,,,,,,,,,,,,,,,,,,,,,,
Fasta,,,,,,,,,,,,,,,,* myContacts,,,Mobile,01115 695-842-47,,,,,,,,,,,,,,,,,,,,,,,,,,,,
Fatay,,,,,,,,,,,,,,,,Importado el 8/12/15 1 ::: * myContacts,,,Home,465-758-75,,,,,,,,,,,,,,,,,,,,,,,,,,,,
favio,(correo,artigas),,,,,,,,,,,,,,* myContacts,,,Mobile,11 3181-5858,,,,,,,,,,,,,,,,,,,,,,,,,,,,
Fede,,Chapinal,,,,,,,,,,,,,,* myContacts,,,Móvil,+54 9 11 6001-0225,,,,,,,,,,,,,,,,,,,,,,,,,,,,
Fede Papá de Tomy,,,,,,,,,,,,,,,,* myContacts,,,Mobile,+5491130330343,,,,,,,,,,,,,,,,,,,,,,,,,,,,
Fede,Pergolas,(Piro),,,,,,,,,,,,,,* myContacts,,,Móvil,+54 9 11 4949-9404,,,,,,,,,,,,,,,,,,,,,,,,,,,,
Federico,(Vistas,138),,,,,,,,,,,,,,* myContacts,,,Mobile,+54 9 11 4947-5340,,,,,,,,,,,,,,,,,,,,,,,,,,,,
Federico,Cliente,2020,,,,,,,,,,,,,,* myContacts,,,Mobile,+54 2246 55-8447,,,,,,,,,,,,,,,,,,,,,,,,,,,,
Federico Cliente,2020,(2),,,,,,,,,,,,,,* myContacts,,,Mobile,+54 9 11 6403-0033,,,,,,,,,,,,,,,,,,,,,,,,,,,,
Federico Cliente 2022,,,,,,,,,,,,,,,,* myContacts,,,Mobile,+541133191617,,,,,,,,,,,,,,,,,,,,,,,,,,,,
Federico Cliente 2023,,El Cantón,,,,,,,,,,,,,,* myContacts,,,Mobile,+5491164821100,,,,,,,,,,,,,,,,,,,,,,,,,,,,
Federico,Cliente,Maschwitz,,,,,,,,,,,,,,* myContacts,,,Mobile,+54 9 11 6609-8814,,,,,,,,,,,,,,,,,,,,,,,,,,,,
Federico Cliente,San,Matias,,,,,,,,,,,,,,* myContacts,,,Mobile,11 6238-1495,,,,,,,,,,,,,,,,,,,,,,,,,,,,
Federico Prieto 3°A,Jorge,Newbery,,,,,,,,,,,,,,* myContacts,,,Celular,+54 9 11 4870-1162,,,,,,,,,,,,,,,,,,,,,,,,,,,,
fer,,,,,,,,,,,,,,,,* myContacts,,,Mobile,11-315-593-61,,,,,,,,,,,,,,,,,,,,,,,,,,,,
Fermando,,Jakson,,,,,,,,,,,,,,* myContacts,,,Mobile,11 3560-5949,,,,,,,,,,,,,,,,,,,,,,,,,,,,
Fernanda,Cliente,2021×,,,,,,,,,,,,,,* myContacts,,,Mobile,+54 11 4409-9050,,,,,,,,,,,,,,,,,,,,,,,,,,,,
Fernando Ada,Cliente,Maschwitz,,,,,,,,,,,,,,* myContacts,,,Mobile,+5491165552020,,,,,,,,,,,,,,,,,,,,,,,,,,,,
Fernando,Capria,Fumigador,,,,,,,,,,,,,,* myContacts,,,Móvil,+54 9 348 454-3470,,,,,,,,,,,,,,,,,,,,,,,,,,,,
Fernando Cliente 2022,,Holowatsch,,,,,,,,,,,,,,* myContacts,,,Mobile,+54 9 11 3819-0820,,,,,,,,,,,,,,,,,,,,,,,,,,,,
Fernando Cliente 2023,,,,,,,,,,,,,,,,* myContacts,,,Mobile,11 6742-5982,,,,,,,,,,,,,,,,,,,,,,,,,,,,
Fernando Cliente 2023,,,,,,,,,,,,,,,,* myContacts,,,Mobile,11 5566-4463,,,,,,,,,,,,,,,,,,,,,,,,,,,,
Fernando Cliente 2024,,Acosta,,,,,,,,,,,,,,* myContacts,,,Mobile,+5493484536940,,,,,,,,,,,,,,,,,,,,,,,,,,,,
Fernando Cliente 2025 pozzi,,,,,,,,,,,,,,,,* myContacts,,,Mobile,+5491141880071,,,,,,,,,,,,,,,,,,,,,,,,,,,,
Fernando,,Tucuman,,,,,,,,,,,,,,* myContacts,,,Mobile,3815520424,,,,,,,,,,,,,,,,,,,,,,,,,,,,
Ferreteria Lucas Escobar ,,,,,,,,,,,,,,,,* myContacts,,,Mobile,11 6446-9586,,,,,,,,,,,,,,,,,,,,,,,,,,,,
Fibertel,,,,,,,,,,,,,,,,Importado el 9/12/15 ::: * myContacts,,,Mobile,47786600,,,,,,,,,,,,,,,,,,,,,,,,,,,,
Fidel,Cliente,2020,,,,,,,,,,,,,,* myContacts,,,Mobile,+54 9 11 3022-4004,,,,,,,,,,,,,,,,,,,,,,,,,,,,
Fixel Service Lucas,,Reparaciones Electrodomésticos,,,,,,,,Fixel Service,,,,,,* myContacts,,,Mobile,+5491138467008,,,,,,,,,,,,,,,,,,,,,,,,,,,,
Fl❤️r Cliente 2022,,,,,,,,,,,,,,,,* myContacts,,,Mobile,+54 9 11 5691-6188,,,,,,,,,,,,,,,,,,,,,,,,,,,,
Flavia Mamá de Sol,,Fasta,,,,,,,,,,,,,,* myContacts,,,Mobile,+5491151578061,,,,,,,,,,,,,,,,,,,,,,,,,,,,
Flaviana Constelaciones ,,Rodera,,,,,,,,,,,,,,* myContacts,,,Móvil,+54 9 11 3946-6471,,,,,,,,,,,,,,,,,,,,,,,,,,,,
Fleki Ingeniero Maschwitz,,Arab Rock,,,,,,,,,,,,,,* myContacts,,,Mobile,+5491158305362,,,,,,,,,,,,,,,,,,,,,,,,,,,,
Flor carreras,,,,,,,,,,,,,,,,Importado el 9/12/15 ::: * myContacts,,,Mobile,51190718,,,,,,,,,,,,,,,,,,,,,,,,,,,,
Flor Cliente 2023,,Cairella,,,,,,,,,,,,,,* myContacts,,,Mobile,+54 9 11 2570-0004,,,,,,,,,,,,,,,,,,,,,,,,,,,,
Flor,Parrilla,Maschwitz,,,,,,,,,,,,,,* myContacts,,,Mobile,+54 9 11 5102-9490,,,,,,,,,,,,,,,,,,,,,,,,,,,,
Flor,Perfumes,Maschwitz,,,,,,,,,,,,,,* myContacts,,,Mobile,348 452-9362,,,,,,,,,,,,,,,,,,,,,,,,,,,,
Florcitaaa🌸cliente 2026,,,,,,,,,,,,,,,,* myContacts,,,Mobile,+5491171350355,,,,,,,,,,,,,,,,,,,,,,,,,,,,
"Florencia ""Fulanas""",,,,,,,,,,Ex Lucas,,,,,,* myContacts,,,Mobile,1133557864,,,,,,,,,,,,,,,,,,,,,,,,,,,,
Florencia (Facundo),Cliente,2021,,,,,,,,,,,,,,* myContacts,,,Mobile,+54 9 11 4036-1398,,,,,,,,,,,,,,,,,,,,,,,,,,,,
Florencia,(Novia,Valentin),,,,,,,,,,,,,,* myContacts,,,Mobile,+54 9 11 3566-4421,,,,,,,,,,,,,,,,,,,,,,,,,,,,
Florencia Bat Las Palmas,,,,,,,,,,,,,,,,* myContacts,,,Mobile,113484408888,,,,,,,,,,,,,,,,,,,,,,,,,,,,
Florencia,Cliente,2021×,,,,,,,,,,,,,,* myContacts,,,Mobile,+54 9 11 6413-5674,,,,,,,,,,,,,,,,,,,,,,,,,,,,
Florencia Cliente 2022,,,,,,,,,,,,,,,,* myContacts,,,Mobile,1149141850,Home,+541144375723,,,,,,,,,,,,,,,,,,,,,,,,,,
Florencia Cliente 2024,,,,,,,,,,,,,,,,* myContacts,,,Mobile,+5491163219080,,,,,,,,,,,,,,,,,,,,,,,,,,,,
Florencia,,Empleada,,,,,,,,,,,,,,* myContacts,,,Mobile,+54 9 11 3043-4036,,,,,,,,,,,,,,,,,,,,,,,,,,,,
Florencia,,Parmeghiano,,,,,,,,,,,,,,* myContacts,,,Mobile,1155020995,,,,,,,,,,,,,,,,,,,,,,,,,,,,
Foot Solution-plantillas,,Pablo,,,,,,,,,,,,,,* myContacts,,,Mobile,011 3548-6610,,,,,Home,"Tuyú 98, C1408HHB CABA, Argentina",98 Tuyú HHB,C1408HHB,,CABA,C1408,Argentina,,,,,,,,,,,,,,,,
Fran,,Maschwitz,,,,,,,,,,,,,,* myContacts,,,Work,1167193618,,,,,,,,,,,,,,,,,,,,,,,,,,,,
Francisco Cliente 2022,,,,,,,,,,,,,,,,* myContacts,,,Mobile,+541130292929,,,,,,,,,,,,,,,,,,,,,,,,,,,,
Francisco,,Empleado,,,,,,,,,,,,,,* myContacts,,,Mobile,+54 9 11 3034-0266,,,,,,,,,,,,,,,,,,,,,,,,,,,,
Francisco Ourens Cliente 2024,,,,,,,,,,,,,,,,* myContacts,,,Mobile,+5491144276327,,,,,,,,,,,,,,,,,,,,,,,,,,,,
Franco Cliente 2026,,,,,,,,,,,,,,,,* myContacts,,,Mobile,+5493364354349,,,,,,,,,,,,,,,,,,,,,,,,,,,,
Franco Ens.,frutas.,pizzas,,,,,,,,,,,,,,* myContacts,,,Mobile,1125377742,,,,,,,,,,,,,,,,,,,,,,,,,,,,
Fumigar,,(Diego),,,,,,,,,,,,,,* myContacts,,,Móvil,+54 9 11 3956-9191,,,,,,,,,,,,,,,,,,,,,,,,,,,,
Fundación Aiken,,,,,,,,,,,,,,,,* myContacts,,,Mobile,+54 11 2340-0390,,,,,,,,,,,,,,,,,,,,,,,,,,,,
fundación para la salud mental,,Psicoterapias Dinámicas,,,,,,,,Lavalle 3523,,,,,,* myContacts,,,Mobile,4861-3313,,,,,,,,,,,,,,,,,,,,,,,,,,,,
Gabi Instrumental,,De Parte De Alejandro Maschwitz,,,,,,,,,,,,,,* myContacts,,,Mobile,+5491123644739,,,,,,,,,,,,,,,,,,,,,,,,,,,,
Gabriel,(Gisella),Contador,,,,,,,,,,,,,,* myContacts,,,Mobile,+54 9 11 5752-2927,,,,,,,,,,,,,,,,,,,,,,,,,,,,
gabriel Cliente 2024,,gonzalez,,,,,,,,,,,,,,* myContacts,,,Mobile,+5491157373483,,,,,,,,,,,,,,,,,,,,,,,,,,,,
Gabriel,Cliente,Negocio,,,,,,,,,,,,,,* myContacts,,,Mobile,1151217858,,,,,,,,,,,,,,,,,,,,,,,,,,,,
Gabriel Venezolano De Parte De,Un,Cliente,,,,,,,,,,,,,,* myContacts,,,Mobile,0348154512360,,,,,,,,,,,,,,,,,,,,,,,,,,,,
Gabriela,,Clienta,,,,,,,,,,,,,,* myContacts,,,Mobile,+54 9 11 5414-0210,,,,,,,,,,,,,,,,,,,,,,,,,,,,
Gabriela,Clienta,2021,,,,,,,,,,,,,,* myContacts,,,Mobile,+54 11 6816-6969,,,,,,,,,,,,,,,,,,,,,,,,,,,,
Gabriela,Cliente,2021,,,,,,,,,,,,,,* myContacts,,,Mobile,+54 11 6429-0792,,,,,,,,,,,,,,,,,,,,,,,,,,,,
Gabriela,Cliente,2021×,,,,,,,,,,,,,,* myContacts,,,Mobile,+54 9 11 7008-2260,,,,,Home,El Canton Golf 328,El Canton Golf 328,,,,,,,,,,,,,,,,,,,,,
Gabriela Cliente 2023,,Juridico,,,,,,,,,,,,,,* myContacts,,,Mobile,+54 9 11 6936-2085,,,,,,,,,,,,,,,,,,,,,,,,,,,,
Gabriela Quiroga Profe Tango,Ing,Maschwitz,,,,,,,,,,,,,,* myContacts,,,Móvil,+54 9 11 4191-0268,,,,,,,,,,,,,,,,,,,,,,,,,,,,
Gaby,,Parmegiano,,,,,,,,,,,,,,* myContacts,,,Mobile,1132870775,,,,,,,,,,,,,,,,,,,,,,,,,,,,
Gadir Esmail,(Comida,Arabe),,,,,,,,,,,,,,* myContacts,,,Móvil,+54 9 11 3606-2215,,,,,,,,,,,,,,,,,,,,,,,,,,,,
Gamal,,,,,,,,,,,,,,,,* myContacts,,,Mobile,11-552-816-16,,,,,,,,,,,,,,,,,,,,,,,,,,,,
Gamal 2,,,,,,,,,,,,,,,,Importado el 9/12/15 ::: Importado el 8/12/15 1 ::: Importado el 8/12/15 ::: * myContacts,,,Home,11-584-536-36,,,,,,,,,,,,,,,,,,,,,,,,,,,,
Garage raul,,,,,,,,,,,,,,,,* myContacts,,,Mobile,1154043191,,,,,,,,,,,,,,,,,,,,,,,,,,,,
Garam Masala (Lacroze 2896),,Carla,,,,,,,,,,,,,,* myContacts,,,Mobile,48701363,,,,,,,,,,,,,,,,,,,,,,,,,,,,
 Garam Masala,,Proveedor Colegiales,,,,,,,,Carla,,,,,,* myContacts,,,,,,,,,,,,,,,,,,,,,,,,,,,,,,,,
Gas,,Lab,,,,,,,,,,,,,,* myContacts,,,Mobile,1140447910,,,,,,,,,,,,,,,,,,,,,,,,,,,,
Gaston Amigo De Lucas,,,,,,,,,,,,,,,,* myContacts,,,Mobile,+5491164064302,,,,,,,,,,,,,,,,,,,,,,,,,,,,
Gaston ballon,,,,,,,,,,,,,,,,* myContacts,,,Mobile,037-947-55955,,,,,,,,,,,,,,,,,,,,,,,,,,,,
Gaston cardozo,,,,,,,,,,,,,,,,* myContacts,,,Mobile,1167189745,,,,,,,,,,,,,,,,,,,,,,,,,,,,
Gaston Carnicero,La,Boutique,,,,,,,,,,,,,,* myContacts,,,Mobile,01169266715,,,,,,,,,,,,,,,,,,,,,,,,,,,,
Gaston,Cliente,2020,,,,,,,,,,,,,,* myContacts,,,Mobile,+54 9 11 4029-2050,,,,,,,,,,,,,,,,,,,,,,,,,,,,
Gaston Cliente 2024,,,,,,,,,,,,,,,,* myContacts,,,Mobile,+54 11 6153-8162,,,,,,,,,,,,,,,,,,,,,,,,,,,,
Gaston Cliente 2024,,Novio De Veronica,,,,,,,,‎Desconocido,,,,,,* myContacts,,,Mobile,+5491132489666,,,,,,,,,,,,,,,,,,,,,,,,,,,,
Gaston,Pintor,Puerto,,,,,,,,,,,,,,* myContacts,,,Mobile,+54 9 11 6272-5623,,,,,,,,,,,,,,,,,,,,,,,,,,,,
Gaston taller,,,,,,,,,,,,,,,,Importado el 9/12/15 ::: Importado el 8/12/15 1 ::: Importado el 8/12/15 ::: * myContacts,,,Work,1153100553,Mobile,11-457-153-77,,,,,,,,,,,,,,,,,,,,,,,,,,
Geaciela,Fatay,Paternal,,,,,,,,,,,,,,* myContacts,,,Mobile,11 5942-0444,,,,,,,,,,,,,,,,,,,,,,,,,,,,
GEDYT,,Turnos,,,,,,,,Ecoendoscopia,,,,,,* myContacts,,,Mobile,+5491171036100,,,,,,,,,,,,,,,,,,,,,,,,,,,,
Gerardo,Albañil,Lucas,,,,,,,,,,,,,,* myContacts,,,Mobile,11 6656-3875,,,,,,,,,,,,,,,,,,,,,,,,,,,,
Gerardo Cliente 2023,,🌌,,,,,,,,,,,,,,* myContacts,,,Mobile,+54 9 11 5025-6922,,,,,,,,,,,,,,,,,,,,,,,,,,,,
Gerardo Cliente 2025,,Cavanna -musico-,,,,,,,,,,,,,,* myContacts,,,Mobile,+5491123485872,,,,,,,,,,,,,,,,,,,,,,,,,,,,
German Bebidas (Amigo,De,Martin),,,,,,,,,,,,,,* myContacts,,,Mobile,1155060255,,,,,,,,,,,,,,,,,,,,,,,,,,,,
German,,Heladera,,,,,,,,,,,,,,* myContacts,,,Mobile,1151173034,,,,,,,,,,,,,,,,,,,,,,,,,,,,
Gigi Corsa II ,,Noya,,,,,,,,,,,,,https://lh3.googleusercontent.com/contacts/AG6tpzEZ2WonMua7fX4SGRZ2HVC0XdfVK34Go_fwZERDZK31gqcQwlfi,* myContacts,,,Móvil,+54 9 11 3087-6323,,,,,,,,,,,,,,,,,,,,,,,,,,,,
Gilda,,,,,,,,,,,,,,,,Importado el 9/12/15 ::: * myContacts,,,Mobile,40684941,,,,,,,,,,,,,,,,,,,,,,,,,,,,
Gisela Abogada,Cliente,Maschwitz,,,,,,,,,,,,,,* myContacts,,,Mobile,+54 9 11 6507-1035,,,,,,,,,,,,,,,,,,,,,,,,,,,,
Gisela,,Pardo,,,,,,,,,,,,,,Importado el 8/12/15 1 ::: * myContacts,* Other,puntoimpropio@gmail.com,,,,,,,,,,,,,,,,,,,,,,,,,,,,,,
Gisella Heladería Iceland,,,,,,,,,,,,,,,,* myContacts,,,Mobile,1121880249,,,,,,,,,,,,,,,,,,,,,,,,,,,,
Giselle Cliente 2025,,,,,,,,,,,,,,,,* myContacts,,,Mobile,+5491153177632,,,,,,,,,,,,,,,,,,,,,,,,,,,,
Gissela Cliente 2023,,Fiambrería ,,,,,,,,,,,,,,* myContacts,,,Mobile,11 5963-7705,,,,,,,,,,,,,,,,,,,,,,,,,,,,
Giuliana,,PedidosYa,,,,,,,,,,,,,,* myContacts,,,Mobile,+54 9 11 2817-6557,,,,,,,,,,,,,,,,,,,,,,,,,,,,
Gladys,Mercado,Maschwitz,,,,,,,,,,,,,,* myContacts,,,Mobile,011 2591-3892,Work,11 5175-4811,,,,,,,,,,,,,,,,,,,,,,,,,,
GLoria Mabel Quintana,,Hospital Udaondo Cama 315,,,,,,,,,,,,,,* myContacts,,,Mobile,+5491162626161,,,,,,,,,,,,,,,,,,,,,,,,,,,,
Gonzalo Aulet Arquitecto,Puertos,(Comprador),,,,,,,,,,,,,,* myContacts,* Home,gonzalo@aulet.com.ar,Mobile,1153290001,,,,,,,,,,,,,,,,,,,,,,,,,,,,
Gonzalo Cliente 2025,,,,,,,,,,,,,,,,* myContacts,,,Mobile,+5491168147812,,,,,,,,,,,,,,,,,,,,,,,,,,,,
Gonzalo Fumigador San Matías,San,Matías De Parte De Santiago,,,,,,,,,,,,,,* myContacts,,,Casa,+54 9 11 3181-8986,,,,,,,,,,,,,,,,,,,,,,,,,,,,
Graciela Cliente 2025,,Crespo,,,,,,,,,,,,,,* myContacts,,,Mobile,+5491132423060,,,,,,,,,,,,,,,,,,,,,,,,,,,,
graciela fer,,,,,,,,,,,,,,,,* myContacts,,,Mobile,01163718593,,,,,,,,,,,,,,,,,,,,,,,,,,,,
Graciela Mucama 10mo,19,Libertador,,,,,,,,,,,,,,* myContacts,,,Mobile,1134256229,,,,,,,,,,,,,,,,,,,,,,,,,,,,
Gringo Matias Cliente 2023,,,,,,,,,,,,,,,,* myContacts,,,Mobile,+5491158454246,,,,,,,,,,,,,,,,,,,,,,,,,,,,
Griselda Mercado Maschwitz Verduras,,,,,,,,,,,,,,,,* myContacts,,,Mobile,03483 90-282,,,,,,,,,,,,,,,,,,,,,,,,,,,,
Griselda Mercado Verduras Maschwitz,,,,,,,,,,,,,,,,* myContacts,,,Mobile,+5493484390282,,,,,,,,,,,,,,,,,,,,,,,,,,,,
Guada Cliente 2022,,,,,,,,,,,,,,,,* myContacts,,,Mobile,+54 9 348 431-3478,,,,,,,,,,,,,,,,,,,,,,,,,,,,
Guadalupe,Cliente,2031×,,,,,,,,,,,,,,* myContacts,,,Mobile,+54 9 11 5737-8570,,,,,Home,Traful 1022,Traful 1022,,,,,,,,,,,,,,,,,,,,,
guido,,,,,,,,,,,,,,,,Importado el 9/12/15 ::: * myContacts,,,Mobile,48049784,,,,,,,,,,,,,,,,,,,,,,,,,,,,
Guido,,Cliente,,,,,,,,,,,,,,* myContacts,,,Mobile,11 3597-0281,,,,,,,,,,,,,,,,,,,,,,,,,,,,
Guille Avender Estudio,De,Grabacion,,,,,,,,,,,,,,* myContacts,,,Móvil,+54 9 11 6404-1325,,,,,,,,,,,,,,,,,,,,,,,,,,,,
Guille Valente 🎸⚡,,Clases De Piano,,,,,,,,,,,,,,* myContacts,,,Mobile,+5491133939225,,,,,,,,,,,,,,,,,,,,,,,,,,,,
Guillermina Cliente 2024,,Jurozdicki,,,,,,,,,,,,,,* myContacts,,,Mobile,+5491132812191,,,,,,,,,,,,,,,,,,,,,,,,,,,,
Guillermo,(Yerno-carlitos,Gaitan),,,,,,,,,,,,,,* myContacts,,,Mobile,1165345130,,,,,,,,,,,,,,,,,,,,,,,,,,,,
Guillermo,,Cliente,,,,,,,,,,,,,,* myContacts,,,Mobile,11 3145-6361,,,,,,,,,,,,,,,,,,,,,,,,,,,,
Guillermo,Cliente,2021×,,,,,,,,,,,,,,* myContacts,,,Mobile,+54 9 11 3399-6666,,,,,,,,,,,,,,,,,,,,,,,,,,,,
Guillermo Cliente 2022,,Negrete,,,,,,,,,,,,,,* myContacts,,,Mobile,+54 9 11 3399-0475,,,,,,,,,,,,,,,,,,,,,,,,,,,,
Guillermo,Cliente,Masch,,,,,,,,,,,,,,* myContacts,,,Mobile,11 6646-6035,,,,,,,,,,,,,,,,,,,,,,,,,,,,
Guillermo De La Vega,,North-Gen,,,,,,,,,,,,,,* myContacts,,,Mobile,+54 9 11 4050-2023,Work,11 5473-5353,,,,,,,,,,,,,,,,,,,,,,,,,,
Guillermo,,saxo,,,,,,,,,,,,,,* myContacts,,,Mobile,11-640-413-25 ::: +5491164041325,,,,,,,,,,,,,,,,,,,,,,,,,,,,
Guillermo,,Ypf,,,,,,,,,,,,,,* myContacts,,,Mobile,11 5988-7965,,,,,,,,,,,,,,,,,,,,,,,,,,,,
Gus Cliente 2022,,Sassano,,,,,,,,,,,,,,* myContacts,,,Mobile,+54 9 11 6789-1487,,,,,,,,,,,,,,,,,,,,,,,,,,,,
Gus Y Moni Clientes,,,,,,,,,,,,,,,,* myContacts,,,Móvil,+54 9 11 6507-3077,,,,,,,,,,,,,,,,,,,,,,,,,,,,
Gustavo,Arregla,Extractor,,,,,,,,,,,,,,* myContacts,,,Mobile,+5491134071506,,,,,,,,,,,,,,,,,,,,,,,,,,,,
Gustavo,,Cliente,,,,,,,,,,,,,,* myContacts,,,Mobile,+5491144284444,,,,,,,,,,,,,,,,,,,,,,,,,,,,
Gustavo,Cliente,2021,,,,,,,,,,,,,,* myContacts,,,Mobile,+54 9 11 3759-9207,,,,,,,,,,,,,,,,,,,,,,,,,,,,
Gustavo Cliente 2022,,,,,,,,,,,,,,,,* myContacts,,,Mobile,+54 11 5729-8755,,,,,,,,,,,,,,,,,,,,,,,,,,,,
Gustavo Cliente 2024,,,,,,,,,,,,,,,,* myContacts,,,Mobile,+5491168000488,,,,,,,,,,,,,,,,,,,,,,,,,,,,
Gustavo,Cliente,Maschwitz,,,,,,,,,,,,,,* myContacts,,,Mobile,+54 9 11 4444-9892,,,,,,,,,,,,,,,,,,,,,,,,,,,,
Gustavo,Empleado,Negocio,,,,,,,,,,,,,,* myContacts,,,Móvil,+54 9 348 4370827,Mobile,1166608491,,,,,,,,,,,,,,,,,,,,,,,,,,
Gustavo Gasista,,De Parte De Ivana,,,,,,,,,,,,,,* myContacts,,,Móvil,+54 9 11 3540-2034,,,,,,,,,,,,,,,,,,,,,,,,,,,,
Gustavo Lopez,Albañil,Maschwitz,,,,,,,,,,,,,,* myContacts,,,Mobile,03484561443,,,,,,,,,,,,,,,,,,,,,,,,,,,,
Gustavo ,,Massud,,,,,,,,,,,,,,* myContacts,,,Mobile,+54 9 11 5591-9939,,,,,,,,,,,,,,,,,,,,,,,,,,,,
Gustavo,,Melena,,,,,,,,,,,,,,* myContacts,,,Mobile,1137040193,,,,,,,,,,,,,,,,,,,,,,,,,,,,
Gustavo Paez,Cliente,2021,,,,,,,,,,,,,,* myContacts,,,Mobile,+54 11 4971-1779,,,,,Home,Barrio San Lucas Lote 80,Barrio San Lucas Lote 80,,,,,,,,,,,,,,,,,,,,,
Gustavo Romi Pal,,,,,,,,,,,,,,,,* myContacts,,,Mobile,11 6687-1147,,,,,,,,,,,,,,,,,,,,,,,,,,,,
Gustavo Taller Nazca Diesel,,,,,,,,,,,,,,,,* myContacts,,,Mobile,4573-3096,,,,,,,,,,,,,,,,,,,,,,,,,,,,
Hanu Hija Salime,Cliente,2021×,,,,,,,,,,,,,https://lh3.googleusercontent.com/contacts/AG6tpzGjHJU0dGN6-U2tKzTZaVIQIK13CBZS-9ohCoHkO9mcChq2OgY1,* myContacts,,,Móvil,+54 9 11 5798-0373,,,,,,,,,,,,,,,,,,,,,,,,,,,,
Hector,Albañil,Seguridad,,,,,,,,,,,,,,* myContacts,,,Celular,+54 9 11 6903-4962,,,,,,,,,,,,,,,,,,,,,,,,,,,,
Hector,Almiron,WhatsApp,,,,,,,,,,,,,,* myContacts,,,Mobile,1167810891,,,,,,,,,,,,,,,,,,,,,,,,,,,,
hector,,baldassi,,,,,,,,,,,,,https://lh3.googleusercontent.com/contacts/AG6tpzGOlNMtDxFFaMB4RffA_PXpYIipT5CmdR9y3XtMG5HsksowuhdF,* myContacts,,,Mobile,1154590203,,,,,,,,,,,,,,,,,,,,,,,,,,,Other,https://plus.google.com/114297427188471759607
Hector,,Confiteria,,,,,,,,,,,,,,* myContacts,,,Mobile,01152494275,,,,,,,,,,,,,,,,,,,,,,,,,,,,
Hector roma,,,,,,,,,,,,,,,,* myContacts,,,Mobile,1144177550,,,,,,,,,,,,,,,,,,,,,,,,,,,,
Heladería Lola,,Antonela ,,,,,,,,,,,,,,* myContacts,,,Mobile,28378666,Work,45740455,,,,,,,,,,,,,,,,,,,,,,,,,,
Heladería Venecia,,,,,,,,,,,,,,,,* myContacts,,,Mobile,4572-1054,,,,,,,,,,,,,,,,,,,,,,,,,,,,
Helados CR,,,,,,,,,,,,,,,,* myContacts,,,Mobile,1138769098,,,,,,,,,,,,,,,,,,,,,,,,,,,,
Helados,,Pausa,,,,,,,,,,,,,,* myContacts,,,Mobile,+54 9 11 4971-1324,,,,,,,,,,,,,,,,,,,,,,,,,,,,
Hermana,De,Sofi,,,,,,,,,,,,,,* myContacts,,,Móvil,+54 9 11 6585-0494,,,,,,,,,,,,,,,,,,,,,,,,,,,,
Hernan,(Andrea),Cliente,,,,,,,,,,,,,,* myContacts,,,Mobile,11 6045-1200,,,,,,,,,,,,,,,,,,,,,,,,,,,,
Hernan,Cliente,2021×,,,,,,,,,,,,,,* myContacts,,,Mobile,11 4989-9597,,,,,,,,,,,,,,,,,,,,,,,,,,,,
Hernan Cliente 2023,,Frigoríficos,,,,,,,,,,,,,,* myContacts,,,Mobile,+5491133321432,,,,,,,,,,,,,,,,,,,,,,,,,,,,
Hernan Cliente 2025,,Huracan,,,,,,,,,,,,,,* myContacts,,,Mobile,+54 11 5019-8735,,,,,,,,,,,,,,,,,,,,,,,,,,,,
Hernán Cliente 2025 Salomone,,,,,,,,,,,,,,,,* myContacts,,,Mobile,+5491149355292,,,,,,,,,,,,,,,,,,,,,,,,,,,,
Hernan,Rodríguez,cliente,,,,,,,,,,,,,,* myContacts,,,Mobile,+54 9 11 3832-1102,,,,,,,,,,,,,,,,,,,,,,,,,,,,
Hernan Trinch,Muge,Pedidos,,,,,,,,,,,,,https://lh3.googleusercontent.com/contacts/AG6tpzHo0u6Q9cxu8Ev3P3CZjVKErS7vtvRq4IUjyyrFDoDkQeLZyZV6,* myContacts,,,Móvil,+54 9 11 2020-0636,,,,,,,,,,,,,,,,,,,,,,,,,,,,
Hernan,,Vasallo,,,,,,,,,,,,,,* myContacts,,,Home,+5491138058025,,,,,,,,,,,,,,,,,,,,,,,,,,,,
Herrajes Urquiza Cerrajería ,,,,,,,,,,,,,,,,* myContacts,,,Mobile,+541158160432,,,,,,,,,,,,,,,,,,,,,,,,,,,,
Herrero,Msrcos,(RAICHUNI,,,,,,,,,,,,,,* myContacts,,,Mobile,03484511414,,,,,,,,,,,,,,,,,,,,,,,,,,,,
Hintz Jorge,,,,,,,,,,,,,,,,Importado el 9/12/15 ::: Importado el 8/12/15 1 ::: Importado el 8/12/15 ::: * myContacts,,,Mobile,11-217-563-12,,,,,,,,,,,,,,,,,,,,,,,,,,,,
HM san Jose,Entre,Rios,,,,,,,,,,,,,,* myContacts,,,Mobile,11 5603-7847,,,,,,,,,,,,,,,,,,,,,,,,,,,,
homepa judith,,,,,,,,,,,,,,,,* myContacts,,,Mobile,1140702628,,,,,,,,,,,,,,,,,,,,,,,,,,,,
Honda,,Devoto,,,,,,,,,"Pareja 3449, C1419GUA Cdad. Autónoma de Buenos Aires",Horarios: Lunes a Viernes: de 8:00 a 12:30 hs. y de 13:30 a 18 hs,,,,* myContacts,,,Mobile,11-3885-4100,,,,,,,,,,,,,,,,,,,,,,,,,,,,
Horacio,Carnicería,Villanueva,,,,,,,,,,,,,,* myContacts,,,Mobile,1136937916,,,,,,,,,,,,,,,,,,,,,,,,,,,,
Hospital,,Alvarez,,,,,,,,,,,,,,* myContacts,,,Mobile,011 4630-2900,,,,,Home,Odontología int: 2104 Andrea ,Odontología int: 2104 Andrea,,,,,,,Work,Odonto Daneri ,Odonto Daneri,,,,,,,,,,,,
Hospital Militar ,,,,,,,,,,L M Campos 726,,,,,,* myContacts,,,Mobile,11 4576-5737,,,,,,,,,,,,,,,,,,,,,,,,,,,,
Hospital Oncologico De Jose,C.,Paz,,,,,,,,,,,,,,* myContacts,,,Mobile,+54 2320 35-3105,,,,,,,,,,,,,,,,,,,,,,,,,,,,
Hospital Sirio Libanes,,,,,,,,,,,,,,,,* myContacts,,,Mobile,0810-888-0063,,,,,,,,,,,,,,,,,,,,,,,,,,,,
Hospitales Turnos,,,,,,,,,,,,,,,,* myContacts,,,Mobile,08004444999,,,,,,,,,,,,,,,,,,,,,,,,,,,,
Hotel Vertientes,,Termas De Villa Elisa,,,,,,,,Hotel Vertientes,,,,,,* myContacts,,,Mobile,+54 9 3447 53-3651,,,,,,,,,,,,,,,,,,,,,,,,,,,,
Hualid 7 Especies,,,,,,,,,,,,,,,,* myContacts,,,Home,11-302-680-99,,,,,Home,Moldes 1801 Y La Pampa,"La Pampa
Moldes 1801 Y",,,,,,,,,,,,,,,,,,,,,
Hugito /lucas,,,,,,,,,,,,,,,,* myContacts,,,Mobile,01137606426,,,,,,,,,,,,,,,,,,,,,,,,,,,,
Hugo Barba Roja,,Spera,,,,,,,,,,,,,,* myContacts,,,Mobile,+5491169106104,,,,,,,,,,,,,,,,,,,,,,,,,,,,
Hugo carnicero,,,,,,,,,,,,,,,,Importado el 9/12/15 ::: * myContacts,,,Mobile,1137349692,,,,,,,,,,,,,,,,,,,,,,,,,,,,
Hugo Condori,,,,,,,,,,Hugo Condori,,,,,,* myContacts,,,Mobile,+5491124701984,,,,,,,,,,,,,,,,,,,,,,,,,,,,
Hugo Puntocom,,,,,,,,,,,,,,,,* myContacts,,,Mobile,1135868065,,,,,,,,,,,,,,,,,,,,,,,,,,,,
Hugo Rocha Aceite,,,,,,,,,,,,,,,,* myContacts,,,Mobile,11 4491-7473,,,,,,,,,,,,,,,,,,,,,,,,,,,,
Huilen,(Mica),Clienta,,,,,,,,,,,,,,* myContacts,,,Mobile,+54 9 348 455-2519,,,,,,,,,,,,,,,,,,,,,,,,,,,,
Iara,,Niñera,,,,,,,,,,,,,,* myContacts,,,Móvil,+54 9 11 2553-5038,,,,,,,,,,,,,,,,,,,,,,,,,,,,
Ice Dreams Montecastro,,Helados (JONTE 5400),,,,,,,,Ice Dreams Montecastro,,,,,,* myContacts,,,Mobile,+5491176430210,,,,,,,,,,,,,,,,,,,,,,,,,,,,
Ignacii Leca (Tec,Cocina,Flor),,,,,,,,,,,,,,* myContacts,,,Mobile,11 6112-8767,,,,,,,,,,,,,,,,,,,,,,,,,,,,
Ignacio,Cliente,2020,,,,,,,,,,,,,,* myContacts,,,Mobile,+54 9 11 6908-1318,,,,,,,,,,,,,,,,,,,,,,,,,,,,
Ignacio Olivera,Varices,Cirujano,,,,,,,,,,,,,,* myContacts,,,Mobile,11 5095-4282,,,,,Home,6to A 8460 Av Libertador,6to A 8460 Av Libertador,,,,,,,,,,,,,,,,,,,,,
Imperio Pizzeria,,Pizzeria Iguazu,,,,,,,,,,,,,,* myContacts,,,Móvil,+54 9 3757 54-2047,,,,,,,,,,,,,,,,,,,,,,,,,,,,
implantes,,,,,,,,,,,,,,,,Importado el 9/12/15 ::: * myContacts,,,Mobile,08008883368,,,,,,,,,,,,,,,,,,,,,,,,,,,,
Imprenta Gad Villanueva,,Jimena,,,,,,,,,,,,,,* myContacts,,,Mobile,1123978988,,,,,,,,,,,,,,,,,,,,,,,,,,,,
Impresiones Color,Copias,Viamont,,,,,,,,,,,,,,* myContacts,,,Mobile,11 6014-3879,,,,,,,,,,,,,,,,,,,,,,,,,,,,
Indi Venta De Hielo,,,,,,,,,,,,,,,,* myContacts,,,Mobile,+5491155939095,,,,,,,,,,,,,,,,,,,,,,,,,,,,
Indira 4to,21,Zapiola,,,,,,,,,,,,,,* myContacts,,,Mobile,1561159736,,,,,,,,,,,,,,,,,,,,,,,,,,,,
Ine Deswarte Cliente 2033,,,,,,,,,,,,,,,,* myContacts,,,Mobile,+5491154187659,,,,,,,,,,,,,,,,,,,,,,,,,,,,
Ines,Al,Pueblo,,,,,,,,,,,,,,* myContacts,,,Mobile,01145341489,,,,,,,,,,,,,,,,,,,,,,,,,,,,
Ines Cliente,2021×,Garin,,,,,,,,,,,,,,* myContacts,,,Mobile,+54 9 11 6175-5430,,,,,,,,,,,,,,,,,,,,,,,,,,,,
Ioma What's Up,,,,,,,,,,,,,,,,* myContacts,,,Mobile,11 2883-8418,,,,,,,,,,,,,,,,,,,,,,,,,,,,
Irene Carnicería El Ceibo,,💫,,,,,,,,,,,,,,* myContacts,,,Mobile,+54 9 11 3146-9376,,,,,,,,,,,,,,,,,,,,,,,,,,,,
Irene Hija,De,Cleo,,,,,,,,,,,,,,* myContacts,,,Mobile,+54 9 11 4081-2887,,,,,,,,,,,,,,,,,,,,,,,,,,,,
Irina Cliente 2024,,,,,,,,,,,,,,,,* myContacts,,,Mobile,+5493484396203,,,,,,,,,,,,,,,,,,,,,,,,,,,,
Isa (Nieta) ,,,,,,,,,,,,,,,,* myContacts,,,Mobile,+54 9 11 5454-1681,,,,,,,,,,,,,,,,,,,,,,,,,,,,
Isa Marino Fasta,,,,,,,,,,,,,,,,* myContacts,,,Mobile,+5491151506571,,,,,,,,,,,,,,,,,,,,,,,,,,,,
Isa Nieta,,Alonso Novack,,,,,,,,,,,,,,* myContacts,,,Móvil,1154541681,,,,,,,,,,,,,,,,,,,,,,,,,,,,
Isabel Nieta,,Alonso Novack,,,,,,,,,,,,,,* myContacts,,,Trabajo,+54 9 11 5454-1681,,,,,,,,,,,,,,,,,,,,,,,,,,,,
Isnel,,Venezuela,,,,,,,,,,,,,,* myContacts,,,Mobile,+54 9 11 3561-0802,,,,,,,,,,,,,,,,,,,,,,,,,,,,
Ivan,,,,,,,,,,,,,,,,* myContacts,,,Mobile,+34 681 05 46 02,,,,,,,,,,,,,,,,,,,,,,,,,,,,
Ivan,,✪,,,,,,,,,,,,,https://lh3.googleusercontent.com/contacts/AG6tpzEKMQvLL7kja3LUmEvs3j0kZwo_EWCCWfI1Wt0N3fh3qfHj3VEa,Importado el 8/12/15 1 ::: * myContacts,* Other,ivansolomonoff@gmail.com,,,,,,,,,,,,,,,,,,,,,,,,,,,,,Other,http://www.google.com/profiles/103306525259936887563 ::: http://www.google.com/profiles/103306525259936887563
Ivan Carnicería Don Ivan,,,,,,,,,,,,,,,,* myContacts,,,Mobile,+5491176007845,,,,,,,,,,,,,,,,,,,,,,,,,,,,
Ivan,Piak,Mayoristanet,,,,,,,,,,,,,,* myContacts,,,Mobile,1133541464,,,,,,,,,,,,,,,,,,,,,,,,,,,,
Ivana Cliente 2022 (Fer),,Chayle,,,,,,,,,,,,,,* myContacts,,,Mobile,+54 9 11 5998-2772,,,,,,,,,,,,,,,,,,,,,,,,,,,,
Ivana Ortiz Gasista Matriculado,De,Gasban,,,,,,,,,,,,,,* myContacts,,,Móvil,+54 9 11 6480-8175,,,,,,,,,,,,,,,,,,,,,,,,,,,,
Ivana YPF Turno ,,,,,,,,,,,,,,,,* myContacts,,,Mobile,1122828190,,,,,,,,,,,,,,,,,,,,,,,,,,,,
Jaci Hijo De Ezequiel,,,,,,,,,,,,,,,,* myContacts,,,Mobile,+5491154789493,,,,,,,,,,,,,,,,,,,,,,,,,,,,
jacqueline,Cliente,Canton,,,,,,,,,,,,,,* myContacts,,,Mobile,11 4157-6686,,,,,,,,,,,,,,,,,,,,,,,,,,,,
Jana bailarina,,,,,,,,,,,,,,,,* myContacts,,,Mobile,1151577867,,,,,,,,,,,,,,,,,,,,,,,,,,,,
Janet 4to,A,Soldado,,,,,,,,,,,,,,* myContacts,,,Celular,+54 9 11 4578-3782,,,,,,,,,,,,,,,,,,,,,,,,,,,,
Jatar,,,,,,,,,,,,,,,,Importado el 9/12/15 ::: * myContacts,,,Mobile,42183398,,,,,,,,,,,,,,,,,,,,,,,,,,,,
Javi Cliente 2024,,,,,,,,,,,,,,,,* myContacts,,,Mobile,+5491134373858,,,,,,,,,,,,,,,,,,,,,,,,,,,,
Javier Bar,Vecino,BBB,,,,,,,,,,,,,,* myContacts,,,Mobile,11 5635-3169,,,,,,,,,,,,,,,,,,,,,,,,,,,,
Javier Barthe Cliente 2024,,,,,,,,,,,,,,,,* myContacts,,,Mobile,+5491167285411,,,,,,,,,,,,,,,,,,,,,,,,,,,,
Javier,Cliente,2021,,,,,,,,Casa Evolutiva,,,,,,* myContacts,,,Mobile,+54 9 11 6625-6211,,,,,,,,,,,,,,,,,,,,,,,,,,,,
Javier Cliente 2033,,,,,,,,,,,,,,,,* myContacts,,,Mobile,+54 9 11 7118-9039,,,,,,,,,,,,,,,,,,,,,,,,,,,,
Javier,Electricista,Juan,,,,,,,,,,,,,,* myContacts,,,Trabajo,+54 911526866985,Móvil,+54 9 11 2686-6985,,,,,,,,,,,,,,,,,,,,,,,,,,
Javier,Electricista,Puertos,,,,,,,,,,,,,,* myContacts,,,Mobile,1157937060,,,,,,,,,,,,,,,,,,,,,,,,,,,,
Javier Marquez Lobos ,,La Forja,,,,,,,,,,,,,,* myContacts,,,Mobile,2227625958,,,,,,,,,,,,,,,,,,,,,,,,,,,,
Javito,,,,,,,,,,,,,,,,* myContacts,,,Home,+5492494339207,,,,,,,,,,,,,,,,,,,,,,,,,,,,
Jerónimo (Hijo De Gerardo) ,,,,,,,,,,,,,,,,* myContacts,,,Mobile,+54 9 11 2319-3752,,,,,,,,,,,,,,,,,,,,,,,,,,,,
Jesica Cliente 2024,,Gonzalez,,,,,,,,,,,,,,* myContacts,,,Mobile,+5491169828056,,,,,,,,,,,,,,,,,,,,,,,,,,,,
Jesus,Teatro,Publicidad,,,,,,,,,,,,,,* myContacts,,,Mobile,2323327477,,,,,,,,,,,,,,,,,,,,,,,,,,,,
Jhonny,,allon,,,,,,,,,,,,,,Importado el 8/12/15 1 ::: * myContacts,,,Other,11-522-855-50,,,,,,,,,,,,,,,,,,,,,,,,,,,,
Jijijija,,,,,,,,,,,,,,,,* myContacts,,,Mobile,11 6743-1884,,,,,,,,,,,,,,,,,,,,,,,,,,,,
Jimena casa,,,,,,,,,,,,,,,,Importado el 9/12/15 ::: * myContacts,,,Mobile,47531954,,,,,,,,,,,,,,,,,,,,,,,,,,,,
Jimena,,Mellea,,,,,,,,,,,,,,* myContacts,,,Mobile,011-347-17494 ::: +5491134717494,,,,,,,,,,,,,,,,,,,,,,,,,,,,
Joaco Cliente 2024,,,,,,,,,,,,,,,,* myContacts,,,Mobile,+5491128803518,,,,,,,,,,,,,,,,,,,,,,,,,,,,
Joaquin,,,,,,,,,,,,,,,,* myContacts,,,Mobile,11 6585-1516,,,,,,,,,,,,,,,,,,,,,,,,,,,,
Joaquin Ribarola Cliente 2024,,,,,,,,,,Joaquin Ribarola,,,,,,* myContacts,,,Mobile,+5491124595424,,,,,,,,,,,,,,,,,,,,,,,,,,,,
Jonat benelli,,,,,,,,,,,,,,,,* myContacts,,,Mobile,011-303-78484,,,,,,,,,,,,,,,,,,,,,,,,,,,,
Jonathan Electricidad amigo,De,Lucas,,,,,,,,,,,,,,* myContacts,,,Celular,+54 9 11 3886-4668,,,,,,,,,,,,,,,,,,,,,,,,,,,,
Jonathan Futbol,,Buen Pastor,,,,,,,,,,,,,,* myContacts,,,Mobile,11 4083-2192,,,,,,,,,,,,,,,,,,,,,,,,,,,,
Jorge Atallah,,,,,,,,,,,,,,,,* myContacts,,,Mobile,2656412073,,,,,,,,,,,,,,,,,,,,,,,,,,,,
Jorge Cliente 2022,,Lorenzatti,,,,,,,,,,,,,,* myContacts,,,Mobile,+5491166545718,,,,,,,,,,,,,,,,,,,,,,,,,,,,
Jorge Cliente 2022,,Tomassone,,,,,,,,,,,,,,* myContacts,,,Mobile,+54 9 11 2248-0799,,,,,,,,,,,,,,,,,,,,,,,,,,,,
Jorge Cliente 2023 Caviglia,,,,,,,,,,,,,,,,* myContacts,,,Mobile,+5491149782091,,,,,,,,,,,,,,,,,,,,,,,,,,,,
Jorge Cliente 2024,,,,,,,,,,,,,,,,* myContacts,,,Mobile,+5491165723428,,,,,,,,,,,,,,,,,,,,,,,,,,,,
Jorge Cliente 2024,,,,,,,,,,,,,,,,* myContacts,,,Mobile,+5493489624066,,,,,,,,,,,,,,,,,,,,,,,,,,,,
Jorge El,Luchador,Pedidos,,,,,,,,,,,,,,* myContacts,,,Mobile,1124653021,,,,,,,,,,,,,,,,,,,,,,,,,,,,
Jorge,Frigorifico,Ben,,,,,,,,,,,,,,* myContacts,,,Mobile,+54 9 11 5926-9563,,,,,,,,,,,,,,,,,,,,,,,,,,,,
Jorge,,Lunabu,,,,,,,,,,,,,,Importado el 9/12/15 ::: Importado el 8/12/15 1 ::: Importado el 8/12/15 ::: * myContacts,,,Home,11-678-212-28,,,,,,,,,,,,,,,,,,,,,,,,,,,,
Jorge of Hintz,,,,,,,,,,,,,,,,Importado el 9/12/15 ::: * myContacts,,,Mobile,41361831,,,,,,,,,,,,,,,,,,,,,,,,,,,,
Jorge,Paragua,Tarquini,,,,,,,,,,,,,,* myContacts,,,Celular,+54 9 11 3379-1581,,,,,,,,,,,,,,,,,,,,,,,,,,,,
Jorge,,Peluqueria,,,,,,,,,,,,,,* myContacts,,,Mobile,11 5893-0646,,,,,,,,,,,,,,,,,,,,,,,,,,,,
Jorge súper Chino,,,,,,,,,,,,,,,,* myContacts,,,Mobile,1131521825,,,,,,,,,,,,,,,,,,,,,,,,,,,,
Jorge Venezolano,Papas,Balcarce,,,,,,,,,,,,,,* myContacts,,,Móvil,+54 9 11 6410-6501,,,,,,,,,,,,,,,,,,,,,,,,,,,,
Jorge Vera Coca Cola,,Femsa,,,,,,,,,,,,,,* myContacts,,,Mobile,11 3821-3873,,,,,,,,,,,,,,,,,,,,,,,,,,,,
Jose (Maqui. Comanderas) Gladys,De,Kairo,,,,,,,,,,,,,,* myContacts,,,Mobile,11 3763-8185,,,,,,,,,,,,,,,,,,,,,,,,,,,,
Jose Hijo De Mirta,,,,,,,,,,,,,,,,* myContacts,,,Home,+5491151439554,,,,,,,,,,,,,,,,,,,,,,,,,,,,
Jose La Fuente Quinteros Donaciones,Escuelas,Rurales,,,,,,,,,,,,,,* myContacts,,,Casa,+54 945730616,Otro,+54 9 11 5035-1297,,,,,,,,,,,,,,,,,,,,,,,,,,
Jose Luis Cliente 2023,,Venezuela ,,,,,,,,,,,,,,* myContacts,,,Mobile,+54 9 11 6494-9326,,,,,,,,,,,,,,,,,,,,,,,,,,,,
Jose María Cliente 2023,,,,,,,,,,,,,,,,* myContacts,,,Mobile,+54 9 11 3145-1653,,,,,,,,,,,,,,,,,,,,,,,,,,,,
Jose,Maria,Consorcio,,,,,,,,,,,,,,* myContacts,,,Privado,+54 9 11 7513-0811,,,,,,,,,,,,,,,,,,,,,,,,,,,,
Jose Maria Muebles,A,Medida,,,,,,,,,,,,,,* myContacts,,,Mobile,+54 9 11 6458-4438,,,,,,,,,,,,,,,,,,,,,,,,,,,,
juan,,,,,,,,,,,,,,,,Importado el 9/12/15 ::: Importado el 8/12/15 1 ::: Importado el 8/12/15 ::: * myContacts,,,Mobile,011-619-58233,,,,,,,,,,,,,,,,,,,,,,,,,,,,
Juan 3B,,,,,,,,,,,,,,,,Importado el 9/12/15 ::: * myContacts,,,Mobile,01130317254,,,,,,,,,,,,,,,,,,,,,,,,,,,,
Juan Alumno (,Guitarra,),,,,,,,,,,,,,,* myContacts,,,Mobile,+54 9 11 3424-2422,,,,,,,,,,,,,,,,,,,,,,,,,,,,
Juan Armenio Alumno,,,,,,,,,,,,,,,,* myContacts,,,Mobile,+5491127698637 ::: +54 9 11 3953-5129,,,,,,,,,,,,,,,,,,,,,,,,,,,,
Juan Bautista Castillo,,Ingeniero Maschwitz,,,,,,,,,,,,,,* myContacts,,,Mobile,+5491137899368,,,,,,,,,,,,,,,,,,,,,,,,,,,,
Juan,Carlos,Almiron,,,,,,,,,,,,,,* myContacts,,,Móvil,+1 (843) 750-0049,,,,,,,,,,,,,,,,,,,,,,,,,,,,
Juan Carlos,pan,Arabe,,,,,Gorriti 4719,,,,,,,,,* myContacts,,,Mobile,011 3595-3636,,,,,,,,,,,,,,,,,,,,,,,,,,,,
Juan,,Cliente,,,,,,,,,,,,,,* myContacts,,,Mobile,+54 11 5473-1379,,,,,Home,La Plata 845 Ing Maschwitz,845 La Plata,Ing Maschwitz,,,,,,,,,,,,,,,,,,,,
Juan,Cliente,2020,,,,,,,,,,,,,,* myContacts,,,Mobile,+54 9 11 3631-8943,,,,,,,,,,,,,,,,,,,,,,,,,,,,
Juan Cliente 2022,,,,,,,,,,,,,,,,* myContacts,,,Mobile,+54 9 11 3130-8390,,,,,,,,,,,,,,,,,,,,,,,,,,,,
Juan Cliente 2025,,Sola,,,,,,,,,,,,,,* myContacts,,,Mobile,+5491144247536,,,,,,,,,,,,,,,,,,,,,,,,,,,,
Juan Cliente Colgado,,,,,,,,,,,,,,,,* myContacts,,,Mobile,11 6350-4937,,,,,,,,,,,,,,,,,,,,,,,,,,,,
Juan,Cliente.,2021,,,,,,,,,,,,,,* myContacts,,,Mobile,+54 9 11 5990-9586,,,,,,,,,,,,,,,,,,,,,,,,,,,,
Juan Cocinas Freidoras,,Gastronómic Group,,,,,,,,,,,,,,* myContacts,,,Mobile,1155070078,,,,,,,,,,,,,,,,,,,,,,,,,,,,
Juan Cruz Gonzalez,,Municipalidad De Escobar,,,,,,,,Ramiro Cassano,,,,,,* myContacts,,,Mobile,1169917323,,,,,,,,,,,,,,,,,,,,,,,,,,,,
Juan Djian,,,,,,,,,,,,,,,,* myContacts,,,Home,+5491169384802,,,,,,,,,,,,,,,,,,,,,,,,,,,,
Juan Frigorífico Florida ,,,,,,,,,,,,,,,,* myContacts,,,Mobile,+541139147020,,,,,,,,,,,,,,,,,,,,,,,,,,,,
Juan,,nachmi,,,,,,,,,,,,,,Importado el 8/12/15 1 ::: * myContacts,,,Main,1-544-161-126,Home,11-441-611-26,,,,,,,,,,,,,,,,,,,,,,,,,,
Juan Oficial,Albañil,Puertos,,,,,,,,,,,,,,* myContacts,,,Celular,+54 9 11 5569-8959,,,,,,,,,,,,,,,,,,,,,,,,,,,,
Juan Pablo Cliente 2 024Yannone,,,,,,,,,,,,,,,,* myContacts,,,Mobile,+5491155865197,,,,,,,,,,,,,,,,,,,,,,,,,,,,
Juan Pablo Cliente 2022,,,,,,,,,,,,,,,,* myContacts,,,Mobile,+541136682770,,,,,,,,,,,,,,,,,,,,,,,,,,,,
Juan Pablo Cliente 2026,,,,,,,,,,,,,,,,* myContacts,,,Mobile,+5491141577700,,,,,,,,,,,,,,,,,,,,,,,,,,,,
juan pablo cortelezzi,,Fotógrafo Del Colegio Belisario,,,,,,,,,,,,,,* myContacts,,,Mobile,+5491150025108,,,,,,,,,,,,,,,,,,,,,,,,,,,,
Juan pablo Petruccelli,Cliente,2021,,,,,,,,,,,,,,* myContacts,,,Mobile,+54 9 11 3567-7254,,,,,,,,,,,,,,,,,,,,,,,,,,,,
Juan Pelliza ,,,,,,,,,,,,,,,,* myContacts,,,Mobile,1132306687,,,,,,,,,,,,,,,,,,,,,,,,,,,,
Juan Pintor,,De Parte De Tamara,,,,,,,,,,,,,,* myContacts,,,,,,,,,,,,,,,,,,,,,,,,,,,,,,,,
Juan Propietario 6to,33,Zapiola,,,,,,,,,,,,,,* myContacts,,,Mobile,1160539870,,,,,,,,,,,,,,,,,,,,,,,,,,,,
Juan Remís Las Calandria,,,,,,,,,,,,,,,,* myContacts,,,Mobile,+5493757673567,,,,,,,,,,,,,,,,,,,,,,,,,,,,
Juan Romipal,,,,,,,,,,,,,,,,* myContacts,,,Mobile,+5491156901261,,,,,,,,,,,,,,,,,,,,,,,,,,,,
Juan Salcedo Pancochi,,,,,,,,,,,,,,,,* myContacts,,,Mobile,11 6650-8292,,,,,,,,,,,,,,,,,,,,,,,,,,,,
Juan Sonidista,,,,,,,,,,,,,,,,* myContacts,,,Home,+5491149941260,,,,,,,,,,,,,,,,,,,,,,,,,,,,
Juan Villalba,Pedidos,Ya,,,,,,,,,,,,,,* myContacts,,,Mobile,+54 9 11 7008-8993,,,,,,,,,,,,,,,,,,,,,,,,,,,,
Juan Wv Variant Tdi 2004,,,,,,,,,,,,,,,,* myContacts,,,Mobile,1132919707,,,,,,,,,,,,,,,,,,,,,,,,,,,,
juana de la torre Cliente 2025,,,,,,,,,,,,,,,,* myContacts,,,Mobile,+5491160217938,,,,,,,,,,,,,,,,,,,,,,,,,,,,
Juancho Cliente 2024,,,,,,,,,,,,,,,,* myContacts,,,Mobile,+5491139522648,,,,,,,,,,,,,,,,,,,,,,,,,,,,
juanjo,,,,,,,,,,,,,,,,Importado el 9/12/15 ::: Importado el 8/12/15 1 ::: Importado el 8/12/15 ::: * myContacts,,,Mobile,034-115-5523169,,,,,,,,,,,,,,,,,,,,,,,,,,,,
Juanjo Hijo de,Ana,Aboud,,,,,,,,,,,,,,* myContacts,,,Mobile,+54 11 3569-2215,,,,,Home,Soldado 1434,Soldado 1434,,,,,,,,,,,,,,,,,,,,,
Juaquin,Cliente,maschwitz,,,,,,,,,,,,,,* myContacts,,,Mobile,1136551588,,,,,,,,,,,,,,,,,,,,,,,,,,,,
Judith Maru,,Makro Ventas,,,,,,,,,,,,,,* myContacts,,,Mobile,+5491127360721,,,,,,,,,,,,,,,,,,,,,,,,,,,,
Judith rios,,,,,,,,,,,,,,,,* myContacts,,,Mobile,01156623380,,,,,,,,,,,,,,,,,,,,,,,,,,,,
Juli Arias Cliente 2024,,(Leo),,,,,,,,,,,,,,* myContacts,,,Mobile,+5491137866700,,,,,,,,,,,,,,,,,,,,,,,,,,,,
Juli la,mejor,prima,,,,,,,,,,,,,,* myContacts,,,Mobile,11 3937-8442,,,,,,,,,,,,,,,,,,,,,,,,,,,,
Julia,Cliente,2021,,,,,,,,,,,,,,* myContacts,,,Mobile,+54 9 11 6450-6307,,,,,Home,Africa 1940 Esq Oceanía,Africa 1940 Esq Oceanía,,,,,,,,,,,,,,,,,,,,,
Julia Cliente,2021,Araucaria,,,,,,,,,,,,,,* myContacts,,,Mobile,+54 9 11 2742-0428,,,,,,,,,,,,,,,,,,,,,,,,,,,,
Julia,Cliente,2021×,,,,,,,,,,,,,,* myContacts,,,Mobile,+54 9 11 6324-3925,,,,,,,,,,,,,,,,,,,,,,,,,,,,
Julia Cliente 2022,,,,,,,,,,,,,,,,* myContacts,,,Mobile,1161352310,,,,,,,,,,,,,,,,,,,,,,,,,,,,
julia Cliente 2023,,,,,,,,,,,,,,,,* myContacts,,,Mobile,+54 9 11 3054-1109,,,,,,,,,,,,,,,,,,,,,,,,,,,,
Julian,Cliente,2020,,,,,,,,,,,,,,* myContacts,,,Mobile,+54 348 450-3072,,,,,,,,,,,,,,,,,,,,,,,,,,,,
Julián Cliente 2024 Turoni,,,,,,,,,,,,,,,,* myContacts,,,Mobile,+5491151475744,,,,,,,,,,,,,,,,,,,,,,,,,,,,
Julian Cliente 2024,,Utrera,,,,,,,,,,,,,,* myContacts,,,Mobile,+5493484396663,,,,,,,,,,,,,,,,,,,,,,,,,,,,
Juliana,Limpieza,Tapizados,,,,,,,,,,,,,,* myContacts,,,Mobile,11 6119-7465,,,,,,,,,,,,,,,,,,,,,,,,,,,,
Juliana Para Trabajar 2023,,Noviembre ,,,,,,,,,,,,,,* myContacts,,,Mobile,11 6454-1682,,,,,,,,,,,,,,,,,,,,,,,,,,,,
Juliana Para,Trabajo,2021,,,,,,,,,,,,,,* myContacts,,,Mobile,11 2283-2969,,,,,,,,,,,,,,,,,,,,,,,,,,,,
julieta casa,,,,,,,,,,,,,,,,Importado el 9/12/15 ::: * myContacts,,,Mobile,47396978,,,,,,,,,,,,,,,,,,,,,,,,,,,,
Julieta Cliente 2024,,Tunica,,,,,,,,,,,,,,* myContacts,,,Mobile,+5491136739961,,,,,,,,,,,,,,,,,,,,,,,,,,,,
Julieta dichia,,,,,,,,,,,,,,,,* myContacts,,,Mobile,011-491-40976,,,,,,,,,,,,,,,,,,,,,,,,,,,,
Julieta Limpieza Depto Mama,,,,,,,,,,,,,,,,* myContacts,,,Mobile,+5491126335090,,,,,,,,,,,,,,,,,,,,,,,,,,,,
Julieta Mamá de Flor,,Fasta,,,,,,,,,,,,,,* myContacts,,,Mobile,+5491151509377,,,,,,,,,,,,,,,,,,,,,,,,,,,,
Julieta Postres,Ing,Maschwitz,,,,,,,,,,,,,,* myContacts,,,Mobile,1140365069,,,,,,,,,,,,,,,,,,,,,,,,,,,,
Julieta Sanchez,Clienta,Maschwitz,,,,,,,,,,,,,,* myContacts,,,Mobile,+54 9 11 3957-2004,,,,,,,,,,,,,,,,,,,,,,,,,,,,
Julieta Y,Diego,Clientes,,,,,,,,,,,,,,* myContacts,,,Mobile,+54 9 11 6258-2807,,,,,,,,,,,,,,,,,,,,,,,,,,,,
Julio gase,,,,,,,,,,,,,,,,* myContacts,,,Mobile,+54 9 221 596-9104,,,,,,,,,,,,,,,,,,,,,,,,,,,,
Julio Gonzalez,Mecanico,Dental,,,,,,,,,,,,,,* myContacts,,,Móvil,+54 9 221 436-4545,,,,,,,,,,,,,,,,,,,,,,,,,,,,
Julio Mecanico (Urquiza),,(Jorge Peluquero),,,,,,,,,,,,,,* myContacts,,,Mobile,+5491140245899,,,,,,,,,,,,,,,,,,,,,,,,,,,,
justicia contravencional y,de,faltas,,,,,,,,,,,,,,* myContacts,,,Mobile,0800-333-47225,,,,,,,,,,,,,,,,,,,,,,,,,,,,
Kairós Mayorista Pancochi,,,,,,,,,,,,,,,,* myContacts,,,Mobile,+54 9 11 6806-4230,,,,,,,,,,,,,,,,,,,,,,,,,,,,
Karina Freezer $36000,,,,,,,,,,,,,,,,* myContacts,,,Mobile,1161804301,,,,,,,,,,,,,,,,,,,,,,,,,,,,
Karina,,Molinillo,,,,,,,,,,,,,,* myContacts,,,Móvil,+54 9 11 3766-3379,,,,,,,,,,,,,,,,,,,,,,,,,,,,
Karol Amiga De Caro Gaitán ,,,,,,,,,,,,,,,,* myContacts,,,Móvil,+54 9 11 5482-9172,,,,,,,,,,,,,,,,,,,,,,,,,,,,
Karu Cliente 2024,,Regnando,,,,,,,,,,,,,,* myContacts,,,Mobile,+5491158502396,,,,,,,,,,,,,,,,,,,,,,,,,,,,
Kevin,Msquina,Nescafe,,,,,,,,,,,,,,* myContacts,,,Mobile,1131580922,,,,,,,,,,,,,,,,,,,,,,,,,,,,
Kinesiologia,Berta,Maschwitz,,,,,,,,,,,,,,* myContacts,,,Móvil,+54 94444940,Trabajo,+54 9114444940,,,,,,,,,,,,,,,,,,,,,,,,,,
La Chancha Y Los Veinte,,Reservas,,,,,,,,,,,,,,* myContacts,,,Mobile,11 2514-3149,,,,,,,,,,,,,,,,,,,,,,,,,,,,
La Fundición  (Lobos),,Milagros,,,,,,,,La Fundición Juegos Sillas Mesas De Aluminio,,,,,,* myContacts,,,Mobile,+54 9 2227 48-2948,,,,,,,,,,,,,,,,,,,,,,,,,,,,
Laboratorio Clínica Olivos,,,,,,,,,,,,,,,,* myContacts,,,Mobile,11 5782-1650,,,,,,,,,,,,,,,,,,,,,,,,,,,,
Lai,,,,,,,,,,,,,,,,* myContacts,,,Móvil,+54 9 11 5726-9619,,,,,,,,,,,,,,,,,,,,,,,,,,,,
Lamamadelamamadelamamadelamama,,,,,,,,,,,,,,,,* myContacts,,,Mobile,11,,,,,,,,,,,,,,,,,,,,,,,,,,,,
Lander,Cliente,2020,,,,,,,,,,,,,,* myContacts,,,Mobile,11 3767-2827,,,,,,,,,,,,,,,,,,,,,,,,,,,,
Lara Cliente 2025,,,,,,,,,,,,,,,,* myContacts,,,Mobile,+5491134886637,,,,,,,,,,,,,,,,,,,,,,,,,,,,
Larita,,,,,,,,,,,,,,,,* myContacts,,,Mobile,+5491164518606,,,,,,,,,,,,,,,,,,,,,,,,,,,,
Laura,Clienta,Catering,,,,,,,,,,,,,,* myContacts,,,Mobile,1140531883,,,,,,,,,,,,,,,,,,,,,,,,,,,,
Laura Cliente 2022,,,,,,,,,,,,,,,,* myContacts,,,Mobile,+54 9 11 2281-2273,,,,,,,,,,,,,,,,,,,,,,,,,,,,
Laura Cliente 2024,,Bunge Hunter,,,,,,,,,,,,,,* myContacts,,,Mobile,+5491141461135,,,,,,,,,,,,,,,,,,,,,,,,,,,,
Laura Ferrante,,,,,,,,,,,,,,,,* myContacts,,,Home,+5491169193250,,,,,,,,,,,,,,,,,,,,,,,,,,,,
Laura NAYUA,,,,,,,,,,,,,,,,* myContacts,,,Mobile,+54 9 11 7904-1257,,,,,,,,,,,,,,,,,,,,,,,,,,,,
Laura Rosa Vecinas 3h,,,,,,,,,,,,,,,,* myContacts,,,Mobile,+5493436227244,,,,,,,,,,,,,,,,,,,,,,,,,,,,
Laura,,Seguros Mapfre,,,,,,,,,,,,,,Importado el 8/12/15 1 ::: * myContacts,,,Home,11-620-580-88,,,,,,,,,,,,,,,,,,,,,,,,,,,,
Laura/aldana,,,,,,,,,,,,,,,,* myContacts,,,Mobile,011-659-02838,,,,,,,,,,,,,,,,,,,,,,,,,,,,
Lautaro Empleado Sobrino,De,Ruben,,,,,,,,,,,,,,* myContacts,,,Mobile,11 6471-7742,,,,,,,,,,,,,,,,,,,,,,,,,,,,
Lean (Guitarra) De Parte De Diego,,Napolitano,,,,,,,,,,,,,,* myContacts,,,Móvil,+54 9 11 6849-0400,,,,,,,,,,,,,,,,,,,,,,,,,,,,
Leandro,,(DonaLubricentro),,,,,,,,,,,,,,* myContacts,,,Mobile,11 6277-4460,,,,,,,,,,,,,,,,,,,,,,,,,,,,
Leandro,,Cliente,,,,,,,,,,,,,,* myContacts,,,Mobile,+54 9 11 4091-6657,,,,,,,,,,,,,,,,,,,,,,,,,,,,
Leandro,,Hormigón,,,,,,,,,,,,,,* myContacts,,,Celular,+54 9 11 2249-1766,,,,,,,,,,,,,,,,,,,,,,,,,,,,
Leandro,Sushi,Exprees,,,,,,,,,,,,,,* myContacts,,,Mobile,11 2313-5966,,,,,,,,,,,,,,,,,,,,,,,,,,,,
Leandro,Tecnico,Cpu,,,,,,,,,,,,,,* myContacts,,,Mobile,+54 9 11 2633-4585,,,,,,,,,,,,,,,,,,,,,,,,,,,,
Leandro,Zarate,Cliente,,,,,,,,,,,,,,* myContacts,,,Mobile,1162602506,,,,,,,,,,,,,,,,,,,,,,,,,,,,
Leo 2,Cliente,Maschwitz,,,,,,,,,,,,,,* myContacts,,,Mobile,+54 11 6022-8190,,,,,,,,,,,,,,,,,,,,,,,,,,,,
Leo Cliente 2022 (Saxo),Arias,Capozzo,,,,,,,,,,,,,,* myContacts,,,Mobile,+54 9 11 2770-0732,,,,,,,,,,,,,,,,,,,,,,,,,,,,
Leo,Cliente,Nordelta,,,,,,,,,,,,,,* myContacts,,,Mobile,+54 9 11 6902-1080,,,,,,,,,,,,,,,,,,,,,,,,,,,,
Leo De Parte Guillermo Ypf,,Mecanico,,,,,,,,,,,,,,* myContacts,,,Móvil,+54 9 11 3006-6767,,,,,,,,,,,,,,,,,,,,,,,,,,,,
Leo,,Dolar,,,,,,,,,,,,,,* myContacts,,,Mobile,11 6675-3477,,,,,,,,,,,,,,,,,,,,,,,,,,,,
Leo Perazzo Cliente 2024,,,,,,,,,,,,,,,,* myContacts,,,Mobile,+5491159796838,,,,,,,,,,,,,,,,,,,,,,,,,,,,
Leo,Saxo,Maschwitz,,,,,,,,,,,,,,* myContacts,,,Mobile,+54 9 11 6400-6163,,,,,,,,,,,,,,,,,,,,,,,,,,,,
Leo,Vecino,Maschwitz,,,,,,,,,,,,,,* myContacts,,,Mobile,11 5757-2408,,,,,,,,,,,,,,,,,,,,,,,,,,,,
Leonardo Cliente 2022,,bernhardt,,,,,,,,,,,,,,* myContacts,,,Mobile,+54 9 3731 43-2122,,,,,,,,,,,,,,,,,,,,,,,,,,,,
Leonardo Sagade Profe Futbol,Argentinos,Jr,,,,,,,,,,,,,,* myContacts,,,Mobile,11 5317-1588,,,,,,,,,,,,,,,,,,,,,,,,,,,,
Leonel Cliente 2022,,Reyes,,,,,,,,,,,,,,* myContacts,,,Mobile,+54 9 11 3460-7162,,,,,,,,,,,,,,,,,,,,,,,,,,,,
Leyla,Camarera,maschwitz,,,,,,,,,,,,,,* myContacts,,,Mobile,+54 9 11 4161-8359,,,,,,,,,,,,,,,,,,,,,,,,,,,,
Lic Veronica Rodriguez,Psicóloga Maschwitz,,,,,,,,,,,,,,,* myContacts,,,Celular,+54 9 11 2265-1597,,,,,,,,,,,,,,,,,,,,,,,,,,,,
Lili Celio,,Celio,,,,,,,,,,,,,,* myContacts,,,Celular,+54 9 11 5026-5204,,,,,,,,,,,,,,,,,,,,,,,,,,,,
Lili Para Trabajar 12/24,,,,,,,,,,,,,,,,* myContacts,,,Celular,+54 9 11 5342-8802,,,,,,,,,,,,,,,,,,,,,,,,,,,,
Lilian,,Bar Artigas,,,,,,,,,,,,,,* myContacts,,,Mobile,+5491161545970,,,,,,,,,,,,,,,,,,,,,,,,,,,,
Liliana Cliente 2023,,Queiroz,,,,,,,,,,,,,,* myContacts,,,Mobile,+54 9 11 2459-4873,,,,,,,,,,,,,,,,,,,,,,,,,,,,
Limpieza Cloro Dca,,Diserquin,,,,,,,,,,,,,,* myContacts,,,Mobile,+54 11 5782-0543,,,,,,,,,,,,,,,,,,,,,,,,,,,,
Lina,Consulado,Italia,,,,,,,,,,,,,,* myContacts,,,Mobile,+54 9 11 6163-8606,,,,,,,,,,,,,,,,,,,,,,,,,,,,
Liz Arenales,1,B,,,,,,,,,,,,,,* myContacts,,,Celular,+54 9 11 2805-8026,,,,,,,,,,,,,,,,,,,,,,,,,,,,
Llam. a su Cargo,,,,,,,,,,,,,,,,* myContacts,,,Mobile,1111111111,,,,,,,,,,,,,,,,,,,,,,,,,,,,
Lola,,,,,,,,,,,,,,,,* myContacts,,,Mobile,11 3904-4041,,,,,,,,,,,,,,,,,,,,,,,,,,,,
Lola,,,,,,,,,,,,,,,,* myContacts,,,Mobile,1121761806,,,,,,,,,,,,,,,,,,,,,,,,,,,,
Lola,Cliente,2020,,,,,,,,,,,2021-11-15,,,* myContacts,,,Mobile,+54 9 11 2334-4890,,,,,,,,,,,,,,,,,,,,,,,,,,,,
Lola,Cliente,2021×,,,,,,,,,,,,,,* myContacts,,,Mobile,+54 9 11 6949-3452,,,,,,,,,,,,,,,,,,,,,,,,,,,,
lolo Pan,Y,Pizza,,,,,,,,,,,,,,* myContacts,,,0,+54 9 11 3820-5136,,,,,,,,,,,,,,,,,,,,,,,,,,,,
Lonera,San,Andres,,,,,,,,,,,,,,* myContacts,,,Mobile,11 6186-9448,,,,,,,,,,,,,,,,,,,,,,,,,,,,
Lord,Mario,Rossini (Murales Grafitis),,,,,,,,,,,,,,* myContacts,,,Móvil,+54 9 11 6878-3682,,,,,,,,,,,,,,,,,,,,,,,,,,,,
Lorena Bissio,,,,,,,,,,,,,,,,* myContacts,,,Mobile,+5491132282090,,,,,,,,,,,,,,,,,,,,,,,,,,,,
Lorena Clases Particulares Primaria,,De Parte De MG,,,,,,,,Vallejos 2591  1® Piso  Depto 4,,,,,,* myContacts,,,Mobile,+54 11 2491-4683,,,,,,,,,,,,,,,,,,,,,,,,,,,,
Lorena Cliente 2024,,Miguens,,,,,,,,,,,,,,* myContacts,,,Mobile,+5491144733000,,,,,,,,,,,,,,,,,,,,,,,,,,,,
Lorena,,Saldaña,,,,,,,,,,,,,,* myContacts,,,Mobile,02664309684,,,,,,,,,,,,,,,,,,,,,,,,,,,,
Lorena,,Vicio,,,,,,,,,,,,,,* myContacts,,,Home,+5493487531043,,,,,,,,,,,,,,,,,,,,,,,,,,,,
Los Cardales 2 Santa ana,,,,,,,,,,,,,,,,* myContacts,,,Mobile,+59845882320,,,,,,,,,,,,,,,,,,,,,,,,,,,,
Lourdes Residencia Mi Casa,,,,,,,,,,,,,,,,* myContacts,,,Mobile,+54 9 11 3758-9215,,,,,,,,,,,,,,,,,,,,,,,,,,,,
Love Pastelería & Catering LIRIOS,,Sin Tacc Sin Gluten,,,,,,,,Love Pastelería & Catering LIRIOS,,,,,,* myContacts,,,Mobile,+5491131620611,,,,,,,,,,,,,,,,,,,,,,,,,,,,
Lu Cantu 2025,,Empleada,,,,,,,,,,,,,,* myContacts,,,Mobile,+5491168564905,,,,,,,,,,,,,,,,,,,,,,,,,,,,
Lubricentro,,Albarellos,,,,,,,,Lubricentro Albarellos,,,,,,* myContacts,,,Mobile,+5491128052233,,,,,,,,,,,,,,,,,,,,,,,,,,,,
Lucas,,,,,,,,,,,,,,,,* myContacts,,,Mobile,112,,,,,,,,,,,,,,,,,,,,,,,,,,,,
Lucas Cantaluppi,,Florencia,,,,,,,,,,,,,,* myContacts,,,Mobile,1139394729,,,,,,,,,,,,,,,,,,,,,,,,,,,,
Lucas Carnicería Villanueva ,,,,,,,,,,,,,,,,* myContacts,,,Mobile,1131446245,,,,,,,,,,,,,,,,,,,,,,,,,,,,
Lucas,Cliente,2021×,,,,,,,,,,,,,,* myContacts,,,Mobile,+54 9 11 4927-7468,,,,,,,,,,,,,,,,,,,,,,,,,,,,
Lucas Cliente,2021×,Musico,,,,,,,,,,,,,,* myContacts,,,Mobile,11 5481-3956,,,,,,,,,,,,,,,,,,,,,,,,,,,,
Lucas Cliente 2022,,,,,,,,,,,,,,,,* myContacts,,,Mobile,+54 9 11 5844-4676,,,,,,,,,,,,,,,,,,,,,,,,,,,,
Lucas Cliente 2022,Gómez,Rios,,,,,,,,,,,,,,* myContacts,,,Mobile,+54 9 11 3902-5045,,,,,,,,,,,,,,,,,,,,,,,,,,,,
Lucas Cliente 2024,,,,,,,,,,,,,,,,* myContacts,,,Mobile,+5491167245193,,,,,,,,,,,,,,,,,,,,,,,,,,,,
Lucas Cliente 2024,,Nigorra,,,,,,,,,,,,,,* myContacts,,,Mobile,+5493484594748,,,,,,,,,,,,,,,,,,,,,,,,,,,,
Lucas,Cliente,Escobar,,,,,,,,,,,,,,* myContacts,,,Mobile,+54 11 5409-8529,,,,,,,,,,,,,,,,,,,,,,,,,,,,
Lucas,Cliente,Maschwitz,,,,,,,,,,,,,,* myContacts,,,Mobile,+54 11 4039-1306,,,,,Home,Sta Fe 272,Sta Fe 272,,,,,,,,,,,,,,,,,,,,,
Lucas,Comercio,Municipalidad,,,,,,,,,,,,,,* myContacts,,,Móvil,+54 9 348 455-7652,,,,,,,,,,,,,,,,,,,,,,,,,,,,
Lucas,,Delivery,,,,,,,,,,,,,,* myContacts,,,Mobile,11 6979-2034,,,,,,,,,,,,,,,,,,,,,,,,,,,,
Lucas Geriátrico ,,,,,,,,,,Florentina,,,,,,* myContacts,,,Mobile,+54 9 221 612-4225,,,,,,,,,,,,,,,,,,,,,,,,,,,,
Lucas Lucero Cliente 2023,,,,,,,,,,Lucas Lucero - Alquivial,,,,,,* myContacts,,,Mobile,+5492615163685 ::: +5491134272590,,,,,,,,,,,,,,,,,,,,,,,,,,,,
Lucas Rappi,,,,,,,,,,,,,,,,* myContacts,,,Mobile,+5491158745045,,,,,,,,,,,,,,,,,,,,,,,,,,,,
Lucas Sánchez,,Sobrino,,,,,,,,,,,,,,* myContacts,,,Mobile,+5491121604283,,,,,,,,,,,,,,,,,,,,,,,,,,,,
Lucesita💗💗💗,,,,,,,,,,,,,,,,* myContacts,,,Mobile,11 3897-4740,,,,,,,,,,,,,,,,,,,,,,,,,,,,
lucho,,,,,,,,,,,,,,,,* myContacts,,,Mobile,01150942705,,,,,,,,,,,,,,,,,,,,,,,,,,,,
Lucia 2 H,,,,,,,,,,,,,,,,* myContacts,,,Mobile,+54 11 2405-8460,,,,,,,,,,,,,,,,,,,,,,,,,,,,
Lucia,Clienta,Maschwitz,,,,,,,,,,,,,,* myContacts,,,Mobile,+54 9 11 4430-7405,,,,,,,,,,,,,,,,,,,,,,,,,,,,
Lucia:)the Best✨❤,,,,,,,,,,,,,,,,* myContacts,,,Mobile,+5491124058460,,,,,,,,,,,,,,,,,,,,,,,,,,,,
Lucia:D,,,,,,,,,,,,,,,,* myContacts,,,Mobile,+54 9 11 2176-1523,,,,,,,,,,,,,,,,,,,,,,,,,,,,
Luciana Amiga De Clau,,Profe De Danzas,,,,,,,,,,,,,,* myContacts,,,Mobile,+5491127747711,,,,,,,,,,,,,,,,,,,,,,,,,,,,
Luciana Cantu,,,,,,,,,,,,,,,,* myContacts,,,Mobile,+5491124821747,,,,,,,,,,,,,,,,,,,,,,,,,,,,
Luciana,Cliente,2021,,,,,,,,,,,,,,* myContacts,,,Mobile,+54 9 11 3236-9995,,,,,,,,,,,,,,,,,,,,,,,,,,,,
Luciana Prevención Maschwitz,,,,,,,,,,,,,,,,* myContacts,,,Mobile,+5491171401977,,,,,,,,,,,,,,,,,,,,,,,,,,,,
Luciano,Cliente,2021,,,,,,,,,,,,,,* myContacts,,,Mobile,+54 11 3032-2477,,,,,,,,,,,,,,,,,,,,,,,,,,,,
Luciano Cliente 2022,,,,,,,,,,,,,,,,* myContacts,,,Mobile,+541133177773,Home,+541153449835,,,,,,,,,,,,,,,,,,,,,,,,,,
Luciano Cliente 2024,,,,,,,,,,,,,,,,* myContacts,,,Mobile,+5491165552339,,,,,,,,,,,,,,,,,,,,,,,,,,,,
Luciano Constr En,Seco,Cliente,,,,,,,,,,,,,,* myContacts,,,Mobile,1165301239,,,,,,,,,,,,,,,,,,,,,,,,,,,,
Luciano Papá Ema,,Edif 24 3ero D,,,,,,,,,,,,,,* myContacts,,,Mobile,+54 11 4413-8727,,,,,,,,,,,,,,,,,,,,,,,,,,,,
Lucila,,,,,,,,,,,,,,,,Importado el 9/12/15 ::: Importado el 8/12/15 1 ::: Importado el 8/12/15 ::: * myContacts,,,Mobile,11-546-016-53,,,,,,,,,,,,,,,,,,,,,,,,,,,,
Lucila,,Cliente,,,,,,,,,,,,,,* myContacts,,,Mobile,+54 11 4047-3383,,,,,Home,Moreno 1376 Maschwitz,1376 Moreno,Maschwitz,,,,,,,,,,,,,,,,,,,,
Lucio,,Marino Dr Mama,,,,,,,,,,,,,,* myContacts,,,Móvil,+54 9 11 6789-3769,,,,,,,,,,,,,,,,,,,,,,,,,,,,
LUIS 3ro B - V.,LORETO,2488,,,,,,,,,,,,,,* myContacts,,,Celular,+54 9 11 4438-4946,,,,,,,,,,,,,,,,,,,,,,,,,,,,
Luis Barrios (Por Tahine),,De Parte De Tony,,,,,,,,Luis Barrios,,,,,,* myContacts,,,Mobile,+54 9 11 6095-6172,,,,,,,,,,,,,,,,,,,,,,,,,,,,
Luis Cliente 2021×,Obras,Hidraulicas,,,,,,,,,,,,,,* myContacts,,,Mobile,11 6784-8030,,,,,,,,,,,,,,,,,,,,,,,,,,,,
Luis Cliente 2022,,Torre,,,,,,,,,,,,,,* myContacts,,,Mobile,+54 9 11 5248-5337,,,,,,,,,,,,,,,,,,,,,,,,,,,,
Luis Cliente,Bella,Vista,,,,,,,,,,,,,,* myContacts,,,Mobile,11 6390-5752,,,,,,,,,,,,,,,,,,,,,,,,,,,,
Luis Fernandez (A,Toda,Fiesta),,,,,,,,,,,,,,* myContacts,,,Móvil,+54 9 11 5740-3259,,,,,,,,,,,,,,,,,,,,,,,,,,,,
Luis,,Raichuni,,,,,,,,"Av. Avellaneda 1546, B1646 San Fernando, Provincia de Buenos Aires",,,,,,* myContacts,,,Mobile,+5491156479864,,,,,Home,"Av Avellaneda 1546
Virreyes
Tapiceria Alejandro",Tapiceria Alejandro 1546 Av Avellaneda,Virreyes,,,,,,,,,,,,,,,,,,,,
Luis Rivera Inquilino Depto,,,,,,,,,,,,,,,,* myContacts,,,Mobile,+5491136186963,,,,,,,,,,,,,,,,,,,,,,,,,,,,
Luis Tayron Empleado 2023,,,,,,,,,,,,,,,,* myContacts,,,Mobile,11 2250-2808,,,,,,,,,,,,,,,,,,,,,,,,,,,,
Luis Tecnico Lavarr,El,Jaguel,,,,,,,,,,,,,,* myContacts,,,Mobile,+54 9 11 5899-5141,,,,,,,,,,,,,,,,,,,,,,,,,,,,
Luisina 6to 27,Hidalgo,1602,,,,,,,,,,,,,,* myContacts,,,Celular,+54 9 11 6499-4770,,,,,,,,,,,,,,,,,,,,,,,,,,,,
Luisito1 Escribano,,De Parte De Oscar Cid,,,,,,,,,,,,,,* myContacts,,,WhatsApp,+54 9 11 6415-7184,,,,,,,,,,,,,,,,,,,,,,,,,,,,
Luji,,Massitti,,,,,,,,,,,,,,* myContacts,,,Móvil,+54 9 11 6165-3572,,,,,,,,,,,,,,,,,,,,,,,,,,,,
Luz Santaolalla Cliente 2023,,,,,,,,,,,,,,,,* myContacts,,,Mobile,+5491126149180,,,,,,,,,,,,,,,,,,,,,,,,,,,,
Mabel Mi Casa Residencia Fin De semana,,,,,,,,,,,,,,,,* myContacts,,,Mobile,+54 9 11 6996-4838,,,,,,,,,,,,,,,,,,,,,,,,,,,,
Maca Head at Creative English Institute,,Ingles,,,,,,,,Maca Head at Creative English Institute,,,,,,* myContacts,,,Mobile,+5491140813378,,,,,,,,,,,,,,,,,,,,,,,,,,,,
MACAMA,,Joaquin,,,,,,,,MACAMA,,,,,,* myContacts,,,Mobile,+5491156173040,,,,,,,,,,,,,,,,,,,,,,,,,,,,
Macarena Cliente 2023,,,,,,,,,,,,,,,,* myContacts,,,Mobile,11 4060-3143,,,,,,,,,,,,,,,,,,,,,,,,,,,,
Maderas,BH,Maschwitz,,,,,,,,,,,,,,* myContacts,,,Mobile,11 2455-8936,,,,,Home,Colectora Este 1651,1651 Colectora Este,,,,,,,,,,,,,,,,,,,,,
Maderera Suabo Ruta,26,1925,,,,,,,,,,,,,,* myContacts,,,Mobile,11 2567-5748,,,,,,,,,,,,,,,,,,,,,,,,,,,,
Maga,,Alumna,,,,,,,,,,,,,,* myContacts,,,Mobile,+54 9 11 6706-6310,,,,,,,,,,,,,,,,,,,,,,,,,,,,
Magali Cliente,Acacias,Blancas,,,,,,,,,,,,,,* myContacts,,,Mobile,+54 11 5782-3959,,,,,,,,,,,,,,,,,,,,,,,,,,,,
Magali,,Toldos,,,,,,,,,,,,,,* myContacts,,,Mobile,1136643536,,,,,,,,,,,,,,,,,,,,,,,,,,,,
Magui seni,,,,,,,,,,,,,,,,* myContacts,,,Mobile,01164345185,,,,,,,,,,,,,,,,,,,,,,,,,,,,
Mahdi,,2021,,,,,,,,,,,,,,* myContacts,,,Mobile,11 5668-6007,,,,,,,,,,,,,,,,,,,,,,,,,,,,
Mai Cummunity Manager,,Calle Mendoza,,,,,,,,Mai,,,,,,* myContacts,,,Mobile,+5491126392891,,,,,,,,,,,,,,,,,,,,,,,,,,,,
Mailen,,Abal,,,,,,,,,,,,,,* myContacts,,,Móvil,+54 9 11 6030-3230,,,,,,,,,,,,,,,,,,,,,,,,,,,,
Maison Du Kebab,,,,,,,,,,Bar al paso,,,,,,* myContacts,* ,maisondukebab@gmail.com,Mobile,+5491158381838,,,,,,,,,,,,,,,,,,,,,,,,,,,,
Majo,,,,,,,,,,,,,,,,* myContacts,,,Home,+5491156938275,,,,,,,,,,,,,,,,,,,,,,,,,,,,
makro Rocio Ventas,,De 8 A 17,,,,,,,,,,,,,,* myContacts,,,Mobile,+5491127361687,,,,,,,,,,,,,,,,,,,,,,,,,,,,
Male Empleada 2023,,,,,,,,,,,,,,,,* myContacts,,,Mobile,+5491140448748,,,,,,,,,,,,,,,,,,,,,,,,,,,,
Mallea,,,,,,,,,,,,,,,,Importado el 9/12/15 ::: Importado el 8/12/15 1 ::: Importado el 8/12/15 ::: * myContacts,,,Mobile,011-503-63025,,,,,,,,,,,,,,,,,,,,,,,,,,,,
Mama,,,,,,,,,,,,,,Cuill 27 01153484 3,https://lh3.googleusercontent.com/contacts/AG6tpzGgvZ4wE5j9Qy7-x0bKQnuzzFg6Ogi_iAiKQp2aYBvVsJ7VfwG3,* myContacts,* Home,Vital: 5312427/1,Mobile,11 6743-1884,,,,,Home,Mitre 1400 Esq Faro Patagonia,Mitre 1400 Esq Faro Patagonia,,,,,,,,,,,,,,,,Assistant,1.153.484,Brother,Pregunta Seguridad maria,,
Mama De Malena,,Celiz,,,,,,,,,,,,,,* myContacts,,,Mobile,+5491155659234,,,,,,,,,,,,,,,,,,,,,,,,,,,,
Mama De,Valentin,Cliente,,,,,,,,,,,,,,* myContacts,,,Mobile,+54 9 11 3695-3689,,,,,,,,,,,,,,,,,,,,,,,,,,,,
Manu cangas,,,,,,,,,,,,,,,,* myContacts,,,Mobile,11-408-489-66,,,,,,,,,,,,,,,,,,,,,,,,,,,,
Manuel 9°A Estado,De,Israel,,,,,,,,Israel,,9a,,,,* myContacts,,,Celular,+54 9 11 6372-8488,,,,,,,,,,,,,,,,,,,,,,,,,,,,
Manuela Cliente 2024,,Aguirre,,,,,,,,,,,,,,* myContacts,,,Mobile,+5491167198016,,,,,,,,,,,,,,,,,,,,,,,,,,,,
Mapate,,p,,,,,,,,,,,,,,* myContacts,,,Móvil,+5491165662736,,,,,,,,,,,,,,,,,,,,,,,,,,,,
Maqu,,,,,,,,,,,,,,,,* myContacts,,,,,,,,,,,,,,,,,,,,,,,,,,,,,,,,
Mara Cliente 2022 ,,,,,,,,,,,,,,,,* myContacts,,,Mobile,+54 9 11 6412-0016,,,,,,,,,,,,,,,,,,,,,,,,,,,,
Mara De Lobos,,,,,,,,,,,,,,,,* myContacts,,,Home,+5492227411522,,,,,,,,,,,,,,,,,,,,,,,,,,,,
Marcela,(Campana),Profe,,,,,,,,,,,,,,* myContacts,,,Mobile,+54 9 3489 61-7875,,,,,,,,,,,,,,,,,,,,,,,,,,,,
Marcela,Cliente,2020,,,,,,,,,,,,,,* myContacts,,,Mobile,+54 9 348 450-2489,,,,,,,,,,,,,,,,,,,,,,,,,,,,
Marcela Cliente 2022,,,,,,,,,,,,,,,,* myContacts,,,Mobile,1168602358,,,,,,,,,,,,,,,,,,,,,,,,,,,,
Marcelo,,Aceites,,,,,,,,,,,,,,* myContacts,,,Mobile,+54 9 11 5111-0457 ::: 1163902279,,,,,,,,,,,,,,,,,,,,,,,,,,,,
Marcelo Choco Camioneta,,,,,,,,,,,,,,,,* myContacts,,,Mobile,1159581287,,,,,,,,,,,,,,,,,,,,,,,,,,,,
Marcelo Citroen 3cv,,,,,,,,,,,,,,,,* myContacts,,,Mobile,11 4087-0869,,,,,,,,,,,,,,,,,,,,,,,,,,,,
Marcelo El Luchador,,Carnicería,,,,,,,,,,,,,,* myContacts,,,Mobile,+5491151031561,,,,,,,,,,,,,,,,,,,,,,,,,,,,
Marcelo,Electricista,(Fede-Chapa),,,,,,,,,,,,,,* myContacts,,,Mobile,11 5323-3849,,,,,,,,,,,,,,,,,,,,,,,,,,,,
Marcelo,Parrilla,Mendoza,,,,,,,,,,,,,,* myContacts,,,Mobile,11 2565-1665,,,,,,,,,,,,,,,,,,,,,,,,,,,,
Marcelo,Pausa,Maschwitz,,,,,,,,,,,,,,* myContacts,,,Mobile,+54 11 5509-8679,,,,,,,,,,,,,,,,,,,,,,,,,,,,
Marcelo Pisos Deck Madera,,Dormer De Parte De Lucas Bulonera),,,,,,,,,,,,,,* myContacts,,,Celular,+54 9 11 2163-0656,,,,,,,,,,,,,,,,,,,,,,,,,,,,
Marcelo,,Seguros,,,,,,,,,,,,,,* myContacts,,,Mobile,+54 9 11 2646-8131,Work,5433-0290,Home,4762-4554,,,,,,,,,,,,,,,,,,,,,,,,
Marcelo Venta,De,Pantubotas,,,,,,,,,,,,,,* myContacts,,,Mobile,+54 9 11 2689-1615,,,,,,,,,,,,,,,,,,,,,,,,,,,,
Marcos Crespo Pizza Party Baruca Catering,Baruca,Catering,,,,,,,,,,,,,,* myContacts,,,Casa,+54 9 11 5505-7711,,,,,,,,,,,,,,,,,,,,,,,,,,,,
Mari,Hna,Puchi,,,,,,,,,,,,,,* myContacts,,,Móvil,+54 9 11 2792-4415,,,,,,,,,,,,,,,,,,,,,,,,,,,,
Maria,,(Ezequiel),,,,,,,,,,,,,,* myContacts,,,Mobile,11 5840-2218,,,,,,,,,,,,,,,,,,,,,,,,,,,,
Maria,,+vida,,,,,,,,,,,,,,* myContacts,,,Mobile,+54 11 2685-6469,,,,,,,,,,,,,,,,,,,,,,,,,,,,
Maria Amiga de mama,,Peruana,,,,,,,,,,,,,,* myContacts,,,Mobile,+54 9 11 6189-3940,,,,,,,,,,,,,,,,,,,,,,,,,,,,
Maria belen Alumna De Derbake 2022,,Para Bailar ,,,,,,,,,,,,,,* myContacts,,,Mobile,+54 9 11 2485-4556,,,,,,,,,,,,,,,,,,,,,,,,,,,,
María Ciudadanía Italiana ,,,,,,,,,,,,,,,,* myContacts,,,Mobile,1169075593,,,,,,,,,,,,,,,,,,,,,,,,,,,,
Maria,Cliente,2021×,,,,,,,,,,,,,,* myContacts,,,Mobile,+54 9 11 3056-6262,,,,,,,,,,,,,,,,,,,,,,,,,,,,
Maria,Cliente,2021×,,,,,,,,,,,,,,* myContacts,,,Mobile,+54 9 11 3778-8651,,,,,,,,,,,,,,,,,,,,,,,,,,,,
María De,La,Paz Sanguinetti ,,,,,,,,,,,,,,* myContacts,,,Mobile,+54 9 11 2266-8477,,,,,,,,,,,,,,,,,,,,,,,,,,,,
María Eugenia Cliente 2023,,,,,,,,,,,,,,,,* myContacts,,,Mobile,11 6598-0065,,,,,,,,,,,,,,,,,,,,,,,,,,,,
Maria Inés Cliente 2024,,,,,,,,,,,,,,,,* myContacts,,,Mobile,+5491131395570,,,,,,,,,,,,,,,,,,,,,,,,,,,,
Maria Isabel Alapont Montoya pediatra,Alpont,pediatra Cespedes 2410 2B,,,,,,,,,,,,,,* myContacts,,,Mobile,+5491159820039,,,,,,,,,,,,,,,,,,,,,,,,,,,,
Maria Laura,Cliente,2021×,,,,,,,,,,,,,,* myContacts,,,Mobile,+54 11 5952-1093,,,,,,,,,,,,,,,,,,,,,,,,,,,,
María Limpieza Mama,,,,,,,,,,,,,,,,* myContacts,,,Mobile,1124393529,,,,,,,,,,,,,,,,,,,,,,,,,,,,
María Paula Curto,,Odontopediatría  - Nahuel Huapi 4945,,,,,,,,,,,,,,* myContacts,,,Mobile,11 3634-9975,,,,,,,,,,,,,,,,,,,,,,,,,,,,
Maria,,Pavia,,,,,,,,,,,,,,* myContacts,* Casa,mariapavia@yahoo.com.ar,Cellulare,+54 9 11 5114-2896,,,,,,,,,,,,,,,,,,,,,,,,,,,,
Maria,Rosa,Ponce,,,,,,,,,,,,,,* myContacts,,,Mobile,+54 9 381 419-7518,,,,,,,,,,,,,,,,,,,,,,,,,,,,
Maria,Silvia,Tucuman,,,,,,,,,,,,,,* myContacts,,,Mobile,+54 9 385 580-9449,,,,,,,,,,,,,,,,,,,,,,,,,,,,
Maria,,Vazquez,,,,,,,,,,,,,,* myContacts,,,Mobile,+54 9 2317 50-4152,,,,,,,,,,,,,,,,,,,,,,,,,,,,
María Viajes (Mamá),,,,,,,,,,,,,,,,* myContacts,,,Mobile,11 4438-6597,,,,,,,,,,,,,,,,,,,,,,,,,,,,
Maria Victoria Cliente 2022,,🌼,,,,,,,,,,,,,,* myContacts,,,Mobile,+54 9 11 3058-9141,,,,,,,,,,,,,,,,,,,,,,,,,,,,
Mariana,,(Ezequiel),,,,,,,,,,,,,,* myContacts,,,Mobile,1134597526,,,,,,,,,,,,,,,,,,,,,,,,,,,,
Mariana,,Artaza,,,,,,,,,,,,,,* myContacts,,,Mobile,11 6218-7455,,,,,,,,,,,,,,,,,,,,,,,,,,,,
Mariana Cliente 2023 Túnica,,,,,,,,,,,,,,,,* myContacts,,,Mobile,+5491150352608,,,,,,,,,,,,,,,,,,,,,,,,,,,,
Mariana,Mecanica,Dental,,,,,,,,,,,,,,* myContacts,,,Mobile,+54 9 348 452-4156,,,,,,,,,,,,,,,,,,,,,,,,,,,,
Mariana Mela Cliente 2021,Loma,Verde,,,,,,,,,,,,,,* myContacts,,,Mobile,+54 9 11 5462-7131,,,,,,,,,,,,,,,,,,,,,,,,,,,,
Mariana Procesadora,,,,,,,,,,,,,,,,* myContacts,,,Mobile,11 4022-8379,,,,,,,,,,,,,,,,,,,,,,,,,,,,
Mariana Resúa Cliente 2024,,,,,,,,,,,,,,,,* myContacts,,,Mobile,+5491135752238,,,,,,,,,,,,,,,,,,,,,,,,,,,,
Mariana Vecina Maschwitz ,,Saca Multas ,,,,,,,,,,,,,,* myContacts,,,Mobile,11 3780-6056,,,,,,,,,,,,,,,,,,,,,,,,,,,,
Mariana Venta De Electrodomésticos,,Y Herramientas,,,,,,,,,,,,,,* myContacts,,,Mobile,+5493484343592,,,,,,,,,,,,,,,,,,,,,,,,,,,,
Marianela casa,,,,,,,,,,,,,,,,Importado el 9/12/15 ::: * myContacts,,,Mobile,45836876,,,,,,,,,,,,,,,,,,,,,,,,,,,,
Mariano,Borghi,Cliente,,,,,,,,,,,,,,* myContacts,,,Mobile,+54 9 11 6514-7956,,,,,,,,,,,,,,,,,,,,,,,,,,,,
Mariano Cliente 2024,,Munguia,,,,,,,,,,,,,,* myContacts,,,Mobile,+5491144406356,,,,,,,,,,,,,,,,,,,,,,,,,,,,
mariano,cliente,garrison,,,,,,,,,,,,,,* myContacts,,,Mobile,11 5099-5655,,,,,,,,,,,,,,,,,,,,,,,,,,,,
Mariano,Cliente,Tatuador,,,,,,,,,,,,,,* myContacts,,,Mobile,11 5959-1441,,,,,,,,,,,,,,,,,,,,,,,,,,,,
Mariano Programador Cliente 2023,,,,,,,,,,,,,,,,* myContacts,,,Mobile,+5491154200793,,,,,,,,,,,,,,,,,,,,,,,,,,,,
Mariano,,Vecino,,,,,,,,,,,,,,* myContacts,,,Mobile,+54 11 4066-8495,,,,,,,,,,,,,,,,,,,,,,,,,,,,
Mariano Vice director,,Duran,,,,,,,,,,,,,,* myContacts,,,Mobile,1157801924,,,,,,,,,,,,,,,,,,,,,,,,,,,,
Maricel Cliente 2025,,Ariznavarreta,,,,,,,,,,,,,,* myContacts,,,Mobile,+5491124788322,,,,,,,,,,,,,,,,,,,,,,,,,,,,
Mariel Y Demian Cliente 2023,,,,,,,,,,,,,,,,* myContacts,,,Mobile,+54 9 11 3560-6900,,,,,,,,,,,,,,,,,,,,,,,,,,,,
Mariel/socia,,Emi,,,,,,,,,,,,,https://lh3.googleusercontent.com/contacts/AG6tpzFsswHzi8yoillg3UYRJJSvX7QhLTsPrFMaFyKDVkIEFsGi3DLH,* myContacts,,,Móvil,+54 9 11 6423-6067,,,,,,,,,,,,,,,,,,,,,,,,,,,,
Mariela alumna,,,,,,,,,,,,,,,,Importado el 9/12/15 ::: Importado el 8/12/15 1 ::: Importado el 8/12/15 ::: * myContacts,,,Mobile,11-618-332-60,,,,,,,,,,,,,,,,,,,,,,,,,,,,
Mariela,Cliente,2021,,,,,,,,,,,,,,* myContacts,,,Mobile,+54 9 11 5654-7825,,,,,,,,,,,,,,,,,,,,,,,,,,,,
Marina azrak,,,,,,,,,,,,,,,,Importado el 9/12/15 ::: * myContacts,,,Mobile,64767388,,,,,,,,,,,,,,,,,,,,,,,,,,,,
Marina,Empleada,Garin,,,,,,,,,,,,,,* myContacts,,,Mobile,1130370996,,,,,,,,,,,,,,,,,,,,,,,,,,,,
Marina,,Ianni,,,,,,,,,,,,,,* myContacts,,,Home,+5491154986787,,,,,,,,,,,,,,,,,,,,,,,,,,,,
Mario,Frig,Ben,,,,,,,,,,,,,,* myContacts,,,Mobile,1137364320,,,,,,,,,,,,,,,,,,,,,,,,,,,,
Mario,,Lopez - Abogado,,,,,,,,,,,,,,* myContacts,,,Home,11-447-165-24,,,,,Home,"Alsina 943 7mo 702
Capital",Alsina 943 7mo 702 Capital,,,,,,,,,,,,,,,,,,,,,
Mario,Plomero,García,,,,,,,,,,,,,,* myContacts,,,Móvil,+54 9 11 4413-4844,,,,,,,,,,,,,,,,,,,,,,,,,,,,
Marisa Lagonegro Abogado Gaitan,,,,,,,,,,Marisa Lagonegro,,,,,,* myContacts,,,Mobile,+54 9 11 6733-7934,,,,,,,,,,,,,,,,,,,,,,,,,,,,
Martin (Bar,Monagatha),Maschwitz,,,,,,,,,,,,,,* myContacts,,,Mobile,+54 9 11 2254-5612,,,,,,,,,,,,,,,,,,,,,,,,,,,,
Martin Arreglos En General,,,,,,,,,,,,,,,,* myContacts,,,Mobile,+54 9 348 439-4286,,,,,,,,,,,,,,,,,,,,,,,,,,,,
Martin Caballeriza,Los,Indios,,,,,,,,,,,,,,* myContacts,,,Celular,+54 9 2254 45-8659,,,,,,,,,,,,,,,,,,,,,,,,,,,,
Martin Cacios Cliente 2023,,,,,,,,,,,,,,,,* myContacts,,,Mobile,+5491150408109,,,,,,,,,,,,,,,,,,,,,,,,,,,,
Martin Chapa Pintura (Fran) ,,,,,,,,,,,,,,,,* myContacts,,,Móvil,+54 9 11 4098-2700,,,,,,,,,,,,,,,,,,,,,,,,,,,,
Martin,Cliente,(Blanca),,,,,,,,,,,,,,* myContacts,,,Mobile,1122649762,,,,,,,,,,,,,,,,,,,,,,,,,,,,
Martin,Cliente,2020,,,,,,,,,,,,,,* myContacts,,,Mobile,+54 11 6158-9315,,,,,,,,,,,,,,,,,,,,,,,,,,,,
Martin Cliente,2020,Redes Sociales,,,,,,,,,,,,,,* myContacts,,,Mobile,+5491166399383,,,,,,,,,,,,,,,,,,,,,,,,,,,,
Martin Cliente 2024,,,,,,,,,,,,,,,,* myContacts,,,Mobile,+5491168847994 ::: +5491130690541,,,,,,,,,,,,,,,,,,,,,,,,,,,,
Martín Cliente 2024,,,,,,,,,,,,,,,,* myContacts,,,Mobile,+5491156309009,,,,,,,,,,,,,,,,,,,,,,,,,,,,
Martin Cliente 2024,,Bostero,,,,,,,,,,,,,,* myContacts,,,Mobile,+5491150989860,,,,,,,,,,,,,,,,,,,,,,,,,,,,
Martin Cliente,Araucaria,235,,,,,,,,,,,,,,* myContacts,,,Mobile,+54 11 3144-6743,,,,,,,,,,,,,,,,,,,,,,,,,,,,
Martin,Cliente,Maschwitz,,,,,,,,,,,,,,* myContacts,,,Mobile,+54 9 11 5831-7003,,,,,,,,,,,,,,,,,,,,,,,,,,,,
Martin De Parte Gabriel,,Carniceria,,,,,,,,,,,,,,* myContacts,* Home,de parte gabriel aizpurua y pedraza,Mobile,+5491162794368,,,,,,,,,,,,,,,,,,,,,,,,,,,,
Martin Linkous,,,,,,,,,,,,,,,,* myContacts,,,Mobile,1138317733,,,,,,,,,,,,,,,,,,,,,,,,,,,,
Martin,,Moto,,,,,,,,,,,,,,* myContacts,,,Mobile,11 6626-9282,,,,,,,,,,,,,,,,,,,,,,,,,,,,
Martin,,Padilla,,,,,,,,,,,,,,* myContacts,,,Other,11-611-841-96,,,,,,,,,,,,,,,,,,,,,,,,,,,,
Martin Papá De Amelina,,Concordia 4837 2C ,,,,,,,,,,,,,,* myContacts,,,Mobile,11 5634-4251,,,,,,,,,,,,,,,,,,,,,,,,,,,,
Martin Piro Cliente,,,,,,,,,,,,,,,,* myContacts,,,Mobile,+54 9 11 6561-7574,,,,,,,,,,,,,,,,,,,,,,,,,,,,
Martin,,Sacabollos,,,,,,,,,,,,,,* myContacts,,,Mobile,+54 11 3621-6406,,,,,,,,,,,,,,,,,,,,,,,,,,,,
Martina Cliente 2024,,Paolillo,,,,,,,,,,,,,,* myContacts,,,Mobile,+5491137742408,,,,,,,,,,,,,,,,,,,,,,,,,,,,
Martina Cliente 2025,,Marino,,,,,,,,,,,,,,* myContacts,,,Mobile,+5493484354089,,,,,,,,,,,,,,,,,,,,,,,,,,,,
Martina,Cliente,Cliente 2020,,,,,,,,,,,,,,* myContacts,,,Mobile,+5491170370885,,,,,,,,,,,,,,,,,,,,,,,,,,,,
Maru,Empleada,2021,,,,,,,,,,,,,,* myContacts,,,Mobile,11 3064-0088,,,,,,,,,,,,,,,,,,,,,,,,,,,,
Maru Guitarra De Parte De Lean,,,,,,,,,,,,,,,,* myContacts,,,Móvil,+54 9 11 6937-5666,,,,,,,,,,,,,,,,,,,,,,,,,,,,
maryedm@hotmail.com,,,,,,,,,,,,,,"Nombre: maryedm@hotmail.com
",,Importado el 8/12/15 1 ::: * myContacts,* Other,maryedm@hotmail.com,,,,,,,,,,,,,,,,,,,,,,,,,,,,,,
Masajes Shiatsu Franco,,,,,,,,,,,,,,,,* myContacts,,,Mobile,+5491165139327,,,,,,,,,,,,,,,,,,,,,,,,,,,,
masbajo4@hotmail.com,,,,,,,,,,,,,,,,Importado el 8/12/15 1 ::: * myContacts,* Other,masbajo4@hotmail.com,,,,,,,,,,,,,,,,,,,,,,,,,,,,,,
mashriqvgg@hotmail.com,,,,,,,,,,,,,,"Nombre: mashriqvgg@hotmail.com
",,Importado el 8/12/15 1 ::: * myContacts,* Other,mashriqvgg@hotmail.com,,,,,,,,,,,,,,,,,,,,,,,,,,,,,,
Massimo Cliente 2025,,Papponetti,,,,,,,,,,,,,,* myContacts,,,Mobile,+5491153131627,,,,,,,,,,,,,,,,,,,,,,,,,,,,
massud,,,,,,,,,,,,,,,,Importado el 9/12/15 ::: Importado el 8/12/15 1 ::: Importado el 8/12/15 ::: * myContacts,,,Mobile,1-551-839-939,,,,,,,,,,,,,,,,,,,,,,,,,,,,
Massud Diego,,,,,,,,,,,,,,,,* myContacts,,,Mobile,11-216-333-31,,,,,,,,,,,,,,,,,,,,,,,,,,,,
master_732@hotmail.com,,,,,,,,,,,,,,,,Importado el 8/12/15 1 ::: * myContacts,* Other,master_732@hotmail.com,,,,,,,,,,,,,,,,,,,,,,,,,,,,,,
masuamarilla2300@hotmail.com,,,,,,,,,,,,,,"Nombre: masuamarilla2300@hotmail.com
",,Importado el 8/12/15 1 ::: * myContacts,* Other,masuamarilla2300@hotmail.com,,,,,,,,,,,,,,,,,,,,,,,,,,,,,,
mat,,,,,,,,,,,,,,"Nombre: mat
",,Importado el 8/12/15 1 ::: * myContacts,* Other,matmat_ar@yahoo.com,,,,,,,,,,,,,,,,,,,,,,,,,,,,,,
Mateo,,Cliente,,,,,,,,,,,,,,* myContacts,,,Mobile,+54 9 11 5613-9242,,,,,,,,,,,,,,,,,,,,,,,,,,,,
Mateo,,F,,,,,,,,,,,,,,* myContacts,,,Mobile,11 4078-4798 ::: +54 9 11 4078-4798,,,,,,,,,,,,,,,,,,,,,,,,,,,,
Mateo,,P,,,,,,,,,,,,,,* myContacts,,,Mobile,54 9 11 2254-0505,,,,,,,,,,,,,,,,,,,,,,,,,,,,
Mateo,P,Xd,,,,,,,,,,,,,,* myContacts,,,Mobile,+54 9 11 5528-3143,,,,,,,,,,,,,,,,,,,,,,,,,,,,
mati,,,,,,,,,,,,,,,,* myContacts,,,,,,,,,,,,,,,,,,,,,,,,,,,,,,,,
Mati,dupont,Mecanico Sivori 5364 Munro,,,,,,,,,,,,,,* myContacts,,,Privado,+54 9 11 5157-7771,,,,,,,,,,,,,,,,,,,,,,,,,,,,
Mati Zarza,,,,,,,,,,,,,,,,* myContacts,,,Mobile,11 5691-3751,,,,,,,,,,,,,,,,,,,,,,,,,,,,
mati_mem7@hotmail.com,,,,,,,,,,,,,,"Nombre: mati_mem7@hotmail.com
",,Importado el 8/12/15 1 ::: * myContacts,* Other,mati_mem7@hotmail.com,,,,,,,,,,,,,,,,,,,,,,,,,,,,,,
Matías,(Makkro,Pilar),,,,,,,,,,,,,,* myContacts,,,Mobile,2304355297,,,,,,,,,,,,,,,,,,,,,,,,,,,,
Matias (Mesadas Banquetas Freezer),,,,,,,,,,Matias Pro-edition,,,,,,* myContacts,,,Mobile,+54 9 11 2373-8351,,,,,,,,,,,,,,,,,,,,,,,,,,,,
Matias Chofer Las Calandrias,Las,Calandrias Iguazu,,,,,,,,,,,,,,* myContacts,,,Móvil,+54 9 3757 30-0918,,,,,,,,,,,,,,,,,,,,,,,,,,,,
Matias Cliente,(Cam,Seguridad),,,,,,,,,,,,,,* myContacts,,,Mobile,+54 9 11 5474-7109,,,,,,,,,,,,,,,,,,,,,,,,,,,,
Matias,Cliente,2021×,,,,,,,,,,,,,,* myContacts,,,Mobile,11 4870-3236,,,,,,,,,,,,,,,,,,,,,,,,,,,,
Matias,Cliente,Masch,,,,,,,,Matias,,,,,,* myContacts,,,Mobile,+54 9 11 5455-6715,,,,,,,,,,,,,,,,,,,,,,,,,,,,
Matias,Delivery,2021,,,,,,,,,,,,,,* myContacts,,,Mobile,11 5659-9597,,,,,,,,,,,,,,,,,,,,,,,,,,,,
Matias,Gruas,Auxilio,,,,,,,,,,,,,,* myContacts,,,Mobile,3455 45-4109,,,,,,,,,,,,,,,,,,,,,,,,,,,,
Matias Medina (,Agua,Medina),,,,,,,,,,,,,,* myContacts,,,Mobile,1151081234,,,,,,,,,,,,,,,,,,,,,,,,,,,,
Matias,Novio,Luji,,,,,,,,,,,,,,* myContacts,,,Mobile,+54 9 11 3089-0819,,,,,,,,,,,,,,,,,,,,,,,,,,,,
Matias,Pinturas,Temperley,,,,,,,,,,,,,,* myContacts,,,Mobile,+54 11 6923-6509,,,,,,,,,,,,,,,,,,,,,,,,,,,,
Matias Serv,Compu,(Luji),,,,,,,,,,,,,,* myContacts,,,Mobile,11 2695-0216,,,,,,,,,,,,,,,,,,,,,,,,,,,,
Matias,Sobrino,Sanchez,,,,,,,,,,,,,,* myContacts,,,Mobile,+54 9 11 6950-2124,,,,,,,,,,,,,,,,,,,,,,,,,,,,
matiasamiguez@hotmail.com,,,,,,,,,,,,,,"Nombre: matiasamiguez@hotmail.com
",,Importado el 8/12/15 1 ::: * myContacts,* Other,matiasamiguez@hotmail.com,,,,,,,,,,,,,,,,,,,,,,,,,,,,,,
matiascardone@fibertel.com.ar,,,,,,,,,,,,,,"Nombre: matiascardone@fibertel.com.ar
",,Importado el 8/12/15 1 ::: * myContacts,* Other,matiascardone@fibertel.com.ar,,,,,,,,,,,,,,,,,,,,,,,,,,,,,,
matiasenavarro@hotmail.com,,,,,,,,,,,,,,,,Importado el 8/12/15 1 ::: * myContacts,* Other,matiasenavarro@hotmail.com,,,,,,,,,,,,,,,,,,,,,,,,,,,,,,
matiashazrum@hotmail.com,,,,,,,,,,,,,,,,Importado el 8/12/15 1 ::: * myContacts,* Other,matiashazrum@hotmail.com,,,,,,,,,,,,,,,,,,,,,,,,,,,,,,
mau_cas_9@hotmail.co,,,,,,,,,,,,,,"Nombre: mau_cas_9@hotmail.co
",,Importado el 8/12/15 1 ::: * myContacts,* Other,mau_cas_9@hotmail.com,,,,,,,,,,,,,,,,,,,,,,,,,,,,,,
mauclau@ubbi.com,,,,,,,,,,,,,,"Nombre: mauclau@ubbi.com
",,Importado el 8/12/15 1 ::: * myContacts,* Other,mauclau@ubbi.com,,,,,,,,,,,,,,,,,,,,,,,,,,,,,,
mauriacosta@fibertell.com.ar,,,,,,,,,,,,,,"Nombre: mauriacosta@fibertell.com.ar
",,Importado el 8/12/15 1 ::: * myContacts,* Other,mauriacosta@fibertell.com.ar,,,,,,,,,,,,,,,,,,,,,,,,,,,,,,
Mauricio Cliente 2025,,,,,,,,,,,,,,,,* myContacts,,,Mobile,+5491134365765,,,,,,,,,,,,,,,,,,,,,,,,,,,,
Mauricio papa,De,Luna,,,,,,,,,,,,,,* myContacts,,,Mobile,+54 9 11 6005-7068,,,,,,,,,,,,,,,,,,,,,,,,,,,,
mauriciok@hotmail.com,,,,,,,,,,,,,,"Nombre: mauriciok@hotmail.com
",,Importado el 8/12/15 1 ::: * myContacts,* Other,mauriciok@hotmail.com,,,,,,,,,,,,,,,,,,,,,,,,,,,,,,
mauro,,,,,,,,,,,,,,"Nombre: mauro
",,Importado el 8/12/15 1 ::: * myContacts,* Other,mauroalgieri@yahoo.com.ar,,,,,,,,,,,,,,,,,,,,,,,,,,,,,,
mauro,,,,,,,,,,,,,,"Nombre: mauro
",,Importado el 8/12/15 1 ::: * myContacts,* Other,maurocasal@arnet.com.ar,,,,,,,,,,,,,,,,,,,,,,,,,,,,,,
Mauro,,(Salta),,,,,,,,,,,,,,* myContacts,,,Mobile,+54 9 351 459-4842,,,,,,,,,,,,,,,,,,,,,,,,,,,,
Mauro,Banquetas,Facebook,,,,,,,,,,,,,,* myContacts,,,Mobile,1140792900,,,,,,,,,,,,,,,,,,,,,,,,,,,,
Mauro,,Fletes,,,,,,,,,,,,,,* myContacts,,,Home,+541163500456,,,,,,,,,,,,,,,,,,,,,,,,,,,,
mauryg666@hotmail.com,,,,,,,,,,,,,,"Nombre: mauryg666@hotmail.com
",,Importado el 8/12/15 1 ::: * myContacts,* Other,mauryg666@hotmail.com,,,,,,,,,,,,,,,,,,,,,,,,,,,,,,
mavi_danzasalta@hotm...,,,,,,,,,,,,,,"Nombre: mavi_danzasalta@hotm...
",,Importado el 8/12/15 1 ::: * myContacts,* Other,mavi_danzasalta@hotmail.com,,,,,,,,,,,,,,,,,,,,,,,,,,,,,,
Max,,,,,,,,,,,,,,,,* myContacts,,,Mobile,11 2254-0505,,,,,,,,,,,,,,,,,,,,,,,,,,,,
max_estel@hotmail.com,,,,,,,,,,,,,,"Nombre: max_estel@hotmail.com
",,Importado el 8/12/15 1 ::: * myContacts,* Other,max_estel@hotmail.com,,,,,,,,,,,,,,,,,,,,,,,,,,,,,,
Maxi,,,,,,,,,,,,,,,,Importado el 9/12/15 ::: Importado el 8/12/15 1 ::: Importado el 8/12/15 ::: * myContacts,,,Home,11-365-014-07,,,,,,,,,,,,,,,,,,,,,,,,,,,,
Maxi,,Arredondo,,,,,,,,,,,,,,* myContacts,,,Mobile,1154622951,,,,,,,,,,,,,,,,,,,,,,,,,,,,
Maxi carrefour San Martin,,Caro,,,,,,,,Maxi carrefour San Martin,,,,,,* myContacts,,,Mobile,+5491127322113,,,,,,,,,,,,,,,,,,,,,,,,,,,,
Maxi,Cliente,2020,,,,,,,,,,,,,,* myContacts,,,Mobile,+54 9 11 6786-0541,,,,,,,,,,,,,,,,,,,,,,,,,,,,
Maxi Cliente 2022,,,,,,,,,,,,,,,,* myContacts,,,Mobile,+54 9 11 4082-1688,,,,,,,,,,,,,,,,,,,,,,,,,,,,
Maxi Piso Pozos,,De Parte (Dario Verón),,,,,,,,,,,,,,* myContacts,,,Celular,+54 9 348 436-0265,,,,,,,,,,,,,,,,,,,,,,,,,,,,
Maxi Profe De Fútbol De Dante,,Club Pueyrredon,,,,,,,,,,,,,,* myContacts,,,Mobile,+5491144020742,,,,,,,,,,,,,,,,,,,,,,,,,,,,
Maxi Profesor Danza,,,,,,,,,,,,,,,,* myContacts,,,Home,+5491162536235,,,,,,,,,,,,,,,,,,,,,,,,,,,,
Maxi,,Yesero,,,,,,,,,,,,,,* myContacts,,,Móvil,+54 9 11 2183-5549,,,,,,,,,,,,,,,,,,,,,,,,,,,,
maxi_schwizer@hotmai,,,,,,,,,,,,,,"Nombre: maxi_schwizer@hotmai
",,Importado el 8/12/15 1 ::: * myContacts,* Other,maxi_schwizer@hotmail.com,,,,,,,,,,,,,,,,,,,,,,,,,,,,,,
maxilu@hotmail.com,,,,,,,,,,,,,,,,Importado el 8/12/15 1 ::: * myContacts,* Other,maxilu@hotmail.com,,,,,,,,,,,,,,,,,,,,,,,,,,,,,,
Maximiliano,,,,,,,,,,,,,,"Nombre: Maximiliano
",,Importado el 8/12/15 1 ::: * myContacts,* Other,maxiestudies@hotmail.com,,,,,,,,,,,,,,,,,,,,,,,,,,,,,,
maximilianoperez22@hotmail.com,,,,,,,,,,,,,,"Nombre: maximilianoperez22@hotmail.com
",,Importado el 8/12/15 1 ::: * myContacts,* Other,maximilianoperez22@hotmail.com,,,,,,,,,,,,,,,,,,,,,,,,,,,,,,
Maximo,,,,,,,,,,,,,,,,* myContacts,,,Mobile,+54 9 11 2396-9594,,,,,,,,,,,,,,,,,,,,,,,,,,,,
maxipassadore@hotmail.com,,,,,,,,,,,,,,"Nombre: maxipassadore@hotmail.com
",,Importado el 8/12/15 1 ::: * myContacts,* Other,maxipassadore@hotmail.com,,,,,,,,,,,,,,,,,,,,,,,,,,,,,,
maxizeba@hotmail.com,,,,,,,,,,,,,,"Nombre: maxizeba@hotmail.com
",,Importado el 8/12/15 1 ::: * myContacts,* Other,maxizeba@hotmail.com,,,,,,,,,,,,,,,,,,,,,,,,,,,,,,
May,Clienta,Maschwitx,,,,,,,,,,,,,,* myContacts,,,Mobile,1144221142,,,,,,,,,,,,,,,,,,,,,,,,,,,,
maya@mayagaorry.com,,,,,,,,,,,,,,"Nombre: maya@mayagaorry.com
",,Importado el 8/12/15 1 ::: * myContacts,* Other,maya@mayagaorry.com,,,,,,,,,,,,,,,,,,,,,,,,,,,,,,
mayeya@arnet.com.ar,,,,,,,,,,,,,,"Nombre: mayeya@arnet.com.ar
",,Importado el 8/12/15 1 ::: * myContacts,* Other,mayeya@arnet.com.ar,,,,,,,,,,,,,,,,,,,,,,,,,,,,,,
mayon@arnet.com.ar,,,,,,,,,,,,,,,,Importado el 8/12/15 1 ::: * myContacts,* Other,mayon@arnet.com.ar,,,,,,,,,,,,,,,,,,,,,,,,,,,,,,
mayra_flp@hotmail.com,,,,,,,,,,,,,,"Nombre: mayra_flp@hotmail.com
",,Importado el 8/12/15 1 ::: * myContacts,* Other,mayra_flp@hotmail.com,,,,,,,,,,,,,,,,,,,,,,,,,,,,,,
mbgenio@hotmail.com,,,,,,,,,,,,,,,,Importado el 8/12/15 1 ::: * myContacts,* Other,mbgenio@hotmail.com,,,,,,,,,,,,,,,,,,,,,,,,,,,,,,
MC PLACAS,antihumedad,(Sol),,,,,,,,,,,,,,* myContacts,,,Mobile,11 4495-5131,,,,,,,,,,,,,,,,,,,,,,,,,,,,
mcabalin@gesell.com.ar,,,,,,,,,,,,,,"Nombre: mcabalin@gesell.com.ar
",,Importado el 8/12/15 1 ::: * myContacts,* Other,mcabalin@gesell.com.ar,,,,,,,,,,,,,,,,,,,,,,,,,,,,,,
mcampo79@hotmail.com,,,,,,,,,,,,,,"Nombre: mcampo79@hotmail.com
",,Importado el 8/12/15 1 ::: * myContacts,* Other,mcampo79@hotmail.com,,,,,,,,,,,,,,,,,,,,,,,,,,,,,,
mcetto@telnor.net,,,,,,,,,,,,,,,,Importado el 8/12/15 1 ::: * myContacts,* Other,mcetto@telnor.net,,,,,,,,,,,,,,,,,,,,,,,,,,,,,,
mcfracchiola@arnet.com.ar,,,,,,,,,,,,,,,,Importado el 8/12/15 1 ::: * myContacts,* Other,mcfracchiola@arnet.com.ar,,,,,,,,,,,,,,,,,,,,,,,,,,,,,,
mcmorinigo@hebos.com,,,,,,,,,,,,,,"Nombre: mcmorinigo@hebos.com
",,Importado el 8/12/15 1 ::: * myContacts,* Other,mcmorinigo@hebos.com,,,,,,,,,,,,,,,,,,,,,,,,,,,,,,
mcr_maggi@yahoo.com.ar,,,,,,,,,,,,,,,,Importado el 8/12/15 1 ::: * myContacts,* Other,mcr_maggi@yahoo.com.ar,,,,,,,,,,,,,,,,,,,,,,,,,,,,,,
mcrisgc@velocom.com.ar,,,,,,,,,,,,,,"Nombre: mcrisgc@velocom.com.ar
",,Importado el 8/12/15 1 ::: * myContacts,* Other,mcrisgc@velocom.com.ar,,,,,,,,,,,,,,,,,,,,,,,,,,,,,,
mcristinagalan@arnet.com.ar,,,,,,,,,,,,,,,,Importado el 8/12/15 1 ::: * myContacts,* Other,mcristinagalan@arnet.com.ar,,,,,,,,,,,,,,,,,,,,,,,,,,,,,,
md@imcopesa.com.ar,,,,,,,,,,,,,,,,Importado el 8/12/15 1 ::: * myContacts,* Other,md@imcopesa.com.ar,,,,,,,,,,,,,,,,,,,,,,,,,,,,,,
Mdk Shawarma,,,,,,,,,,,,,,,,* myContacts,,,Mobile,+5491158381838,,,,,,,,,,,,,,,,,,,,,,,,,,,,
mdominguez@impsat.com.ar,,,,,,,,,,,,,,"Nombre: mdominguez@impsat.com.ar
",,Importado el 8/12/15 1 ::: * myContacts,* Other,mdominguez@impsat.com.ar,,,,,,,,,,,,,,,,,,,,,,,,,,,,,,
mec1603@hotmail.com,,,,,,,,,,,,,,"Nombre: mec1603@hotmail.com
",,Importado el 8/12/15 1 ::: * myContacts,* Other,mec1603@hotmail.com,,,,,,,,,,,,,,,,,,,,,,,,,,,,,,
Mechi,,,,,,,,,,,,,,,,* myContacts,,,Mobile,+5491125201675,,,,,,,,,,,,,,,,,,,,,,,,,,,,
Mechi,,,,,,,,,,,,,,,,* myContacts,,,Mobile,+545425201675,,,,,,,,,,,,,,,,,,,,,,,,,,,,
mechy_kolke@hotmail.com,,,,,,,,,,,,,,"Nombre: mechy_kolke@hotmail.com
",,Importado el 8/12/15 1 ::: * myContacts,* Other,mechy_kolke@hotmail.com,,,,,,,,,,,,,,,,,,,,,,,,,,,,,,
megaprensa2004@yahoo.com.ar,,,,,,,,,,,,,,,,Importado el 8/12/15 1 ::: * myContacts,* Other,megaprensa2004@yahoo.com.ar,,,,,,,,,,,,,,,,,,,,,,,,,,,,,,
Meka Cliente 2024,,,,,,,,,,,,,,,,* myContacts,,,Mobile,+5493484348566,,,,,,,,,,,,,,,,,,,,,,,,,,,,
meland_26@hotmail.com,,,,,,,,,,,,,,"Nombre: meland_26@hotmail.com
",,Importado el 8/12/15 1 ::: * myContacts,* Other,meland_26@hotmail.com,,,,,,,,,,,,,,,,,,,,,,,,,,,,,,
Meli Cliente 2023,,,,,,,,,,,,,,,,* myContacts,,,Mobile,+5491124016643,,,,,,,,,,,,,,,,,,,,,,,,,,,,
melina,,,,,,,,,,,,,,"Nombre: melina
",,Importado el 8/12/15 1 ::: * myContacts,* Other,melinita85@hotmail.com,,,,,,,,,,,,,,,,,,,,,,,,,,,,,,
melina,,,,,,,,,,,,,,"Nombre: melina
",,Importado el 8/12/15 1 ::: * myContacts,* Other,anilemf@hotmail.com,,,,,,,,,,,,,,,,,,,,,,,,,,,,,,
Melina,Blanco,Alumna,,,,,,,,,,,,,,* myContacts,,,Mobile,+54 9 11 6572-3110,,,,,,,,,,,,,,,,,,,,,,,,,,,,
Melina,,Clienta,,,,,,,,,,,,,,* myContacts,,,Mobile,+54 9 11 3623-4016,,,,,,,,,,,,,,,,,,,,,,,,,,,,
Melina Cliente 2023,,,,,,,,,,,,,,,,* myContacts,,,Mobile,+54 9 11 5761-0544,,,,,,,,,,,,,,,,,,,,,,,,,,,,
Melina Cliente 2024,,Lucero,,,,,,,,,,,,,,* myContacts,,,Mobile,+5491164324209,,,,,,,,,,,,,,,,,,,,,,,,,,,,
Melina,Empleada,Negocio,,,,,,,,,,,,,,* myContacts,,,Mobile,1125442811,,,,,,,,,,,,,,,,,,,,,,,,,,,,
melinablanco232@hotmail.com,,,,,,,,,,,,,,"Nombre: melinablanco232@hotmail.com
",,Importado el 8/12/15 1 ::: * myContacts,* Other,melinablanco232@hotmail.com,,,,,,,,,,,,,,,,,,,,,,,,,,,,,,
melinafairuz@hotmail.com,,,,,,,,,,,,,,,,Importado el 8/12/15 1 ::: * myContacts,* Other,melinafairuz@hotmail.com,,,,,,,,,,,,,,,,,,,,,,,,,,,,,,
melinaodalisca@hotmail.com.ar,,,,,,,,,,,,,,,,Importado el 8/12/15 1 ::: * myContacts,* Other,melinaodalisca@hotmail.com.ar,,,,,,,,,,,,,,,,,,,,,,,,,,,,,,
Melisa,,,,,,,,,,,,,,"Nombre: Melisa
",,Importado el 8/12/15 1 ::: * myContacts,* Other,shay_99ar@yahoo.com.ar,,,,,,,,,,,,,,,,,,,,,,,,,,,,,,
melisa,,,,,,,,,,,,,,"Nombre: melisa
",,Importado el 8/12/15 1 ::: * myContacts,* Other,mmllpp@hotmail.com,,,,,,,,,,,,,,,,,,,,,,,,,,,,,,
Melisa,,Macedoni,,,,,,,,,,,,,,* myContacts,,,Mobile,+54 9 11 6208-0045,,,,,,,,,,,,,,,,,,,,,,,,,,,,
Melisa reinas ,,,,,,,,,,,,,,,,Importado el 9/12/15 ::: Importado el 8/12/15 1 ::: Importado el 8/12/15 ::: * myContacts,,,Mobile,011-596-39636,,,,,,,,,,,,,,,,,,,,,,,,,,,,
melithomas80@hotmail.com,,,,,,,,,,,,,,"Nombre: melithomas80@hotmail.com
",,Importado el 8/12/15 1 ::: * myContacts,* Other,melithomas80@hotmail.com,,,,,,,,,,,,,,,,,,,,,,,,,,,,,,
Melody Empleada 2023 Verón 🌼🌼,,Noviembre,,,,,,,,,,,,,,* myContacts,,,Mobile,+5493484363023,,,,,,,,,,,,,,,,,,,,,,,,,,,,
melodyruh@yahoo.com,,,,,,,,,,,,,,,,Importado el 8/12/15 1 ::: * myContacts,* Other,melodyruh@yahoo.com,,,,,,,,,,,,,,,,,,,,,,,,,,,,,,
mely_lanegrita@hotmail.com,,,,,,,,,,,,,,"Nombre: mely_lanegrita@hotmail.com
",,Importado el 8/12/15 1 ::: * myContacts,* Other,mely_lanegrita@hotmail.com,,,,,,,,,,,,,,,,,,,,,,,,,,,,,,
memecores@hotmail.com,,,,,,,,,,,,,,"Nombre: memecores@hotmail.com
",,Importado el 8/12/15 1 ::: * myContacts,* Other,memecores@hotmail.com,,,,,,,,,,,,,,,,,,,,,,,,,,,,,,
menergia@msn.com,,,,,,,,,,,,,,"Nombre: menergia@msn.com
",,Importado el 8/12/15 1 ::: * myContacts,* Other,menergia@msn.com,,,,,,,,,,,,,,,,,,,,,,,,,,,,,,
Mensajería Sn,-,Natal,,,,,,,,Mensajería,,Sn,,,,* myContacts,,,Principal,+54 9 11 2796-9586,,,,,,,,,,,,,,,,,,,,,,,,,,,,
mercedes,,,,,,,,,,,,,,"Nombre: mercedes
",,Importado el 8/12/15 1 ::: * myContacts,* Other,mercedesgoyheneix@hotmail.com,,,,,,,,,,,,,,,,,,,,,,,,,,,,,,
mercedes,,,,,,,,,,,,,,"Nombre: mercedes
",,Importado el 8/12/15 1 ::: * myContacts,* Other,mareadelunas@hotmail.com,,,,,,,,,,,,,,,,,,,,,,,,,,,,,,
mercedes diaz,,,,,,,,,,,,,,"Nombre: mercedes diaz
",,Importado el 8/12/15 1 ::: * myContacts,* Other,mercedesdiazpernas@hotmail.com,,,,,,,,,,,,,,,,,,,,,,,,,,,,,,
Mercedes Docente,,,,,,,,,,,,,,,,* myContacts,,,Mobile,+54 11 6179-9817,,,,,,,,,,,,,,,,,,,,,,,,,,,,
Mercedes Los Cardenales Santa Ana,,,,,,,,,,,,,,,,* myContacts,,,Mobile,+598 99 860 260,,,,,,,,,,,,,,,,,,,,,,,,,,,,
Mercedes Valcarce,,,,,,,,,,,,,,,,* myContacts,,,Mobile,+54 9 11 6164-0557,,,,,,,,,,,,,,,,,,,,,,,,,,,,
Mercedes Y Roberto Cliente 2023,,,,,,,,,,,,,,,,* myContacts,,,Mobile,+5491162272597,,,,,,,,,,,,,,,,,,,,,,,,,,,,
mercedesalonso@yahoo.com.ar,,,,,,,,,,,,,,"Nombre: mercedesalonso@yahoo.com.ar
",,Importado el 8/12/15 1 ::: * myContacts,* Other,mercedesalonso@yahoo.com.ar,,,,,,,,,,,,,,,,,,,,,,,,,,,,,,
mercedesbonet@yahoo.com.ar,,,,,,,,,,,,,,"Nombre: mercedesbonet@yahoo.com.ar
",,Importado el 8/12/15 1 ::: * myContacts,* Other,mercedesbonet@yahoo.com.ar,,,,,,,,,,,,,,,,,,,,,,,,,,,,,,
mercedesfernandezc@hotmail.com,,,,,,,,,,,,,,,,Importado el 8/12/15 1 ::: * myContacts,* Other,mercedesfernandezc@hotmail.com,,,,,,,,,,,,,,,,,,,,,,,,,,,,,,
mercedesfernandezc@yahoo.com.ar,,,,,,,,,,,,,,,,Importado el 8/12/15 1 ::: * myContacts,* Other,mercedesfernandezc@yahoo.com.ar,,,,,,,,,,,,,,,,,,,,,,,,,,,,,,
mercedesvalc@hotmail.com,,,,,,,,,,,,,,,,Importado el 8/12/15 1 ::: * myContacts,* Other,mercedesvalc@hotmail.com,,,,,,,,,,,,,,,,,,,,,,,,,,,,,,
mercedesvalc@yahoo.com,,,,,,,,,,,,,,,,Importado el 8/12/15 1 ::: * myContacts,* Other,mercedesvalc@yahoo.com,,,,,,,,,,,,,,,,,,,,,,,,,,,,,,
Merlina Cliente 2024,,,,,,,,,,,,,,,,* myContacts,,,Mobile,+5491131140888,,,,,,,,,,,,,,,,,,,,,,,,,,,,
merodaliska30@hotmai...,,,,,,,,,,,,,,"Nombre: merodaliska30@hotmai...
",,Importado el 8/12/15 1 ::: * myContacts,* Other,merodaliska30@hotmail.com,,,,,,,,,,,,,,,,,,,,,,,,,,,,,,
Mery,,Lazcano 4618,,,,,,,,,,,,,,* myContacts,,,Mobile,+5491153431913,,,,,,,,,,,,,,,,,,,,,,,,,,,,
mespeche@fibertel.com.ar,,,,,,,,,,,,,,"Nombre: mespeche@fibertel.com.ar
",,Importado el 8/12/15 1 ::: * myContacts,* Other,mespeche@fibertel.com.ar,,,,,,,,,,,,,,,,,,,,,,,,,,,,,,
metamorphosis@fibertel.com.ar,,,,,,,,,,,,,,"Nombre: metamorphosis@fibertel.com.ar
",,Importado el 8/12/15 1 ::: * myContacts,* Other,metamorphosis@fibertel.com.ar,,,,,,,,,,,,,,,,,,,,,,,,,,,,,,
MetroGas,,,,,,,,,,,,,,,,* myContacts,,,Mobile,11 3180-2222,,,,,,,,,,,,,,,,,,,,,,,,,,,,
metzler_emilia@hotmail.com,,,,,,,,,,,,,,,,Importado el 8/12/15 1 ::: * myContacts,* Other,metzler_emilia@hotmail.com,,,,,,,,,,,,,,,,,,,,,,,,,,,,,,
meugeniaodetti@yahoo.com.ar,,,,,,,,,,,,,,,,Importado el 8/12/15 1 ::: * myContacts,* Other,meugeniaodetti@yahoo.com.ar,,,,,,,,,,,,,,,,,,,,,,,,,,,,,,
mfcarrozza@hotmail.com,,,,,,,,,,,,,,,,Importado el 8/12/15 1 ::: * myContacts,* Other,mfcarrozza@hotmail.com,,,,,,,,,,,,,,,,,,,,,,,,,,,,,,
mfinos2002@hotmail.com,,,,,,,,,,,,,,"Nombre: mfinos2002@hotmail.com
",,Importado el 8/12/15 1 ::: * myContacts,* Other,mfinos2002@hotmail.com,,,,,,,,,,,,,,,,,,,,,,,,,,,,,,
mfornes@dextrasa.com.ar,,,,,,,,,,,,,,"Nombre: mfornes@dextrasa.com.ar
",,Importado el 8/12/15 1 ::: * myContacts,* Other,mfornes@dextrasa.com.ar,,,,,,,,,,,,,,,,,,,,,,,,,,,,,,
MG,,,,,,,,,,,,,,,,* myContacts,,,Mobile,+5491163659866,,,,,,,,,,,,,,,,,,,,,,,,,,,,
mgarcia@newsan.com.ar,,,,,,,,,,,,,,"Nombre: mgarcia@newsan.com.ar
",,Importado el 8/12/15 1 ::: * myContacts,* Other,mgarcia@newsan.com.ar,,,,,,,,,,,,,,,,,,,,,,,,,,,,,,
mgasco@speedy.com.ar,,,,,,,,,,,,,,"Nombre: mgasco@speedy.com.ar
",,Importado el 8/12/15 1 ::: * myContacts,* Other,mgasco@speedy.com.ar,,,,,,,,,,,,,,,,,,,,,,,,,,,,,,
mgiselav@hotmail.com,,,,,,,,,,,,,,"Nombre: mgiselav@hotmail.com
",,Importado el 8/12/15 1 ::: * myContacts,* Other,mgiselav@hotmail.com,,,,,,,,,,,,,,,,,,,,,,,,,,,,,,
mgonzalez@americantracer.com,,,,,,,,,,,,,,,,Importado el 8/12/15 1 ::: * myContacts,* Other,mgonzalez@americantracer.com,,,,,,,,,,,,,,,,,,,,,,,,,,,,,,
mgperazzo@hotmail.com,,,,,,,,,,,,,,,,Importado el 8/12/15 1 ::: * myContacts,* Other,mgperazzo@hotmail.com,,,,,,,,,,,,,,,,,,,,,,,,,,,,,,
mgramajo@yahoo.com,,,,,,,,,,,,,,"Nombre: mgramajo@yahoo.com
",,Importado el 8/12/15 1 ::: * myContacts,* Other,mgramajo@yahoo.com,,,,,,,,,,,,,,,,,,,,,,,,,,,,,,
mgueler@danzahoy.com,,,,,,,,,,,,,,,,Importado el 8/12/15 1 ::: * myContacts,* Other,mgueler@danzahoy.com,,,,,,,,,,,,,,,,,,,,,,,,,,,,,,
mhuzid@infoarabe.com,,,,,,,,,,,,,,"Nombre: mhuzid@infoarabe.com
",,Importado el 8/12/15 1 ::: * myContacts,* Other,mhuzid@infoarabe.com,,,,,,,,,,,,,,,,,,,,,,,,,,,,,,
Mi Casa Residencia ,,Mabel Fin De Semana ,,,,,,,,,,,,,,* myContacts,,,Mobile,47133252,,,,,,,,,,,,,,,,,,,,,,,,,,,,
Mi Claro Negocio ,,08001230611,,,,,,,,,,,,,,* myContacts,,,Mobile,348 474-1756,,,,,,,,,,,,,,,,,,,,,,,,,,,,
MI GRUPO,,,,,,,,,,,,,,,,* myContacts,,,Mobile,+5491158381838,,,,,,,,,,,,,,,,,,,,,,,,,,,,
mi_destino_fatal@hotmail.com,,,,,,,,,,,,,,"Nombre: mi_destino_fatal@hotmail.com
",,Importado el 8/12/15 1 ::: * myContacts,* Other,mi_destino_fatal@hotmail.com,,,,,,,,,,,,,,,,,,,,,,,,,,,,,,
mi_k_kpa_2003@hotmail.com,,,,,,,,,,,,,,"Nombre: mi_k_kpa_2003@hotmail.com
",,Importado el 8/12/15 1 ::: * myContacts,* Other,mi_k_kpa_2003@hotmail.com,,,,,,,,,,,,,,,,,,,,,,,,,,,,,,
mianco_74@hotmail.com,,,,,,,,,,,,,,"Nombre: mianco_74@hotmail.com
",,Importado el 8/12/15 1 ::: * myContacts,* Other,mianco_74@hotmail.com,,,,,,,,,,,,,,,,,,,,,,,,,,,,,,
Mica,,,,,,,,,,,,,,,,Importado el 9/12/15 ::: Importado el 8/12/15 1 ::: Importado el 8/12/15 ::: * myContacts,,,Mobile,11-347-819-27,,,,,,,,,,,,,,,,,,,,,,,,,,,,
Mica (Hermana,Lujan),Empleada,,,,,,,,,,,,,,* myContacts,,,Mobile,11 2707-4065,Work,11 2707-4065,,,,,,,,,,,,,,,,,,,,,,,,,,
Mica Profe Piano,Profe,Piano,,,,,,,,,,,,,,* myContacts,,,Móvil,+54 9 11 3636-6102,,,,,,,,,,,,,,,,,,,,,,,,,,,,
Micaela,,Clienta,,,,,,,,,,,,,,* myContacts,,,Mobile,+54 9 11 3805-6873,,,,,,,,,,,,,,,,,,,,,,,,,,,,
Micaela Cliente 2022,,,,,,,,,,,,,,,,* myContacts,,,Mobile,+541135151512,,,,,,,,,,,,,,,,,,,,,,,,,,,,
Micaela,,Empleada,,,,,,,,,,,,,,* myContacts,,,Mobile,1155292605,,,,,,,,,,,,,,,,,,,,,,,,,,,,
micaela_22_vm@hotmail.com,,,,,,,,,,,,,,"Nombre: micaela_22_vm@hotmail.com
",,Importado el 8/12/15 1 ::: * myContacts,* Other,micaela_22_vm@hotmail.com,,,,,,,,,,,,,,,,,,,,,,,,,,,,,,
micaelaperez12@hotmail.com,,,,,,,,,,,,,,"Nombre: micaelaperez12@hotmail.com
",,Importado el 8/12/15 1 ::: * myContacts,* Other,micaelaperez12@hotmail.com,,,,,,,,,,,,,,,,,,,,,,,,,,,,,,
mich@atodosol.com,,,,,,,,,,,,,,,,Importado el 8/12/15 1 ::: * myContacts,* Other,mich@atodosol.com,,,,,,,,,,,,,,,,,,,,,,,,,,,,,,
Michelle Rivera Morales,,,,,,,,,,,,,,,,* myContacts,,,Mobile,+5491139246364,,,,,,,,,,,,,,,,,,,,,,,,,,,,
michelucci_eduardo230@hotmail.com,,,,,,,,,,,,,,"Nombre: michelucci_eduardo230@hotmail.com
",,Importado el 8/12/15 1 ::: * myContacts,* Other,michelucci_eduardo230@hotmail.com,,,,,,,,,,,,,,,,,,,,,,,,,,,,,,
micpino@hotmail.com,,,,,,,,,,,,,,"Nombre: micpino@hotmail.com
",,Importado el 8/12/15 1 ::: * myContacts,* Other,micpino@hotmail.com,,,,,,,,,,,,,,,,,,,,,,,,,,,,,,
micu_02@hotmail.com,,,,,,,,,,,,,,,,Importado el 8/12/15 1 ::: * myContacts,* Other,micu_02@hotmail.com,,,,,,,,,,,,,,,,,,,,,,,,,,,,,,
mignonaviles@hotmail.com,,,,,,,,,,,,,,"Nombre: mignonaviles@hotmail.com
",,Importado el 8/12/15 1 ::: * myContacts,* Other,mignonaviles@hotmail.com,,,,,,,,,,,,,,,,,,,,,,,,,,,,,,
miguel,,,,,,,,,,,,,,"Nombre: miguel
",https://lh3.googleusercontent.com/contacts/AG6tpzELA5fO_7Xt2y04oyI13EQ4cPbrFLpI4_KWJ5IZPx3kLFPZbSaX,Importado el 8/12/15 1 ::: * myContacts,* Other,videoimagencba@hotmail.com,,,,,,,,,,,,,,,,,,,,,,,,,,,,,,
miguel,,,,,,,,,,,,,,"Nombre: miguel
",,Importado el 8/12/15 1 ::: * myContacts,* Other,md@smilemarket.com,,,,,,,,,,,,,,,,,,,,,,,,,,,,,,
miguel,,,,,,,,,,,,,,"Nombre: miguel
",,Importado el 8/12/15 1 ::: * myContacts,* Other,md@imcopesa.com.ar,,,,,,,,,,,,,,,,,,,,,,,,,,,,,,
Miguel Albañil,,De Parte De Ruben,,,,,,,,Miguel,,,,,,* myContacts,,,Mobile,+5493484394825,,,,,,,,,,,,,,,,,,,,,,,,,,,,
Miguel Angel,Alegria,Basile,,,,,,,,,,,,,,* myContacts,,,Mobile,11 5011-6629,,,,,,,,,,,,,,,,,,,,,,,,,,,,
Miguel,Cliente,2021,,,,,,,,,,,,,,* myContacts,,,Mobile,11 3437-1088,,,,,,,,,,,,,,,,,,,,,,,,,,,,
Miguel,Herrero,Lucas,,,,,,,,,,,,,,* myContacts,,,Celular,+54 9 11 3154-9031,,,,,,,,,,,,,,,,,,,,,,,,,,,,
Miguel,,Matafuegos,,,,,,,,,,,,,,* myContacts,,,Mobile,11 6533-8761,,,,,,,,,,,,,,,,,,,,,,,,,,,,
Miguel Pan Arabe,,Habud,,,,,,,,,,,,,,* myContacts,,,Móvil,+54 9 11 5423-9323,,,,,,,,,,,,,,,,,,,,,,,,,,,,
Miguel,Techista,(Mica),,,,,,,,,,,,,,* myContacts,,,Móvil,+54 9 11 5840-5542,,,,,,,,,,,,,,,,,,,,,,,,,,,,
miguel_suarez@sysware.com.ar,,,,,,,,,,,,,,,,Importado el 8/12/15 1 ::: * myContacts,* Other,miguel_suarez@sysware.com.ar,,,,,,,,,,,,,,,,,,,,,,,,,,,,,,
miguelantoniojuarez@hotmail.com,,,,,,,,,,,,,,"Nombre: miguelantoniojuarez@hotmail.com
",,Importado el 8/12/15 1 ::: * myContacts,* Other,miguelantoniojuarez@hotmail.com,,,,,,,,,,,,,,,,,,,,,,,,,,,,,,
miguelbarbich@arnet.com.ar,,,,,,,,,,,,,,"Nombre: miguelbarbich@arnet.com.ar
",,Importado el 8/12/15 1 ::: * myContacts,* Other,miguelbarbich@arnet.com.ar,,,,,,,,,,,,,,,,,,,,,,,,,,,,,,
migueluniv@yahoo.com.ar,,,,,,,,,,,,,,"Nombre: migueluniv@yahoo.com.ar
",,Importado el 8/12/15 1 ::: * myContacts,* Other,migueluniv@yahoo.com.ar,,,,,,,,,,,,,,,,,,,,,,,,,,,,,,
mik_28_5@yahoo.com.ar,,,,,,,,,,,,,,"Nombre: mik_28_5@yahoo.com.ar
",,Importado el 8/12/15 1 ::: * myContacts,* Other,mik_28_5@yahoo.com.ar,,,,,,,,,,,,,,,,,,,,,,,,,,,,,,
mika,,,,,,,,,,,,,,"Nombre: mika
",,Importado el 8/12/15 1 ::: * myContacts,* Other,mikail_hussain@hotmail.com,,,,,,,,,,,,,,,,,,,,,,,,,,,,,,
mike,,,,,,,,,,,,,,"Nombre: mike
",,Importado el 9/12/15 ::: Importado el 8/12/15 1 ::: Importado el 8/12/15 ::: * myContacts,* Other,maikhassan@hotmail.com,Mobile,11-552-865-19,,,,,,,,,,,,,,,,,,,,,,,,,,,,
Mikka,Empleada,Maschwitz,,,,,,,,,,,,,,* myContacts,,,Mobile,+54 9 11 4047-5466,,,,,,,,,,,,,,,,,,,,,,,,,,,,
milagros69_7@hotmail,,,,,,,,,,,,,,"Nombre: milagros69_7@hotmail
",,Importado el 8/12/15 1 ::: * myContacts,* Other,milagros69_7@hotmail.com,,,,,,,,,,,,,,,,,,,,,,,,,,,,,,
milagrossagra@yahoo.com.ar,,,,,,,,,,,,,,,,Importado el 8/12/15 1 ::: * myContacts,* Other,milagrossagra@yahoo.com.ar,,,,,,,,,,,,,,,,,,,,,,,,,,,,,,
Milanesas Gigantes,,,,,,,,,,Milanesas Gigantes,,,,,,* myContacts,,,Mobile,+5491168654880,,,,,,,,,,,,,,,,,,,,,,,,,,,,
MILANESAS GIGANTES URQUIZA,,,,,,,,,,MILANESAS GIGANTES URQUIZA,,,,,,* myContacts,,,Main,+54 11 4571-2225,Mobile,+54 9 11 4571-2225,,,Home,"Burela 3036, C1431 CABA, Argentina",3036 Burela,CABA,,CABA,C1431,Argentina,,,,,,,,,,,,,,,,https://pidorapido.com/milanesasgigantesurquiza
milejadance@hotmail.com,,,,,,,,,,,,,,"Nombre: milejadance@hotmail.com
",,Importado el 8/12/15 1 ::: * myContacts,* Other,milejadance@hotmail.com,,,,,,,,,,,,,,,,,,,,,,,,,,,,,,
Milena Clienta,(No,Sirve),,,,,,,,,,,,,,* myContacts,,,Mobile,+54 9 11 3184-6125,,,,,,,,,,,,,,,,,,,,,,,,,,,,
milight@hotmail.com,,,,,,,,,,,,,,"Nombre: milight@hotmail.com
",,Importado el 8/12/15 1 ::: * myContacts,* Other,milight@hotmail.com,,,,,,,,,,,,,,,,,,,,,,,,,,,,,,
Milo Pedidos Ya,,,,,,,,,,Milo,,,,,,* myContacts,,,Mobile,+5491125606374,,,,,,,,,,,,,,,,,,,,,,,,,,,,
milva_urban@hotmail.com,,,,,,,,,,,,,,"Nombre: milva_urban@hotmail.com
",,Importado el 8/12/15 1 ::: * myContacts,* Other,milva_urban@hotmail.com,,,,,,,,,,,,,,,,,,,,,,,,,,,,,,
Mimi,Empleada,(Tamara),,,,,,,,,,,,,,* myContacts,,,Móvil,+54 9 11 4406-8685,,,,,,,,,,,,,,,,,,,,,,,,,,,,
mimulus@uol.com.br,,,,,,,,,,,,,,,,Importado el 8/12/15 1 ::: * myContacts,* Other,mimulus@uol.com.br,,,,,,,,,,,,,,,,,,,,,,,,,,,,,,
mine_90_vm@hotmail.com,,,,,,,,,,,,,,"Nombre: mine_90_vm@hotmail.com
",,Importado el 8/12/15 1 ::: * myContacts,* Other,mine_90_vm@hotmail.com,,,,,,,,,,,,,,,,,,,,,,,,,,,,,,
minibazanarg@hotmail.com,,,,,,,,,,,,,,"Nombre: minibazanarg@hotmail.com
",,Importado el 8/12/15 1 ::: * myContacts,* Other,minibazanarg@hotmail.com,,,,,,,,,,,,,,,,,,,,,,,,,,,,,,
minusosa@fibertel.com.ar,,,,,,,,,,,,,,,,Importado el 8/12/15 1 ::: * myContacts,* Other,minusosa@fibertel.com.ar,,,,,,,,,,,,,,,,,,,,,,,,,,,,,,
miri_colo@yahoo.com.ar,,,,,,,,,,,,,,"Nombre: miri_colo@yahoo.com.ar
",,Importado el 8/12/15 1 ::: * myContacts,* Other,miri_colo@yahoo.com.ar,,,,,,,,,,,,,,,,,,,,,,,,,,,,,,
Miriam,,,,,,,,,,,,,,"Nombre: Miriam
",,Importado el 8/12/15 1 ::: * myContacts,* Other,mcimiotta@medife.com,,,,,,,,,,,,,,,,,,,,,,,,,,,,,,
Miriam Vw Golf $700 San Miguel ,,,,,,,,,,,,,,,,* myContacts,,,Mobile,1136066295,,,,,,,,,,,,,,,,,,,,,,,,,,,,
miriam@radiomediatijuana.com,,,,,,,,,,,,,,"Nombre: miriam@radiomediatijuana.com
",,Importado el 8/12/15 1 ::: * myContacts,* Other,miriam@radiomediatijuana.com,,,,,,,,,,,,,,,,,,,,,,,,,,,,,,
miriamdib@speedy.com.ar,,,,,,,,,,,,,,"Nombre: miriamdib@speedy.com.ar
",,Importado el 8/12/15 1 ::: * myContacts,* Other,miriamdib@speedy.com.ar,,,,,,,,,,,,,,,,,,,,,,,,,,,,,,
miriamfeigelman@gmail.com,,,,,,,,,,,,,,"Nombre: miriamfeigelman@gmail.com
",,Importado el 8/12/15 1 ::: * myContacts,* Other,miriamfeigelman@gmail.com,,,,,,,,,,,,,,,,,,,,,,,,,,,,,,
mirian,,,,,,,,,,,,,,"Nombre: mirian
",,Importado el 8/12/15 1 ::: * myContacts,* Other,mrdonamari@hotmail.com,,,,,,,,,,,,,,,,,,,,,,,,,,,,,,
mirianberrios@hotmail.com,,,,,,,,,,,,,,,,Importado el 8/12/15 1 ::: * myContacts,* Other,mirianberrios@hotmail.com,,,,,,,,,,,,,,,,,,,,,,,,,,,,,,
Mirna,,Botte,,,,,,,,,,,,,,Importado el 8/12/15 1 ::: * myContacts,* Other,mirnuchii@hotmail.com,,,,,,,,,,,,,,,,,,,,,,,,,,,,,,
mirta,,,,,,,,,,,,,,"Nombre: mirta
",,Importado el 8/12/15 1 ::: * myContacts,* Other,rissomirta@hotmail.com,,,,,,,,,,,,,,,,,,,,,,,,,,,,,,
Mirta Acompañante De Pacientes,,Udaondo Hospital,,,,,,,,Mirian (Hermana),,,,,,* myContacts,,,,,,,,,,,,,,,,,,,,,,,,,,,,,,,,
Mirta Acompañante Hospital Udaondo,,Hermana De Mirian,,,,,,,,,,,,,,* myContacts,,,Mobile,+54 11 6242-8012,,,,,,,,,,,,,,,,,,,,,,,,,,,,
Mirta🌹por Alquiler Del Depto,,,,,,,,,,,,,,,,* myContacts,,,Mobile,+5491122788359,,,,,,,,,,,,,,,,,,,,,,,,,,,,
mirta453@hotmail.com,,,,,,,,,,,,,,"Nombre: mirta453@hotmail.com
",,Importado el 8/12/15 1 ::: * myContacts,* Other,mirta453@hotmail.com,,,,,,,,,,,,,,,,,,,,,,,,,,,,,,
mirtuchi@arnet.com.a...,,,,,,,,,,,,,,"Nombre: mirtuchi@arnet.com.a...
",,Importado el 8/12/15 1 ::: * myContacts,* Other,mirtuchi@arnet.com.ar,,,,,,,,,,,,,,,,,,,,,,,,,,,,,,
misangelesdelaguarda@hotmail.com,,,,,,,,,,,,,,"Nombre: misangelesdelaguarda@hotmail.com
",,Importado el 8/12/15 1 ::: * myContacts,* Other,misangelesdelaguarda@hotmail.com,,,,,,,,,,,,,,,,,,,,,,,,,,,,,,
mistered@tutopia.com,,,,,,,,,,,,,,"Nombre: mistered@tutopia.com
",,Importado el 8/12/15 1 ::: * myContacts,* Other,mistered@tutopia.com,,,,,,,,,,,,,,,,,,,,,,,,,,,,,,
mistica_danza@hotmail.com,,,,,,,,,,,,,,"Nombre: mistica_danza@hotmail.com
",,Importado el 8/12/15 1 ::: * myContacts,* Other,mistica_danza@hotmail.com,,,,,,,,,,,,,,,,,,,,,,,,,,,,,,
miyiregazzoli@hotmail.com,,,,,,,,,,,,,,,,Importado el 8/12/15 1 ::: * myContacts,* Other,miyiregazzoli@hotmail.com,,,,,,,,,,,,,,,,,,,,,,,,,,,,,,
mjunyent@ciudad.com.ar,,,,,,,,,,,,,,"Nombre: mjunyent@ciudad.com.ar
",,Importado el 8/12/15 1 ::: * myContacts,* Other,mjunyent@ciudad.com.ar,,,,,,,,,,,,,,,,,,,,,,,,,,,,,,
mkanarek@correo.conaculta.gob.mx,,,,,,,,,,,,,,,,Importado el 8/12/15 1 ::: * myContacts,* Other,mkanarek@correo.conaculta.gob.mx,,,,,,,,,,,,,,,,,,,,,,,,,,,,,,
ml_agostino@yahoo.com.ar,,,,,,,,,,,,,,"Nombre: ml_agostino@yahoo.com.ar
",,Importado el 8/12/15 1 ::: * myContacts,* Other,ml_agostino@yahoo.com.ar,,,,,,,,,,,,,,,,,,,,,,,,,,,,,,
mlausanchez@cantv.net,,,,,,,,,,,,,,"Nombre: mlausanchez@cantv.net
",,Importado el 8/12/15 1 ::: * myContacts,* Other,mlausanchez@cantv.net,,,,,,,,,,,,,,,,,,,,,,,,,,,,,,
mlucrequiroga@yahoo.com.ar,,,,,,,,,,,,,,"Nombre: mlucrequiroga@yahoo.com.ar
",,Importado el 8/12/15 1 ::: * myContacts,* Other,mlucrequiroga@yahoo.com.ar,,,,,,,,,,,,,,,,,,,,,,,,,,,,,,
mmassuh@gmail.com,,,,,,,,,,,,,,,,Importado el 8/12/15 1 ::: * myContacts,* Other,mmassuh@gmail.com,,,,,,,,,,,,,,,,,,,,,,,,,,,,,,
mmesconi@yahoo.com,,,,,,,,,,,,,,"Nombre: mmesconi@yahoo.com
",,Importado el 8/12/15 1 ::: * myContacts,* Other,mmesconi@yahoo.com,,,,,,,,,,,,,,,,,,,,,,,,,,,,,,
mmigliazzo@unionpersonal.com.ar,,,,,,,,,,,,,,"Nombre: mmigliazzo@unionpersonal.com.ar
",,Importado el 8/12/15 1 ::: * myContacts,* Other,mmigliazzo@unionpersonal.com.ar,,,,,,,,,,,,,,,,,,,,,,,,,,,,,,
mmilana@pgv-fichet.com.ar,,,,,,,,,,,,,,"Nombre: mmilana@pgv-fichet.com.ar
",,Importado el 8/12/15 1 ::: * myContacts,* Other,mmilana@pgv-fichet.com.ar,,,,,,,,,,,,,,,,,,,,,,,,,,,,,,
mmir57@yahoo.it,,,,,,,,,,,,,,"Nombre: mmir57@yahoo.it
",,Importado el 8/12/15 1 ::: * myContacts,* Other,mmir57@yahoo.it,,,,,,,,,,,,,,,,,,,,,,,,,,,,,,
mmllpp@hotmail.com,,,,,,,,,,,,,,"Nombre: mmllpp@hotmail.com
",,Importado el 8/12/15 1 ::: * myContacts,* Other,mmllpp@hotmail.com,,,,,,,,,,,,,,,,,,,,,,,,,,,,,,
mnataliad@hotmail.com,,,,,,,,,,,,,,,,Importado el 8/12/15 1 ::: * myContacts,* Other,mnataliad@hotmail.com,,,,,,,,,,,,,,,,,,,,,,,,,,,,,,
Modista Romina,(Colegio,Clara),,,,,,,,,,,,,,* myContacts,,,Móvil,+54 9 11 6576-1327,,,,,Home,Maipu 2439/37 San Martin,Maipu 2439/37 San Martin,,,,,,,,,,,,,,,,,,,,,
moncayoandres@speedy.com.ar,,,,,,,,,,,,,,,,Importado el 8/12/15 1 ::: * myContacts,* Other,moncayoandres@speedy.com.ar,,,,,,,,,,,,,,,,,,,,,,,,,,,,,,
moni,,,,,,,,,,,,,,"Nombre: moni
",,Importado el 8/12/15 1 ::: * myContacts,* Other,chalimin@ciudad.com.ar,,,,,,,,,,,,,,,,,,,,,,,,,,,,,,
Moni Y Gus,Clientes,2020,,,,,,,,,,,,,,* myContacts,,,Mobile,+54 9 11 3617-5354,,,,,,,,,,,,,,,,,,,,,,,,,,,,
moni_brunet@yahoo.com.ar,,,,,,,,,,,,,,"Nombre: moni_brunet@yahoo.com.ar
",,Importado el 8/12/15 1 ::: * myContacts,* Other,moni_brunet@yahoo.com.ar,,,,,,,,,,,,,,,,,,,,,,,,,,,,,,
moni_elizondo@hotmail.com,,,,,,,,,,,,,,"Nombre: moni_elizondo@hotmail.com
",,Importado el 8/12/15 1 ::: * myContacts,* Other,moni_elizondo@hotmail.com,,,,,,,,,,,,,,,,,,,,,,,,,,,,,,
monibazanarg@hotmail.com,,,,,,,,,,,,,,"Nombre: monibazanarg@hotmail.com
",,Importado el 8/12/15 1 ::: * myContacts,* Other,monibazanarg@hotmail.com,,,,,,,,,,,,,,,,,,,,,,,,,,,,,,
monibrunet@hotmail.com,,,,,,,,,,,,,,"Nombre: monibrunet@hotmail.com
",,Importado el 8/12/15 1 ::: * myContacts,* Other,monibrunet@hotmail.com,,,,,,,,,,,,,,,,,,,,,,,,,,,,,,
Monica,,,,,,,,,,,,,,"Nombre: Monica
",,Importado el 8/12/15 1 ::: * myContacts,* Other,monibran99@hotmail.com,,,,,,,,,,,,,,,,,,,,,,,,,,,,,,
Monica,,,,,,,,,,,,,,"Nombre: Monica
",,Importado el 8/12/15 1 ::: * myContacts,* Other,monicavillacorta@acelerate.com,,,,,,,,,,,,,,,,,,,,,,,,,,,,,,
monica,,,,,,,,,,,,,,"Nombre: monica
",,Importado el 8/12/15 1 ::: * myContacts,* Other,monica.mestre@db.com,,,,,,,,,,,,,,,,,,,,,,,,,,,,,,
Monica,,,,,,,,,,,,,,"Nombre: Monica
",,Importado el 8/12/15 1 ::: * myContacts,* Other,facturacion_witt@arnet.com.ar,,,,,,,,,,,,,,,,,,,,,,,,,,,,,,
Monica,,(Nuhad),,,,,,,,,,,,,,* myContacts,,,Mobile,+54 9 297 400-2605,,,,,,,,,,,,,,,,,,,,,,,,,,,,
Monica Almiron,,,,,,,,,,,,,,,,* myContacts,,,Móvil,+54 9 11 5101-2579,,,,,,,,,,,,,,,,,,,,,,,,,,,,
Monica Amiga De Abril ,,,,,,,,,,,,,,,,* myContacts,,,Móvil,+54 9 11 2582-8062,,,,,,,,,,,,,,,,,,,,,,,,,,,,
Mónica Procesadora Black  D,,,,,,,,,,,,,,,,* myContacts,,,Mobile,1133206233,,,,,,,,,,,,,,,,,,,,,,,,,,,,
Monica salma,,,,,,,,,,,,,,,,* myContacts,,,Mobile,1164485412,,,,,,,,,,,,,,,,,,,,,,,,,,,,
monica_guardia@hotmail.com,,,,,,,,,,,,,,,,Importado el 8/12/15 1 ::: * myContacts,* Other,monica_guardia@hotmail.com,,,,,,,,,,,,,,,,,,,,,,,,,,,,,,
monica_mabel_barrientos@yahoo.com.ar,,,,,,,,,,,,,,"Nombre: monica_mabel_barrientos@yahoo.com.ar
",,Importado el 8/12/15 1 ::: * myContacts,* Other,monica_mabel_barrientos@yahoo.com.ar,,,,,,,,,,,,,,,,,,,,,,,,,,,,,,
monica_morales_62@hotmail.com,,,,,,,,,,,,,,"Nombre: monica_morales_62@hotmail.com
",,Importado el 8/12/15 1 ::: * myContacts,* Other,monica_morales_62@hotmail.com,,,,,,,,,,,,,,,,,,,,,,,,,,,,,,
monicabarral@hotmail.com,,,,,,,,,,,,,,"Nombre: monicabarral@hotmail.com
",,Importado el 8/12/15 1 ::: * myContacts,* Other,monicabarral@hotmail.com,,,,,,,,,,,,,,,,,,,,,,,,,,,,,,
monicabcalderon@yahoo.com.ar,,,,,,,,,,,,,,"Nombre: monicabcalderon@yahoo.com.ar
",,Importado el 8/12/15 1 ::: * myContacts,* Other,monicabcalderon@yahoo.com.ar,,,,,,,,,,,,,,,,,,,,,,,,,,,,,,
monicapolita@argentina.com,,,,,,,,,,,,,,"Nombre: monicapolita@argentina.com
",,Importado el 8/12/15 1 ::: * myContacts,* Other,monicapolita@argentina.com,,,,,,,,,,,,,,,,,,,,,,,,,,,,,,
Monics Almirón,,Hna,,,,,,,,,,,,,,* myContacts,,,Móvil,+54 9 11 5101-2579,,,,,,,,,,,,,,,,,,,,,,,,,,,,
monikled@yahoo.com.a,,,,,,,,,,,,,,"Nombre: monikled@yahoo.com.a
",,Importado el 8/12/15 1 ::: * myContacts,* Other,monikled@yahoo.com.ar,,,,,,,,,,,,,,,,,,,,,,,,,,,,,,
monlam@elcantaro.org,,,,,,,,,,,,,,,,Importado el 8/12/15 1 ::: * myContacts,* Other,monlam@elcantaro.org,,,,,,,,,,,,,,,,,,,,,,,,,,,,,,
montana sanchez clara,,,,,,,,,,,,,,,,* myContacts,,,Mobile,+5491166659614,,,,,,,,,,,,,,,,,,,,,,,,,,,,
Montana;Sol/M,,,,,,,,,,,,,,,,Importado el 9/12/15 ::: Importado el 8/12/15 1 ::: Importado el 8/12/15 ::: * myContacts,,,Mobile,11-699-474-90,,,,,,,,,,,,,,,,,,,,,,,,,,,,
montoyagraciela@hotmail.com,,,,,,,,,,,,,,"Nombre: montoyagraciela@hotmail.com
",,Importado el 8/12/15 1 ::: * myContacts,* Other,montoyagraciela@hotmail.com,,,,,,,,,,,,,,,,,,,,,,,,,,,,,,
Mora Cliente,Sushi,2020,,,,,,,,,,,,,,* myContacts,,,Mobile,+54 9 11 3134-2341,,,,,,,,,,,,,,,,,,,,,,,,,,,,
moracale@hotmail.com,,,,,,,,,,,,,,,,Importado el 8/12/15 1 ::: * myContacts,* Other,moracale@hotmail.com,,,,,,,,,,,,,,,,,,,,,,,,,,,,,,
moralesnancyb@hotmail.com,,,,,,,,,,,,,,"Nombre: moralesnancyb@hotmail.com
",,Importado el 8/12/15 1 ::: * myContacts,* Other,moralesnancyb@hotmail.com,,,,,,,,,,,,,,,,,,,,,,,,,,,,,,
morarashid@hotmail.com,,,,,,,,,,,,,,,,Importado el 8/12/15 1 ::: * myContacts,* Other,morarashid@hotmail.com,,,,,,,,,,,,,,,,,,,,,,,,,,,,,,
morenabelu@hotmail.c,,,,,,,,,,,,,,"Nombre: morenabelu@hotmail.c
",,Importado el 8/12/15 1 ::: * myContacts,* Other,morenabelu@hotmail.com,,,,,,,,,,,,,,,,,,,,,,,,,,,,,,
morochamataderos@hotmail.com,,,,,,,,,,,,,,,,Importado el 8/12/15 1 ::: * myContacts,* Other,morochamataderos@hotmail.com,,,,,,,,,,,,,,,,,,,,,,,,,,,,,,
morochitas80@yahoo.com.ar,,,,,,,,,,,,,,,,Importado el 8/12/15 1 ::: * myContacts,* Other,morochitas80@yahoo.com.ar,,,,,,,,,,,,,,,,,,,,,,,,,,,,,,
Mosquiteros Ventanas De Aluminio,,Axel Colonno,,,,,,,,Parque Chas,,,,,,* myContacts,,,Mobile,+54 11 3525-0494,,,,,,,,,,,,,,,,,,,,,,,,,,,,
moyanocaro@yahoo.com.ar,,,,,,,,,,,,,,"Nombre: moyanocaro@yahoo.com.ar
",,Importado el 8/12/15 1 ::: * myContacts,* Other,moyanocaro@yahoo.com.ar,,,,,,,,,,,,,,,,,,,,,,,,,,,,,,
mozaz@danza-arabe.net,,,,,,,,,,,,,,"Nombre: mozaz@danza-arabe.net
",,Importado el 8/12/15 1 ::: * myContacts,* Other,mozaz@danza-arabe.net,,,,,,,,,,,,,,,,,,,,,,,,,,,,,,
mp7951@hotmail.com,,,,,,,,,,,,,,"Nombre: mp7951@hotmail.com
",,Importado el 8/12/15 1 ::: * myContacts,* Other,mp7951@hotmail.com,,,,,,,,,,,,,,,,,,,,,,,,,,,,,,
mpalacin@arnet.com.ar,,,,,,,,,,,,,,,,Importado el 8/12/15 1 ::: * myContacts,* Other,mpalacin@arnet.com.ar,,,,,,,,,,,,,,,,,,,,,,,,,,,,,,
mpasarotti@yahoo.com,,,,,,,,,,,,,,"Nombre: mpasarotti@yahoo.com
",,Importado el 8/12/15 1 ::: * myContacts,* Other,mpasarotti@yahoo.com,,,,,,,,,,,,,,,,,,,,,,,,,,,,,,
Mr,Pollo,Lucas,,,,,,,,,,,,,,* myContacts,,,Mobile,+54 9 348 435-0356,,,,,,,,,,,,,,,,,,,,,,,,,,,,
mrdonamari@hotmail.com,,,,,,,,,,,,,,,,Importado el 8/12/15 1 ::: * myContacts,* Other,mrdonamari@hotmail.com,,,,,,,,,,,,,,,,,,,,,,,,,,,,,,
mribicich@fvet.uba.ar,,,,,,,,,,,,,,"Nombre: mribicich@fvet.uba.ar
",,Importado el 8/12/15 1 ::: * myContacts,* Other,mribicich@fvet.uba.ar,,,,,,,,,,,,,,,,,,,,,,,,,,,,,,
msafe2001@hotmail.com,,,,,,,,,,,,,,"Nombre: msafe2001@hotmail.com
",,Importado el 8/12/15 1 ::: * myContacts,* Other,msafe2001@hotmail.com,,,,,,,,,,,,,,,,,,,,,,,,,,,,,,
msirelli@sssalud.gov.ar,,,,,,,,,,,,,,,,Importado el 8/12/15 1 ::: * myContacts,* Other,msirelli@sssalud.gov.ar,,,,,,,,,,,,,,,,,,,,,,,,,,,,,,
msol_diaz@yahoo.com.ar,,,,,,,,,,,,,,"Nombre: msol_diaz@yahoo.com.ar
",,Importado el 8/12/15 1 ::: * myContacts,* Other,msol_diaz@yahoo.com.ar,,,,,,,,,,,,,,,,,,,,,,,,,,,,,,
msoledad@msn.com,,,,,,,,,,,,,,"Nombre: msoledad@msn.com
",,Importado el 8/12/15 1 ::: * myContacts,* Other,msoledad@msn.com,,,,,,,,,,,,,,,,,,,,,,,,,,,,,,
msoledadkatu@gmail.com,,,,,,,,,,,,,,"Nombre: msoledadkatu@gmail.com
",,Importado el 8/12/15 1 ::: * myContacts,* Other,msoledadkatu@gmail.com,,,,,,,,,,,,,,,,,,,,,,,,,,,,,,
msolgimenez@hotmail.com,,,,,,,,,,,,,,"Nombre: msolgimenez@hotmail.com
",,Importado el 8/12/15 1 ::: * myContacts,* Other,msolgimenez@hotmail.com,,,,,,,,,,,,,,,,,,,,,,,,,,,,,,
msvalor@hotmail.com,,,,,,,,,,,,,,,,Importado el 8/12/15 1 ::: * myContacts,* Other,msvalor@hotmail.com,,,,,,,,,,,,,,,,,,,,,,,,,,,,,,
mtmitaritonna@gide-arg.com.ar,,,,,,,,,,,,,,"Nombre: mtmitaritonna@gide-arg.com.ar
",,Importado el 8/12/15 1 ::: * myContacts,* Other,mtmitaritonna@gide-arg.com.ar,,,,,,,,,,,,,,,,,,,,,,,,,,,,,,
mtsrl49@hotmail.com,,,,,,,,,,,,,,"Nombre: mtsrl49@hotmail.com
",,Importado el 8/12/15 1 ::: * myContacts,* Other,mtsrl49@hotmail.com,,,,,,,,,,,,,,,,,,,,,,,,,,,,,,
muartes@sdnhon.org.hn,,,,,,,,,,,,,,,,Importado el 8/12/15 1 ::: * myContacts,* Other,muartes@sdnhon.org.hn,,,,,,,,,,,,,,,,,,,,,,,,,,,,,,
Muebles Tigre,La,54,,,,,,,,,,,,,,* myContacts,,,Mobile,11 3335-4187,,,,,,,,,,,,,,,,,,,,,,,,,,,,
Muge,,Frigorifico,,,,,,,,,,,,,,* myContacts,,,Mobile,011 15-5586-9801,,,,,,,,,,,,,,,,,,,,,,,,,,,,
Muge Jose,,Chofer,,,,,,,,,,,,,,Importado el 8/12/15 1 ::: * myContacts,,,Home,11-241-722-23,Pager,833*4200,,,,,,,,,,,,,,,,,,,,,,,,,,
muhi,,,,,,,,,,,,,,,,* myContacts,,,Mobile,11-628-141-02,,,,,,,,,,,,,,,,,,,,,,,,,,,,
muir_gen@hotmail.com,,,,,,,,,,,,,,"Nombre: muir_gen@hotmail.com
",,Importado el 8/12/15 1 ::: * myContacts,* Other,muir_gen@hotmail.com,,,,,,,,,,,,,,,,,,,,,,,,,,,,,,
mujeresdenegro@yahoo.com.ar,,,,,,,,,,,,,,"Nombre: mujeresdenegro@yahoo.com.ar
",,Importado el 8/12/15 1 ::: * myContacts,* Other,mujeresdenegro@yahoo.com.ar,,,,,,,,,,,,,,,,,,,,,,,,,,,,,,
Multas CABA,,,,,,,,,,,,,,,,* myContacts,,,Mobile,11-5050-0147,,,,,,,,,,,,,,,,,,,,,,,,,,,,
Muni Escobar Área De Debitos,,Claudia Pedrozo,,,,,,,,,,,,,,* myContacts,,,Mobile,11 2738-3047,,,,,,,,,,,,,,,,,,,,,,,,,,,,
munir3@itc.com.ar,,,,,,,,,,,,,,,,Importado el 8/12/15 1 ::: * myContacts,* Other,munir3@itc.com.ar,,,,,,,,,,,,,,,,,,,,,,,,,,,,,,
munirachade@yahoo.com.ar,,,,,,,,,,,,,,,,Importado el 8/12/15 1 ::: * myContacts,* Other,munirachade@yahoo.com.ar,,,,,,,,,,,,,,,,,,,,,,,,,,,,,,
munirbtarg@gmail.com,,,,,,,,,,,,,,"Nombre: munirbtarg@gmail.com
",,Importado el 8/12/15 1 ::: * myContacts,* Other,munirbtarg@gmail.com,,,,,,,,,,,,,,,,,,,,,,,,,,,,,,
munirhomsi@yusefobayi.com.ar,,,,,,,,,,,,,,,,Importado el 8/12/15 1 ::: * myContacts,* Other,munirhomsi@yusefobayi.com.ar,,,,,,,,,,,,,,,,,,,,,,,,,,,,,,
murat_el_turco@hotmail.com,,,,,,,,,,,,,,"Nombre: murat_el_turco@hotmail.com
",,Importado el 8/12/15 1 ::: * myContacts,* Other,murat_el_turco@hotmail.com,,,,,,,,,,,,,,,,,,,,,,,,,,,,,,
murielhulsbus@hotmail.com,,,,,,,,,,,,,,"Nombre: murielhulsbus@hotmail.com
",,Importado el 8/12/15 1 ::: * myContacts,* Other,murielhulsbus@hotmail.com,,,,,,,,,,,,,,,,,,,,,,,,,,,,,,
Museo,Del,Whisky,,,,,,,,,,,,,,* myContacts,,,Móvil,+54 9 11 3462-2264,,,,,,,,,,,,,,,,,,,,,,,,,,,,
mushroom_mushroom@hotmail.com,,,,,,,,,,,,,,"Nombre: mushroom_mushroom@hotmail.com
",,Importado el 8/12/15 1 ::: * myContacts,* Other,mushroom_mushroom@hotmail.com,,,,,,,,,,,,,,,,,,,,,,,,,,,,,,
musicomanos@hotmail.com,,,,,,,,,,,,,,,,Importado el 8/12/15 1 ::: * myContacts,* Other,musicomanos@hotmail.com,,,,,,,,,,,,,,,,,,,,,,,,,,,,,,
musicosycantantes@elojodehorus.com,,,,,,,,,,,,,,,,Importado el 8/12/15 1 ::: * myContacts,* Other,musicosycantantes@elojodehorus.com,,,,,,,,,,,,,,,,,,,,,,,,,,,,,,
mutual@agea.com.ar,,,,,,,,,,,,,,"Nombre: mutual@agea.com.ar
",,Importado el 8/12/15 1 ::: * myContacts,* Other,mutual@agea.com.ar,,,,,,,,,,,,,,,,,,,,,,,,,,,,,,
Mvcino@aol.com,,,,,,,,,,,,,,"Nombre: Mvcino@aol.com
",,Importado el 8/12/15 1 ::: * myContacts,* Other,Mvcino@aol.com,,,,,,,,,,,,,,,,,,,,,,,,,,,,,,
mvenier@cponline.org.ar,,,,,,,,,,,,,,,,Importado el 8/12/15 1 ::: * myContacts,* Other,mvenier@cponline.org.ar,,,,,,,,,,,,,,,,,,,,,,,,,,,,,,
mvfontana@ciudad.com.ar,,,,,,,,,,,,,,"Nombre: mvfontana@ciudad.com.ar
",,Importado el 8/12/15 1 ::: * myContacts,* Other,mvfontana@ciudad.com.ar,,,,,,,,,,,,,,,,,,,,,,,,,,,,,,
myrnaeva@yahoo.com.ar,,,,,,,,,,,,,,"Nombre: myrnaeva@yahoo.com.ar
",,Importado el 8/12/15 1 ::: * myContacts,* Other,myrnaeva@yahoo.com.ar,,,,,,,,,,,,,,,,,,,,,,,,,,,,,,
myrnaodalisca@hotmai...,,,,,,,,,,,,,,"Nombre: myrnaodalisca@hotmai...
",,Importado el 8/12/15 1 ::: * myContacts,* Other,myrnaodalisca@hotmail.com,,,,,,,,,,,,,,,,,,,,,,,,,,,,,,
myrtha_jorquera@hotmail.com,,,,,,,,,,,,,,"Nombre: myrtha_jorquera@hotmail.com
",,Importado el 8/12/15 1 ::: * myContacts,* Other,myrtha_jorquera@hotmail.com,,,,,,,,,,,,,,,,,,,,,,,,,,,,,,
mythmari@hotmail.com,,,,,,,,,,,,,,"Nombre: mythmari@hotmail.com
",,Importado el 8/12/15 1 ::: * myContacts,* Other,mythmari@hotmail.com,,,,,,,,,,,,,,,,,,,,,,,,,,,,,,
N CAPSA,,,,,,,,,,,,,,"Nombre: N CAPSA
",,Importado el 8/12/15 1 ::: * myContacts,* Other,nestor.ramallo@scapsa.shell.com,,,,,,,,,,,,,,,,,,,,,,,,,,,,,,
N CAPSA-OLFS/42,,,,,,,,,,,,,,"Nombre: N CAPSA-OLFS/42
",,Importado el 8/12/15 1 ::: * myContacts,* Other,nestor.ramallo@shell.com,,,,,,,,,,,,,,,,,,,,,,,,,,,,,,
Nabil profesor,,,,,,,,,,,,,,,,* myContacts,,,Mobile,11-512-727-80,,,,,,,,,,,,,,,,,,,,,,,,,,,,
Nabil Whbee Nuevo,Haifa,Majles,,,,,,,,,,,,,,* myContacts,,,Móvil,+54 9 11 7632-2616,,,,,,,,,,,,,,,,,,,,,,,,,,,,
nabilataso@yahoo.com,,,,,,,,,,,,,,"Nombre: nabilataso@yahoo.com
",,Importado el 8/12/15 1 ::: * myContacts,* Other,nabilataso@yahoo.com,,,,,,,,,,,,,,,,,,,,,,,,,,,,,,
nabilwehbe@yahoo.com,,,,,,,,,,,,,,"Nombre: nabilwehbe@yahoo.com
",,Importado el 8/12/15 1 ::: * myContacts,* Other,nabilwehbe@yahoo.com,,,,,,,,,,,,,,,,,,,,,,,,,,,,,,
Nacho,,Cliente,,,,,,,,,,,,,,* myContacts,,,Mobile,+54 9 11 4974-8039,,,,,Home,Chacabuco 1318 Maschwitz,1318 Chacabuco,Maschwitz,,,,,,,,,,,,,,,,,,,,
Nacho Cliente 2022,,,,,,,,,,,,,,,,* myContacts,,,Mobile,+54 9 11 6828-1379,,,,,,,,,,,,,,,,,,,,,,,,,,,,
Nacho Coulougian Cliente 2025,,,,,,,,,,,,,,,,* myContacts,,,Mobile,+5491176103056,,,,,,,,,,,,,,,,,,,,,,,,,,,,
Nacho Sanchez,,Sanchez,,,,,,,,,,,,,,* myContacts,* Otro,ernestosanchez2311@gmail.com,Casa,+54 9 11 2638-5130,,,,,,,,,,,,,,,,,,,,,,,,,,,,
Nacho vanesa,,,,,,,,,,,,,,,,Importado el 9/12/15 ::: * myContacts,,,Mobile,1561171138,,,,,,,,,,,,,,,,,,,,,,,,,,,,
nacho_m10@hotmail.com,,,,,,,,,,,,,,"Nombre: nacho_m10@hotmail.com
",,Importado el 8/12/15 1 ::: * myContacts,* Other,nacho_m10@hotmail.com,,,,,,,,,,,,,,,,,,,,,,,,,,,,,,
nachogonzalez_cba@hotmail.com,,,,,,,,,,,,,,"Nombre: nachogonzalez_cba@hotmail.com
",,Importado el 8/12/15 1 ::: * myContacts,* Other,nachogonzalez_cba@hotmail.com,,,,,,,,,,,,,,,,,,,,,,,,,,,,,,
nadaadance@yahoo.com.ar,,,,,,,,,,,,,,,,Importado el 8/12/15 1 ::: * myContacts,* Other,nadaadance@yahoo.com.ar,,,,,,,,,,,,,,,,,,,,,,,,,,,,,,
Nadia,,,,,,,,,,,,,,"Nombre: Nadia
",,Importado el 8/12/15 1 ::: * myContacts,* Other,vardenad@rgnet.com.ar,,,,,,,,,,,,,,,,,,,,,,,,,,,,,,
Nadia,,Clienta,,,,,,,,,,,,,,* myContacts,,,Mobile,+54 9 11 2603-5375,,,,,,,,,,,,,,,,,,,,,,,,,,,,
Nadia,Cliente,2021,,,,,,,,,,,,,,* myContacts,,,Mobile,+54 9 11 3828-4361,,,,,,,,,,,,,,,,,,,,,,,,,,,,
Nadia Cliente 2023,,Ryzio,,,,,,,,,,,,,,* myContacts,,,Mobile,+54 9 348 431-8245,,,,,,,,,,,,,,,,,,,,,,,,,,,,
Nadia Frigorifico,Los,Prados,,,,,,,,Nadia/Pamela,,,,,,* myContacts,* Home,juan@frigorificolosprados.com,Home,11 5182-9782,Mobile,11 2025-3612,,,,,,,,,,,,,,,,,,,,,,,,,,
Nadia Kloury,,,,,,,,,,,,,,,,* myContacts,,,Mobile,11 5340 2959,,,,,,,,,,,,,,,,,,,,,,,,,,,,
Nadia Mamá De,Mateo,P,,,,,,,,,,,,,,* myContacts,,,Móvil,+54 9 11 4056-4440,,,,,,,,,,,,,,,,,,,,,,,,,,,,
Nadia,,Montano,,,,,,,,,,,,,,* myContacts,,,Mobile,+54 9 11 5389-8650,,,,,,,,,,,,,,,,,,,,,,,,,,,,
nadiajattar@yahoo.com.ar,,,,,,,,,,,,,,"Nombre: nadiajattar@yahoo.com.ar
",,Importado el 8/12/15 1 ::: * myContacts,* Other,nadiajattar@yahoo.com.ar,,,,,,,,,,,,,,,,,,,,,,,,,,,,,,
nadiajattaro@yahoo.com.ar,,,,,,,,,,,,,,"Nombre: nadiajattaro@yahoo.com.ar
",,Importado el 8/12/15 1 ::: * myContacts,* Other,nadiajattaro@yahoo.com.ar,,,,,,,,,,,,,,,,,,,,,,,,,,,,,,
nadya_baz@hotmail.com,,,,,,,,,,,,,,"Nombre: nadya_baz@hotmail.com
",,Importado el 8/12/15 1 ::: * myContacts,* Other,nadya_baz@hotmail.com,,,,,,,,,,,,,,,,,,,,,,,,,,,,,,
nadya_baz@yahoo.com.ar,,,,,,,,,,,,,,"Nombre: nadya_baz@yahoo.com.ar
",,Importado el 8/12/15 1 ::: * myContacts,* Other,nadya_baz@yahoo.com.ar,,,,,,,,,,,,,,,,,,,,,,,,,,,,,,
nadyara@cantv.net,,,,,,,,,,,,,,"Nombre: nadyara@cantv.net
",,Importado el 8/12/15 1 ::: * myContacts,* Other,nadyara@cantv.net,,,,,,,,,,,,,,,,,,,,,,,,,,,,,,
Nadyria Cliente 2024,,,,,,,,,,,,,,,,* myContacts,,,Mobile,+5493484344307,,,,,,,,,,,,,,,,,,,,,,,,,,,,
nagam@ciudad.com.ar,,,,,,,,,,,,,,"Nombre: nagam@ciudad.com.ar
",,Importado el 8/12/15 1 ::: * myContacts,* Other,nagam@ciudad.com.ar,,,,,,,,,,,,,,,,,,,,,,,,,,,,,,
nagava@uolsinectis.com.ar,,,,,,,,,,,,,,,,Importado el 8/12/15 1 ::: * myContacts,* Other,nagava@uolsinectis.com.ar,,,,,,,,,,,,,,,,,,,,,,,,,,,,,,
Nahiara,,,,,,,,,,,,,,"Nombre: Nahiara
",,Importado el 8/12/15 1 ::: * myContacts,* Other,pasionporladanza@yahoo.com.ar,,,,,,,,,,,,,,,,,,,,,,,,,,,,,,
nahidsharie@yahoo.com.ar,,,,,,,,,,,,,,"Nombre: nahidsharie@yahoo.com.ar
",,Importado el 8/12/15 1 ::: * myContacts,* Other,nahidsharie@yahoo.com.ar,,,,,,,,,,,,,,,,,,,,,,,,,,,,,,
Nahir,,Osman,,,,,,,,,,,,,,* myContacts,,,Mobile,+5491173689747,,,,,,,,,,,,,,,,,,,,,,,,,,,,
Nahir ossman,,,,,,,,,,,,,,,,* myContacts,,,Mobile,011-629-34270,,,,,,,,,,,,,,,,,,,,,,,,,,,,
nahiraram,,,,,,,,,,,,,,"Nombre: nahiraram
",,Importado el 8/12/15 1 ::: * myContacts,* Other,nahiraram@fibertel.com.ar,,,,,,,,,,,,,,,,,,,,,,,,,,,,,,
nahiraram@hotmail.com,,,,,,,,,,,,,,,,Importado el 8/12/15 1 ::: * myContacts,* Other,nahiraram@hotmail.com,,,,,,,,,,,,,,,,,,,,,,,,,,,,,,
nahirnasash@yahoo.com.ar,,,,,,,,,,,,,,"Nombre: nahirnasash@yahoo.com.ar
",,Importado el 8/12/15 1 ::: * myContacts,* Other,nahirnasash@yahoo.com.ar,,,,,,,,,,,,,,,,,,,,,,,,,,,,,,
nahnu@web-mail.com.ar,,,,,,,,,,,,,,"Nombre: nahnu@web-mail.com.ar
",,Importado el 8/12/15 1 ::: * myContacts,* Other,nahnu@web-mail.com.ar,,,,,,,,,,,,,,,,,,,,,,,,,,,,,,
Nahuel,,,,,,,,,,,,,,,,* myContacts,,,Mobile,11 2298-1219,,,,,,,,,,,,,,,,,,,,,,,,,,,,
Nahuel Aceites Hugo Rocha,,,,,,,,,,,,,,,,* myContacts,,,Mobile,+54 9 11 5767-4907,,,,,,,,,,,,,,,,,,,,,,,,,,,,
Nahuel,,Cliente,,,,,,,,,,,,,,* myContacts,,,Mobile,0348 15-454-9400 ::: +54 9 348 454-9400,,,,,,,,,,,,,,,,,,,,,,,,,,,,
Nahuel,,Musico,,,,,,,,,,,,,,* myContacts,,,Mobile,1162000534,,,,,,,,,,,,,,,,,,,,,,,,,,,,
Nahuel Servimar Ccu,,Cerveza ( De Parte de Santiago),,,,,,,,,,,,,,* myContacts,,,Mobile,+5491165680228,,,,,,,,,,,,,,,,,,,,,,,,,,,,
naia_falah@yahoo.com.ar,,,,,,,,,,,,,,"Nombre: naia_falah@yahoo.com.ar
",,Importado el 8/12/15 1 ::: * myContacts,* Other,naia_falah@yahoo.com.ar,,,,,,,,,,,,,,,,,,,,,,,,,,,,,,
naiarahodalisca@hotmail.com,,,,,,,,,,,,,,"Nombre: naiarahodalisca@hotmail.com
",,Importado el 8/12/15 1 ::: * myContacts,* Other,naiarahodalisca@hotmail.com,,,,,,,,,,,,,,,,,,,,,,,,,,,,,,
Naila,Cliente,2021,,,,,,,,,,,,,,* myContacts,,,Mobile,+54 9 11 3462-2017,,,,,Home,Las Heras 1370 2do B ,Las Heras 1370 2do B,,,,,,,,,,,,,,,,,,,,,
naila@web-mail.com.ar,,,,,,,,,,,,,,,,Importado el 8/12/15 1 ::: * myContacts,* Other,naila@web-mail.com.ar,,,,,,,,,,,,,,,,,,,,,,,,,,,,,,
nain abba Cliente 2025,,,,,,,,,,,,,,,,* myContacts,,,Mobile,+5491170819132,,,,,,,,,,,,,,,,,,,,,,,,,,,,
nainemesis@hotmail.com,,,,,,,,,,,,,,"Nombre: nainemesis@hotmail.com
",,Importado el 8/12/15 1 ::: * myContacts,* Other,nainemesis@hotmail.com,,,,,,,,,,,,,,,,,,,,,,,,,,,,,,
Naíra,,,,,,,,,,,,,,"Nombre: Naíra
",https://lh3.googleusercontent.com/contacts/AG6tpzHBlmbkZjHaw9T3YXN-5TSxFUFc1mlvXv7GvSfU3vWV_eewpnQB,Importado el 8/12/15 1 ::: * myContacts,* Other,nairadanzas@yahoo.com.ar,,,,,,,,,,,,,,,,,,,,,,,,,,,,,,
nairadanzas@yahoo.com.ar,,,,,,,,,,,,,,"Nombre: nairadanzas@yahoo.com.ar
",https://lh3.googleusercontent.com/contacts/AG6tpzHijMA892FZqAky2c-uRn-16cCjm4rM8PLJ0ddi3uDG_8HKvvDf,Importado el 8/12/15 1 ::: * myContacts,* Other,nairadanzas@yahoo.com.ar,,,,,,,,,,,,,,,,,,,,,,,,,,,,,,
Najjar,,,,,,,,,,,,,,"Nombre: Najjar
",,Importado el 8/12/15 1 ::: * myContacts,* Other,najjara@fibertel.com.ar,,,,,,,,,,,,,,,,,,,,,,,,,,,,,,
najla_noor@hotmail.com,,,,,,,,,,,,,,"Nombre: najla_noor@hotmail.com
",,Importado el 8/12/15 1 ::: * myContacts,* Other,najla_noor@hotmail.com,,,,,,,,,,,,,,,,,,,,,,,,,,,,,,
najla.kk@ig.com.br,,,,,,,,,,,,,,"Nombre: najla.kk@ig.com.br
",,Importado el 8/12/15 1 ::: * myContacts,* Other,najla.kk@ig.com.br,,,,,,,,,,,,,,,,,,,,,,,,,,,,,,
najla@najla.com.ar,,,,,,,,,,,,,,"Nombre: najla@najla.com.ar
",,Importado el 8/12/15 1 ::: * myContacts,* Other,najla@najla.com.ar,,,,,,,,,,,,,,,,,,,,,,,,,,,,,,
najlahllanderal@hotmail.com,,,,,,,,,,,,,,"Nombre: najlahllanderal@hotmail.com
",,Importado el 8/12/15 1 ::: * myContacts,* Other,najlahllanderal@hotmail.com,,,,,,,,,,,,,,,,,,,,,,,,,,,,,,
najwa_mouhrat@yahoo.com.ar,,,,,,,,,,,,,,"Nombre: najwa_mouhrat@yahoo.com.ar
",,Importado el 8/12/15 1 ::: * myContacts,* Other,najwa_mouhrat@yahoo.com.ar,,,,,,,,,,,,,,,,,,,,,,,,,,,,,,
nakicichero@hotmail.com,,,,,,,,,,,,,,"Nombre: nakicichero@hotmail.com
",,Importado el 8/12/15 1 ::: * myContacts,* Other,nakicichero@hotmail.com,,,,,,,,,,,,,,,,,,,,,,,,,,,,,,
naldi81@yahoo.com.ar,,,,,,,,,,,,,,"Nombre: naldi81@yahoo.com.ar
",,Importado el 8/12/15 1 ::: * myContacts,* Other,naldi81@yahoo.com.ar,,,,,,,,,,,,,,,,,,,,,,,,,,,,,,
nanafrancisco@hotmail.com,,,,,,,,,,,,,,"Nombre: nanafrancisco@hotmail.com
",,Importado el 8/12/15 1 ::: * myContacts,* Other,nanafrancisco@hotmail.com,,,,,,,,,,,,,,,,,,,,,,,,,,,,,,
nanchu_go@hotmail.com,,,,,,,,,,,,,,"Nombre: nanchu_go@hotmail.com
",,Importado el 8/12/15 1 ::: * myContacts,* Other,nanchu_go@hotmail.com,,,,,,,,,,,,,,,,,,,,,,,,,,,,,,
nancy,,,,,,,,,,,,,,"Nombre: nancy
",,Importado el 8/12/15 1 ::: * myContacts,* Other,nancy_franco@sgs.com,,,,,,,,,,,,,,,,,,,,,,,,,,,,,,
Nancy alumna,,,,,,,,,,,,,,,,Importado el 9/12/15 ::: Importado el 8/12/15 1 ::: Importado el 8/12/15 ::: * myContacts,,,Mobile,011-692-03320,,,,,,,,,,,,,,,,,,,,,,,,,,,,
nancy franco,,franco,,,,,,,,,,,,"Nombre: nancy
",,Importado el 8/12/15 1 ::: * myContacts,* Other,agridrycargo@sgs.com,,,,,,,,,,,,,,,,,,,,,,,,,,,,,,
nancydeandres@hotmail.com,,,,,,,,,,,,,,"Nombre: nancydeandres@hotmail.com
",,Importado el 8/12/15 1 ::: * myContacts,* Other,nancydeandres@hotmail.com,,,,,,,,,,,,,,,,,,,,,,,,,,,,,,
nancymedina_607@hotmail.com,,,,,,,,,,,,,,"Nombre: nancymedina_607@hotmail.com
",,Importado el 8/12/15 1 ::: * myContacts,* Other,nancymedina_607@hotmail.com,,,,,,,,,,,,,,,,,,,,,,,,,,,,,,
naomi_nho@hotmail.com,,,,,,,,,,,,,,"Nombre: naomi_nho@hotmail.com
",,Importado el 8/12/15 1 ::: * myContacts,* Other,naomi_nho@hotmail.com,,,,,,,,,,,,,,,,,,,,,,,,,,,,,,
narim_adymal@hotmail.com,,,,,,,,,,,,,,"Nombre: narim_adymal@hotmail.com
",,Importado el 8/12/15 1 ::: * myContacts,* Other,narim_adymal@hotmail.com,,,,,,,,,,,,,,,,,,,,,,,,,,,,,,
narinodalisca@yahoo.com.ar>,,,,,,,,,,,,,,"Nombre: narinodalisca@yahoo.com.ar>
",,Importado el 8/12/15 1 ::: * myContacts,* Other,narinodalisca@yahoo.com.ar,,,,,,,,,,,,,,,,,,,,,,,,,,,,,,
narnaldi@americantracer.com,,,,,,,,,,,,,,,,Importado el 8/12/15 1 ::: * myContacts,* Other,narnaldi@americantracer.com,,,,,,,,,,,,,,,,,,,,,,,,,,,,,,
nashira_fahiad@hotmail.com,,,,,,,,,,,,,,"Nombre: nashira_fahiad@hotmail.com
",,Importado el 8/12/15 1 ::: * myContacts,* Other,nashira_fahiad@hotmail.com,,,,,,,,,,,,,,,,,,,,,,,,,,,,,,
nashua_laprincesa@hotmail.com,,,,,,,,,,,,,,"Nombre: nashua_laprincesa@hotmail.com
",,Importado el 8/12/15 1 ::: * myContacts,* Other,nashua_laprincesa@hotmail.com,,,,,,,,,,,,,,,,,,,,,,,,,,,,,,
nasirah_odalisca@yahoo.com.ar,,,,,,,,,,,,,,,,Importado el 8/12/15 1 ::: * myContacts,* Other,nasirah_odalisca@yahoo.com.ar,,,,,,,,,,,,,,,,,,,,,,,,,,,,,,
nasmah01@yahoo.com.ar,,,,,,,,,,,,,,,,Importado el 8/12/15 1 ::: * myContacts,* Other,nasmah01@yahoo.com.ar,,,,,,,,,,,,,,,,,,,,,,,,,,,,,,
Naszira,,,,,,,,,,,,,,"Nombre: Naszira
",,Importado el 8/12/15 1 ::: * myContacts,* Other,naszira_nacif@hotmail.com,,,,,,,,,,,,,,,,,,,,,,,,,,,,,,
natacha_rolfo@hotmail.com,,,,,,,,,,,,,,,,Importado el 8/12/15 1 ::: * myContacts,* Other,natacha_rolfo@hotmail.com,,,,,,,,,,,,,,,,,,,,,,,,,,,,,,
natachacp@yahoo.com.ar,,,,,,,,,,,,,,,,Importado el 8/12/15 1 ::: * myContacts,* Other,natachacp@yahoo.com.ar,,,,,,,,,,,,,,,,,,,,,,,,,,,,,,
natalia,,,,,,,,,,,,,,"Nombre: nataliafreiria@hotmail.com
",,Importado el 8/12/15 1 ::: * myContacts,* Other,nataliafreiria@hotmail.com,,,,,,,,,,,,,,,,,,,,,,,,,,,,,,
Natalia,,,,,,,,,,,,,,"Nombre: Natalia
",,Importado el 8/12/15 1 ::: * myContacts,* Other,nataliavestevez@hotmail.com,,,,,,,,,,,,,,,,,,,,,,,,,,,,,,
natalia,,,,,,,,,,,,,,"Nombre: natalia
",,Importado el 8/12/15 1 ::: * myContacts,* Other,natupe55@hotmail.com,,,,,,,,,,,,,,,,,,,,,,,,,,,,,,
Natalia,,,,,,,,,,,,,,"Nombre: Natalia
",,Importado el 8/12/15 1 ::: * myContacts,* Other,natyalvarez@fullzero.com.ar,,,,,,,,,,,,,,,,,,,,,,,,,,,,,,
natalia,,,,,,,,,,,,,,"Nombre: natalia
",,Importado el 8/12/15 1 ::: * myContacts,* Other,ayxaoda@hotmail.com,,,,,,,,,,,,,,,,,,,,,,,,,,,,,,
Natalia aguero,,,,,,,,,,,,,,,,* myContacts,,,Mobile,01159692732,,,,,,,,,,,,,,,,,,,,,,,,,,,,
Natalia Cliente 2022,,,,,,,,,,,,,,,,* myContacts,,,Mobile,+54 9 11 2277-2847,Home,+54 9 11 5629-5401,,,,,,,,,,,,,,,,,,,,,,,,,,
Natalia Cliente 2023,,,,,,,,,,,,,,,,* myContacts,,,Mobile,1140308474,,,,,,,,,,,,,,,,,,,,,,,,,,,,
Natalia Cliente 2024,,Salomone,,,,,,,,,,,,,,* myContacts,,,Mobile,+5491162977033,,,,,,,,,,,,,,,,,,,,,,,,,,,,
Natalia Heladera Vidriada,,,,,,,,,,,,,,,,* myContacts,,,Mobile,1127356820,,,,,,,,,,,,,,,,,,,,,,,,,,,,
Natalia,India,Maschwitz,,,,,,,,,,,,,,* myContacts,,,Mobile,+54 9 11 5464-5757,,,,,,,,,,,,,,,,,,,,,,,,,,,,
Natalia mamá de Aliu,,Fasta,,,,,,,,,,,,,,* myContacts,,,Mobile,+5491156580399,,,,,,,,,,,,,,,,,,,,,,,,,,,,
Natalia Mamá,De,Laima,,,,,,,,,,,,,,* myContacts,,,Móvil,+54 9 11 5967-6613,,,,,,,,,,,,,,,,,,,,,,,,,,,,
natalia maria,,,,,,,,,,,,,,"Nombre: natalia maria
",,Importado el 8/12/15 1 ::: * myContacts,* Other,coco-naty@hotmail.com,,,,,,,,,,,,,,,,,,,,,,,,,,,,,,
natalia_caligiuri@yahoo.com.ar,,,,,,,,,,,,,,"Nombre: natalia_caligiuri@yahoo.com.ar
",,Importado el 8/12/15 1 ::: * myContacts,* Other,natalia_caligiuri@yahoo.com.ar,,,,,,,,,,,,,,,,,,,,,,,,,,,,,,
natalia.audi@imat.com.ar,,,,,,,,,,,,,,"Nombre: natalia.audi@imat.com.ar
",,Importado el 8/12/15 1 ::: * myContacts,* Other,natalia.audi@imat.com.ar,,,,,,,,,,,,,,,,,,,,,,,,,,,,,,
natalia.giraud@kodak.com,,,,,,,,,,,,,,"Nombre: natalia.giraud@kodak.com
",,Importado el 8/12/15 1 ::: * myContacts,* Other,natalia.giraud@kodak.com,,,,,,,,,,,,,,,,,,,,,,,,,,,,,,
natalia.pastori@citicorp.com,,,,,,,,,,,,,,,,Importado el 8/12/15 1 ::: * myContacts,* Other,natalia.pastori@citicorp.com,,,,,,,,,,,,,,,,,,,,,,,,,,,,,,
nataliacorteggiano@hotmail.com,,,,,,,,,,,,,,"Nombre: nataliacorteggiano@hotmail.com
",,Importado el 8/12/15 1 ::: * myContacts,* Other,nataliacorteggiano@hotmail.com,,,,,,,,,,,,,,,,,,,,,,,,,,,,,,
nataliameliendres@hotmail.com,,,,,,,,,,,,,,"Nombre: nataliameliendres@hotmail.com
",,Importado el 8/12/15 1 ::: * myContacts,* Other,nataliameliendres@hotmail.com,,,,,,,,,,,,,,,,,,,,,,,,,,,,,,
nataliaperezdegracia@hotmail.com,,,,,,,,,,,,,,"Nombre: nataliaperezdegracia@hotmail.com
",,Importado el 8/12/15 1 ::: * myContacts,* Other,nataliaperezdegracia@hotmail.com,,,,,,,,,,,,,,,,,,,,,,,,,,,,,,
natalyna77@yahoo.com.ar,,,,,,,,,,,,,,"Nombre: natalyna77@yahoo.com.ar
",,Importado el 8/12/15 1 ::: * myContacts,* Other,natalyna77@yahoo.com.ar,,,,,,,,,,,,,,,,,,,,,,,,,,,,,,
nati del,,,,,,,,,,,,,,"Nombre: nati del
",,Importado el 8/12/15 1 ::: * myContacts,* Other,nicoynati@aol.com,,,,,,,,,,,,,,,,,,,,,,,,,,,,,,
nati_alod@hotmail.com,,,,,,,,,,,,,,"Nombre: nati_alod@hotmail.com
",,Importado el 8/12/15 1 ::: * myContacts,* Other,nati_alod@hotmail.com,,,,,,,,,,,,,,,,,,,,,,,,,,,,,,
nati_boom-boom@hotmail.com,,,,,,,,,,,,,,"Nombre: nati_boom-boom@hotmail.com
",,Importado el 8/12/15 1 ::: * myContacts,* Other,nati_boom-boom@hotmail.com,,,,,,,,,,,,,,,,,,,,,,,,,,,,,,
nati_callejas@hotmail.com,,,,,,,,,,,,,,,,Importado el 8/12/15 1 ::: * myContacts,* Other,nati_callejas@hotmail.com,,,,,,,,,,,,,,,,,,,,,,,,,,,,,,
natisabri_04@hotmail,,,,,,,,,,,,,,"Nombre: natisabri_04@hotmail
",,Importado el 8/12/15 1 ::: * myContacts,* Other,natisabri_04@hotmail.com,,,,,,,,,,,,,,,,,,,,,,,,,,,,,,
nattycastellano@hotmail.com,,,,,,,,,,,,,,"Nombre: nattycastellano@hotmail.com
",,Importado el 8/12/15 1 ::: * myContacts,* Other,nattycastellano@hotmail.com,,,,,,,,,,,,,,,,,,,,,,,,,,,,,,
Natu,Ing,Maschwizt,,,,,,,,,,,,,,* myContacts,,,Main,1124941008,,,,,,,,,,,,,,,,,,,,,,,,,,,,
Natu7@aol.com,,,,,,,,,,,,,,,,Importado el 8/12/15 1 ::: * myContacts,* Other,Natu7@aol.com,,,,,,,,,,,,,,,,,,,,,,,,,,,,,,
natulingui22@hotmail.com,,,,,,,,,,,,,,"Nombre: natulingui22@hotmail.com
",,Importado el 8/12/15 1 ::: * myContacts,* Other,natulingui22@hotmail.com,,,,,,,,,,,,,,,,,,,,,,,,,,,,,,
Naty Cliente 2024,,Pizzería En Savio,,,,,,,,,,,,,,* myContacts,,,Mobile,11 3574-2281,,,,,,,,,,,,,,,,,,,,,,,,,,,,
Naty,Iceland,Helados,,,,,,,,,,,,,,* myContacts,,,Mobile,+54 9 11 5389-0465,,,,,,,,,,,,,,,,,,,,,,,,,,,,
Naty nuyum,,,,,,,,,,,,,,,,* myContacts,,,Mobile,034-160-62025 ::: +5493416062025,,,,,,,,,,,,,,,,,,,,,,,,,,,,
Naty,,Valhalla,,,,,,,,,,,,,,* myContacts,,,Mobile,11 5991-4173,,,,,,,,,,,,,,,,,,,,,,,,,,,,
naty_elisa@hotmail.com,,,,,,,,,,,,,,"Nombre: naty_elisa@hotmail.com
",,Importado el 8/12/15 1 ::: * myContacts,* Other,naty_elisa@hotmail.com,,,,,,,,,,,,,,,,,,,,,,,,,,,,,,
naty_naty_racing@hotmail.com,,,,,,,,,,,,,,"Nombre: naty_naty_racing@hotmail.com
",,Importado el 8/12/15 1 ::: * myContacts,* Other,naty_naty_racing@hotmail.com,,,,,,,,,,,,,,,,,,,,,,,,,,,,,,
naty18@data54.com,,,,,,,,,,,,,,,,Importado el 8/12/15 1 ::: * myContacts,* Other,naty18@data54.com,,,,,,,,,,,,,,,,,,,,,,,,,,,,,,
natyalvarez@fullzero.com.ar,,,,,,,,,,,,,,"Nombre: natyalvarez@fullzero.com.ar
",,Importado el 8/12/15 1 ::: * myContacts,* Other,natyalvarez@fullzero.com.ar,,,,,,,,,,,,,,,,,,,,,,,,,,,,,,
natydezarate@yahoo.com.ar,,,,,,,,,,,,,,"Nombre: natydezarate@yahoo.com.ar
",,Importado el 8/12/15 1 ::: * myContacts,* Other,natydezarate@yahoo.com.ar,,,,,,,,,,,,,,,,,,,,,,,,,,,,,,
natydiez_ar@hotmail.com,,,,,,,,,,,,,,"Nombre: natydiez_ar@hotmail.com
",,Importado el 8/12/15 1 ::: * myContacts,* Other,natydiez_ar@hotmail.com,,,,,,,,,,,,,,,,,,,,,,,,,,,,,,
natymone@hotmail.com,,,,,,,,,,,,,,"Nombre: natymone@hotmail.com
",,Importado el 8/12/15 1 ::: * myContacts,* Other,natymone@hotmail.com,,,,,,,,,,,,,,,,,,,,,,,,,,,,,,
natymslamaslinda@hotmail.com,,,,,,,,,,,,,,"Nombre: natymslamaslinda@hotmail.com
",,Importado el 8/12/15 1 ::: * myContacts,* Other,natymslamaslinda@hotmail.com,,,,,,,,,,,,,,,,,,,,,,,,,,,,,,
NatyRuby@hotmail.com,,,,,,,,,,,,,,"Nombre: NatyRuby@hotmail.com
",,Importado el 8/12/15 1 ::: * myContacts,* Other,NatyRuby@hotmail.com,,,,,,,,,,,,,,,,,,,,,,,,,,,,,,
Navarro Catriel,,Electricista!,,,,,,,,,,,,,,* myContacts,,,Mobile,+5491171654422,,,,,,,,,,,,,,,,,,,,,,,,,,,,
naviles@mineduc.cl,,,,,,,,,,,,,,,,Importado el 8/12/15 1 ::: * myContacts,* Other,naviles@mineduc.cl,,,,,,,,,,,,,,,,,,,,,,,,,,,,,,
nayatshow@yahoo.com.ar,,,,,,,,,,,,,,,,Importado el 8/12/15 1 ::: * myContacts,* Other,nayatshow@yahoo.com.ar,,,,,,,,,,,,,,,,,,,,,,,,,,,,,,
naym1986@hotmail.com,,,,,,,,,,,,,,"Nombre: naym1986@hotmail.com
",,Importado el 8/12/15 1 ::: * myContacts,* Other,naym1986@hotmail.com,,,,,,,,,,,,,,,,,,,,,,,,,,,,,,
naymabellydancer@yahoo.com,,,,,,,,,,,,,,,,Importado el 8/12/15 1 ::: * myContacts,* Other,naymabellydancer@yahoo.com,,,,,,,,,,,,,,,,,,,,,,,,,,,,,,
nayuahakim@hotmail.com,,,,,,,,,,,,,,,,Importado el 8/12/15 1 ::: * myContacts,* Other,nayuahakim@hotmail.com,,,,,,,,,,,,,,,,,,,,,,,,,,,,,,
nayud2004@yahoo.com.ar,,,,,,,,,,,,,,"Nombre: nayud2004@yahoo.com.ar
",,Importado el 8/12/15 1 ::: * myContacts,* Other,nayud2004@yahoo.com.ar,,,,,,,,,,,,,,,,,,,,,,,,,,,,,,
Nazarena,,Delivery,,,,,,,,,,,,,,* myContacts,,,Mobile,+54 9 11 6160-1600,,,,,,,,,,,,,,,,,,,,,,,,,,,,
nazari24@hotmail.com,,,,,,,,,,,,,,"Nombre: nazari24@hotmail.com
",,Importado el 8/12/15 1 ::: * myContacts,* Other,nazari24@hotmail.com,,,,,,,,,,,,,,,,,,,,,,,,,,,,,,
nazarjorge@gmail.com,,,,,,,,,,,,,,"Nombre: nazarjorge@gmail.com
",,Importado el 8/12/15 1 ::: * myContacts,* Other,nazarjorge@gmail.com,,,,,,,,,,,,,,,,,,,,,,,,,,,,,,
nbastid@hotmail.com,,,,,,,,,,,,,,,,Importado el 8/12/15 1 ::: * myContacts,* Other,nbastid@hotmail.com,,,,,,,,,,,,,,,,,,,,,,,,,,,,,,
nbastid@latinmail.com,,,,,,,,,,,,,,,,Importado el 8/12/15 1 ::: * myContacts,* Other,nbastid@latinmail.com,,,,,,,,,,,,,,,,,,,,,,,,,,,,,,
ncasalderrey@yahoo.com.ar,,,,,,,,,,,,,,"Nombre: ncasalderrey@yahoo.com.ar
",,Importado el 8/12/15 1 ::: * myContacts,* Other,ncasalderrey@yahoo.com.ar,,,,,,,,,,,,,,,,,,,,,,,,,,,,,,
ncelas-mariana@poncelasseguros.com.ar,,,,,,,,,,,,,,,,Importado el 8/12/15 1 ::: * myContacts,* Other,ncelas-mariana@poncelasseguros.com.ar,,,,,,,,,,,,,,,,,,,,,,,,,,,,,,
ndantini@hotmail.com,,,,,,,,,,,,,,"Nombre: ndantini@hotmail.com
",,Importado el 8/12/15 1 ::: * myContacts,* Other,ndantini@hotmail.com,,,,,,,,,,,,,,,,,,,,,,,,,,,,,,
ndipaolo@klgw.com.ar,,,,,,,,,,,,,,"Nombre: ndipaolo@klgw.com.ar
",,Importado el 8/12/15 1 ::: * myContacts,* Other,ndipaolo@klgw.com.ar,,,,,,,,,,,,,,,,,,,,,,,,,,,,,,
NEGOCIO,,,,,,,,,,,,,,,,* myContacts,,,Mobile,+5491166659013,,,,,,,,,,,,,,,,,,,,,,,,,,,,
negra_tania@yahoo.com.ar,,,,,,,,,,,,,,"Nombre: negra_tania@yahoo.com.ar
",,Importado el 8/12/15 1 ::: * myContacts,* Other,negra_tania@yahoo.com.ar,,,,,,,,,,,,,,,,,,,,,,,,,,,,,,
nelson promail,,,,,,,,,,Pro Mail,Antonio Lopez 3862,,,,,Importado el 9/12/15 ::: Importado el 8/12/15 1 ::: Importado el 8/12/15 ::: * myContacts,,,Mobile,11-407-154-71,Work,450-487-02,,,Home,C A Lopez 3862,C A Lopez 3862,,,,,,,,,,,,,,,,,,,,,
Ñenja,,,,,,,,,,,,,,,,* myContacts,,,Mobile,+5491171008547,,,,,,,,,,,,,,,,,,,,,,,,,,,,
neobaladi@yahoo.com.ar,,,,,,,,,,,,,,"Nombre: neobaladi@yahoo.com.ar
",,Importado el 8/12/15 1 ::: * myContacts,* Other,neobaladi@yahoo.com.ar,,,,,,,,,,,,,,,,,,,,,,,,,,,,,,
Nestor Bresiano Futbol,Argentinos,Jr,,,,,,,,,,,,,,* myContacts,,,Mobile,11 5659-6000,,,,,,,,,,,,,,,,,,,,,,,,,,,,
nestorspada@hotmail.com,,,,,,,,,,,,,,"Nombre: nestorspada@hotmail.com
",,Importado el 8/12/15 1 ::: * myContacts,* Other,nestorspada@hotmail.com,,,,,,,,,,,,,,,,,,,,,,,,,,,,,,
Neumaticos,,Ugarte,,,,,,,,,,,,,,* myContacts,,,Mobile,11 5257-3275,,,,,Home,Ugarte 3598 Munro,3598 Ugarte,Munro,,,,AR,,,,,,,,,,,,,,,,
New Garden Maschwitz,,,,,,,,,,New Garden Maschwitz,,,,,,* myContacts,,,Mobile,+5491131975628,,,,,,,,,,,,,,,,,,,,,,,,,,,,
newtonrauseo@cantv.net,,,,,,,,,,,,,,,,Importado el 8/12/15 1 ::: * myContacts,* Other,newtonrauseo@cantv.net,,,,,,,,,,,,,,,,,,,,,,,,,,,,,,
nhur29@hotmail.com,,,,,,,,,,,,,,"Nombre: nhur29@hotmail.com
",,Importado el 8/12/15 1 ::: * myContacts,* Other,nhur29@hotmail.com,,,,,,,,,,,,,,,,,,,,,,,,,,,,,,
Nico Ayudante (Lucas),Rodrigo,Andreone,,,,,,,,,,,,,,* myContacts,,,Móvil,+54 9 11 3065-9446,,,,,,,,,,,,,,,,,,,,,,,,,,,,
Nico,Blum,Empleado,,,,,,,,,,,,,,* myContacts,,,Mobile,2304356168,,,,,,,,,,,,,,,,,,,,,,,,,,,,
Nico Campa,,Acero,,,,,,,,,,,,,,* myContacts,,,Mobile,+5491156173127,,,,,,,,,,,,,,,,,,,,,,,,,,,,
Nico,Cliente,2021×,,,,,,,,,,,,,,* myContacts,,,Mobile,+54 9 11 3116-9121,,,,,,,,,,,,,,,,,,,,,,,,,,,,
Nico Cliente 2024,,Corzo,,,,,,,,,,,,,,* myContacts,,,Mobile,+5491141431665,,,,,,,,,,,,,,,,,,,,,,,,,,,,
Nico,Cliente,Maschwitz,,,,,,,,,,,,,,* myContacts,,,Mobile,+54 9 11 6606-5404,,,,,,,,,,,,,,,,,,,,,,,,,,,,
Nico Guitarrista 2022,,Obiglio,,,,,,,,,,,,,,* myContacts,,,Móvil,+54 9 11 6010-7388,,,,,,,,,,,,,,,,,,,,,,,,,,,,
Nico Novio De Belu,,👩🏻‍❤️‍👨🏽,,,,,,,,,,,,,,* myContacts,,,Celular,+54 9 11 3613-1739,,,,,,,,,,,,,,,,,,,,,,,,,,,,
nico_obl001@hotmail.com,,,,,,,,,,,,,,,,Importado el 8/12/15 1 ::: * myContacts,* Other,nico_obl001@hotmail.com,,,,,,,,,,,,,,,,,,,,,,,,,,,,,,
Nicolas Albañil 2025,,Tareas Generales,,,,,,,,,,,,,,* myContacts,,,Mobile,+54 11 5479-4140,,,,,,,,,,,,,,,,,,,,,,,,,,,,
Nicolas,,Cliente,,,,,,,,,,,,,,* myContacts,,,Mobile,+54 9 11 3781-6100,,,,,,,,,,,,,,,,,,,,,,,,,,,,
Nicolas,Cliente,2020,,,,,,,,,,,,,,* myContacts,,,Mobile,+54 9 348 445-4697,,,,,,,,,,,,,,,,,,,,,,,,,,,,
Nicolas,Cliente,2021,,,,,,,,,,,,,,* myContacts,,,Mobile,+54 11 5424-8900,,,,,,,,,,,,,,,,,,,,,,,,,,,,
Nicolás Cliente 2022,,,,,,,,,,,,,,,,* myContacts,,,Mobile,+54 9 11 6221-4150,,,,,,,,,,,,,,,,,,,,,,,,,,,,
Nicolás Cliente 2023,,Moscoloni,,,,,,,,,,,,,,* myContacts,,,Mobile,+54 9 11 3247-7508,,,,,,,,,,,,,,,,,,,,,,,,,,,,
Nicolas,Cpu,Larrea,,,,,,,,,,,,,,* myContacts,,,Mobile,+54 9 11 5328-8673,,,,,Home,The King Thecnology,The King Thecnology,,,,,,,,,,,,,,,,,,,,,
Nicolás Cuenca 🤝,,Freidora 33litros,,,,,,,,,,,,,,* myContacts,,,Mobile,+5493484311619,,,,,,,,,,,,,,,,,,,,,,,,,,,,
Nicolas De Parte Guillermo Ypf,,Chapista,,,,,,,,Arismendi 2809,,,,,,* myContacts,,,Móvil,+54 9 11 6529-7892,,,,,,,,,,,,,,,,,,,,,,,,,,,,
Nicolás Gurrea,,Ankas Del Sur,,,,,,,,,,,,,,* myContacts,,,Mobile,+5491171543865,,,,,,,,,,,,,,,,,,,,,,,,,,,,
Nicolas Papa De Gala,,Casagrande (Colegio),,,,,,,,,,,,,,* myContacts,,,Mobile,+5491169345893,,,,,,,,,,,,,,,,,,,,,,,,,,,,
Nicolas Pintor Maschwitz ,,,,,,,,,,,,,,,,* myContacts,,,Mobile,+54 9 11 3433-1858,,,,,,,,,,,,,,,,,,,,,,,,,,,,
nicolas@fundamentalweb.com.ar,,,,,,,,,,,,,,"Nombre: nicolas@fundamentalweb.com.ar
",,Importado el 8/12/15 1 ::: * myContacts,* Other,nicolas@fundamentalweb.com.ar,,,,,,,,,,,,,,,,,,,,,,,,,,,,,,
nicolascavicchia96@h...,,,,,,,,,,,,,,"Nombre: nicolascavicchia96@h...
",,Importado el 8/12/15 1 ::: * myContacts,* Other,nicolascavicchia96@hotmail.com,,,,,,,,,,,,,,,,,,,,,,,,,,,,,,
nicolecell@hotmail.com,,,,,,,,,,,,,,"Nombre: nicolecell@hotmail.com
",,Importado el 8/12/15 1 ::: * myContacts,* Other,nicolecell@hotmail.com,,,,,,,,,,,,,,,,,,,,,,,,,,,,,,
nieves@silviachediek.com,,,,,,,,,,,,,,"Nombre: nieves@silviachediek.com
",,Importado el 8/12/15 1 ::: * myContacts,* Other,nieves@silviachediek.com,,,,,,,,,,,,,,,,,,,,,,,,,,,,,,
niki_15@hotmail.com,,,,,,,,,,,,,,"Nombre: niki_15@hotmail.com
",,Importado el 8/12/15 1 ::: * myContacts,* Other,niki_15@hotmail.com,,,,,,,,,,,,,,,,,,,,,,,,,,,,,,
nikky_ciel@hotmail.com,,,,,,,,,,,,,,"Nombre: nikky_ciel@hotmail.com
",,Importado el 8/12/15 1 ::: * myContacts,* Other,nikky_ciel@hotmail.com,,,,,,,,,,,,,,,,,,,,,,,,,,,,,,
nikytriantafilo@hotmail.com,,,,,,,,,,,,,,"Nombre: nikytriantafilo@hotmail.com
",,Importado el 8/12/15 1 ::: * myContacts,* Other,nikytriantafilo@hotmail.com,,,,,,,,,,,,,,,,,,,,,,,,,,,,,,
nilasarno@hotmail.com,,,,,,,,,,,,,,,,Importado el 8/12/15 1 ::: * myContacts,* Other,nilasarno@hotmail.com,,,,,,,,,,,,,,,,,,,,,,,,,,,,,,
nildamiraglia@hotmail.com,,,,,,,,,,,,,,,,Importado el 8/12/15 1 ::: * myContacts,* Other,nildamiraglia@hotmail.com,,,,,,,,,,,,,,,,,,,,,,,,,,,,,,
Nina Cliente 2024,,,,,,,,,,,,,,,,* myContacts,,,Mobile,+5491158167425,,,,,,,,,,,,,,,,,,,,,,,,,,,,
NINA_22@HOTMAIL.COM,,,,,,,,,,,,,,"Nombre: NINA_22@HOTMAIL.COM
",,Importado el 8/12/15 1 ::: * myContacts,* Other,NINA_22@HOTMAIL.COM,,,,,,,,,,,,,,,,,,,,,,,,,,,,,,
nirvana_romi87@hotmail.com,,,,,,,,,,,,,,,,Importado el 8/12/15 1 ::: * myContacts,* Other,nirvana_romi87@hotmail.com,,,,,,,,,,,,,,,,,,,,,,,,,,,,,,
nisha_odalisca@hotmail.com,,,,,,,,,,,,,,,,Importado el 8/12/15 1 ::: * myContacts,* Other,nisha_odalisca@hotmail.com,,,,,,,,,,,,,,,,,,,,,,,,,,,,,,
nliquez@hotmail.com,,,,,,,,,,,,,,"Nombre: nliquez@hotmail.com
",,Importado el 8/12/15 1 ::: * myContacts,* Other,nliquez@hotmail.com,,,,,,,,,,,,,,,,,,,,,,,,,,,,,,
nmpereiro@yahoo.com.ar,,,,,,,,,,,,,,,,Importado el 8/12/15 1 ::: * myContacts,* Other,nmpereiro@yahoo.com.ar,,,,,,,,,,,,,,,,,,,,,,,,,,,,,,
nodalisca@hotmail.com,,,,,,,,,,,,,,"Nombre: nodalisca@hotmail.com
",,Importado el 8/12/15 1 ::: * myContacts,* Other,nodalisca@hotmail.com,,,,,,,,,,,,,,,,,,,,,,,,,,,,,,
Noe 🦋 Cliente 2025,,,,,,,,,,,,,,,,* myContacts,,,Mobile,+5491130511531,,,,,,,,,,,,,,,,,,,,,,,,,,,,
Noe alumna,,,,,,,,,,,,,,,,* myContacts,,,Mobile,+56953716348,,,,,,,,,,,,,,,,,,,,,,,,,,,,
Noe,Bruma,Alumna,,,,,,,,,,,,,,* myContacts,,,Mobile,11 6123-8692,,,,,,,,,,,,,,,,,,,,,,,,,,,,
noe_afrodita@hotmail.com,,,,,,,,,,,,,,"Nombre: noe_afrodita@hotmail.com
",,Importado el 8/12/15 1 ::: * myContacts,* Other,noe_afrodita@hotmail.com,,,,,,,,,,,,,,,,,,,,,,,,,,,,,,
noe_dasmi@hotmail.com,,,,,,,,,,,,,,"Nombre: noe_dasmi@hotmail.com
",,Importado el 8/12/15 1 ::: * myContacts,* Other,noe_dasmi@hotmail.com,,,,,,,,,,,,,,,,,,,,,,,,,,,,,,
noe_lisca@hotmail.com,,,,,,,,,,,,,,"Nombre: noe_lisca@hotmail.com
",,Importado el 8/12/15 1 ::: * myContacts,* Other,noe_lisca@hotmail.com,,,,,,,,,,,,,,,,,,,,,,,,,,,,,,
noe_nob7@hotmail.com,,,,,,,,,,,,,,"Nombre: noe_nob7@hotmail.com
",,Importado el 8/12/15 1 ::: * myContacts,* Other,noe_nob7@hotmail.com,,,,,,,,,,,,,,,,,,,,,,,,,,,,,,
noegiovane@hotmail.com,,,,,,,,,,,,,,,https://lh3.googleusercontent.com/contacts/AG6tpzE6H81BYc7fY6i4gRLVm-OuH1O_zKBYewDUIZg8zE9IuhlIIXvk,Importado el 8/12/15 1 ::: * myContacts,* Other,noegiovane@hotmail.com,,,,,,,,,,,,,,,,,,,,,,,,,,,,,,
noelia,,,,,,,,,,,,,,"Nombre: noelia
",,Importado el 8/12/15 1 ::: * myContacts,* Other,Recepcion@icap.com.ar,,,,,,,,,,,,,,,,,,,,,,,,,,,,,,
Noelia,,,,,,,,,,,,,,"Nombre: Noelia
",,Importado el 8/12/15 1 ::: * myContacts,* Other,allinoelia@yahoo.com.ar,,,,,,,,,,,,,,,,,,,,,,,,,,,,,,
Noelia Papas Balcarce Caseros,,10 a 20hrs Sábados 10. a 16hrs,,,,,,,,Aulem,,,,,,* myContacts,,,Mobile,1136548211,,,,,Home,"La Merced 4402 Caseros
Esq. Lisandro De La Torre",La Merced 4402 Caseros Esq. Lisandro Torre,,,,De La,,,,,,,,,,,,,,,,,
noelia_yehie@hotmail.com,,,,,,,,,,,,,,"Nombre: noelia_yehie@hotmail.com
",,Importado el 8/12/15 1 ::: * myContacts,* Other,noelia_yehie@hotmail.com,,,,,,,,,,,,,,,,,,,,,,,,,,,,,,
noeliev@hotmail.com,,,,,,,,,,,,,,"Nombre: noeliev@hotmail.com
",,Importado el 8/12/15 1 ::: * myContacts,* Other,noeliev@hotmail.com,,,,,,,,,,,,,,,,,,,,,,,,,,,,,,
noemi,,,,,,,,,,,,,,"Nombre: noemi
",https://lh3.googleusercontent.com/contacts/AG6tpzEDcmELr36nCy5ttGgKeKvWjkbUbMnw4jLxb_-vp7zmVJiz2LxS,Importado el 8/12/15 1 ::: * myContacts,* Other,noegiovane@hotmail.com,,,,,,,,,,,,,,,,,,,,,,,,,,,,,,
Noemi,Pozzo,Gestora Italia ,,,,,,,,,,,,,,* myContacts,,,Móvil,+39 331 479 1364,,,,,,,,,,,,,,,,,,,,,,,,,,,,
noemiho@ciudad.com.ar,,,,,,,,,,,,,,"Nombre: noemiho@ciudad.com.ar
",,Importado el 8/12/15 1 ::: * myContacts,* Other,noemiho@ciudad.com.ar,,,,,,,,,,,,,,,,,,,,,,,,,,,,,,
noemiveloso@hotmail.com,,,,,,,,,,,,,,"Nombre: noemiveloso@hotmail.com
",,Importado el 8/12/15 1 ::: * myContacts,* Other,noemiveloso@hotmail.com,,,,,,,,,,,,,,,,,,,,,,,,,,,,,,
nohe24@gmail.com,,,,,,,,,,,,,,"Nombre: nohe24@gmail.com
",,Importado el 8/12/15 1 ::: * myContacts,* Other,nohe24@gmail.com,,,,,,,,,,,,,,,,,,,,,,,,,,,,,,
noien_odalisca@yahoo.com.ar,,,,,,,,,,,,,,"Nombre: noien_odalisca@yahoo.com.ar
",,Importado el 8/12/15 1 ::: * myContacts,* Other,noien_odalisca@yahoo.com.ar,,,,,,,,,,,,,,,,,,,,,,,,,,,,,,
nolinbest@hotmail.com,,,,,,,,,,,,,,"Nombre: nolinbest@hotmail.com
",,Importado el 8/12/15 1 ::: * myContacts,* Other,nolinbest@hotmail.com,,,,,,,,,,,,,,,,,,,,,,,,,,,,,,
nomades98@yahoo.com.ar,,,,,,,,,,,,,,"Nombre: nomades98@yahoo.com.ar
",,Importado el 8/12/15 1 ::: * myContacts,* Other,nomades98@yahoo.com.ar,,,,,,,,,,,,,,,,,,,,,,,,,,,,,,
nora,,,,,,,,,,,,,,"Nombre: nora
",,Importado el 8/12/15 1 ::: * myContacts,* Other,cordobadanza@yahoo.com.ar,,,,,,,,,,,,,,,,,,,,,,,,,,,,,,
nora,,,,,,,,,,,,,,"Nombre: nora
",,Importado el 8/12/15 1 ::: * myContacts,* Other,farah_odalisca@hotmail.com,,,,,,,,,,,,,,,,,,,,,,,,,,,,,,
nora,,,,,,,,,,,,,,"Nombre: nora
",,Importado el 8/12/15 1 ::: * myContacts,* Other,farah_odalisca2002@yahoo.com.ar,,,,,,,,,,,,,,,,,,,,,,,,,,,,,,
nora,,,,,,,,,,,,,,"Nombre: nora
",,Importado el 8/12/15 1 ::: * myContacts,* Other,danzaenvuelo@yahoo.com.ar,,,,,,,,,,,,,,,,,,,,,,,,,,,,,,
Nora Farmacia Santa Catalina,,,,,,,,,,,,,,,,* myContacts,,,Mobile,1150252632,,,,,,,,,,,,,,,,,,,,,,,,,,,,
Nora ossman,,,,,,,,,,,,,,,,Importado el 9/12/15 ::: * myContacts,,,Mobile,01169235463,,,,,,,,,,,,,,,,,,,,,,,,,,,,
Nora,Yasbik,2021,,,,,,,,,,,,,,* myContacts,,,Mobile,11 5597-4861,,,,,,,,,,,,,,,,,,,,,,,,,,,,
noraespindola@fibertel.com.ar,,,,,,,,,,,,,,"Nombre: noraespindola@fibertel.com.ar
",,Importado el 8/12/15 1 ::: * myContacts,* Other,noraespindola@fibertel.com.ar,,,,,,,,,,,,,,,,,,,,,,,,,,,,,,
norag@fibertel.com.ar,,,,,,,,,,,,,,"Nombre: norag@fibertel.com.ar
",,Importado el 8/12/15 1 ::: * myContacts,* Other,norag@fibertel.com.ar,,,,,,,,,,,,,,,,,,,,,,,,,,,,,,
noralik@hotmail.com,,,,,,,,,,,,,,,,Importado el 8/12/15 1 ::: * myContacts,* Other,noralik@hotmail.com,,,,,,,,,,,,,,,,,,,,,,,,,,,,,,
noramercanti@hotmail.com,,,,,,,,,,,,,,,,Importado el 8/12/15 1 ::: * myContacts,* Other,noramercanti@hotmail.com,,,,,,,,,,,,,,,,,,,,,,,,,,,,,,
NORBERTO,,Artículos De Limpieza,,,,,,,,,,,,,,* myContacts,,,Mobile,+5491158373906,,,,,,,,,,,,,,,,,,,,,,,,,,,,
norberto@lanosa.com,,,,,,,,,,,,,,"Nombre: norberto@lanosa.com
",,Importado el 8/12/15 1 ::: * myContacts,* Other,norberto@lanosa.com.ar,,,,,,,,,,,,,,,,,,,,,,,,,,,,,,
norbertoalejo@yahoo.com.ar,,,,,,,,,,,,,,"Nombre: norbertoalejo@yahoo.com.ar
",,Importado el 8/12/15 1 ::: * myContacts,* Other,norbertoalejo@yahoo.com.ar,,,,,,,,,,,,,,,,,,,,,,,,,,,,,,
norka_chiapuso@donostia.org,,,,,,,,,,,,,,,,Importado el 8/12/15 1 ::: * myContacts,* Other,norka_chiapuso@donostia.org,,,,,,,,,,,,,,,,,,,,,,,,,,,,,,
norma,,,,,,,,,,,,,,"Nombre: norma
",,Importado el 8/12/15 1 ::: * myContacts,* Other,normabus690@yahoo.com.ar,,,,,,,,,,,,,,,,,,,,,,,,,,,,,,
Norma,,,,,,,,,,,,,,"Nombre: Norma
",,Importado el 8/12/15 1 ::: * myContacts,* Other,petiy@uol.com.ar,,,,,,,,,,,,,,,,,,,,,,,,,,,,,,
Norma,,Saavedra,,,,,,,,,,,,,,* myContacts,,,Home,11-589-882-94,,,,,,,,,,,,,,,,,,,,,,,,,,,,
normag67@hotmail.com,,,,,,,,,,,,,,"Nombre: normag67@hotmail.com
",,Importado el 8/12/15 1 ::: * myContacts,* Other,normag67@hotmail.com,,,,,,,,,,,,,,,,,,,,,,,,,,,,,,
norman_brewer@yahoo.com.ar,,,,,,,,,,,,,,"Nombre: norman_brewer@yahoo.com.ar
",,Importado el 8/12/15 1 ::: * myContacts,* Other,norman_brewer@yahoo.com.ar,,,,,,,,,,,,,,,,,,,,,,,,,,,,,,
notarial@asconsur.com.uy,,,,,,,,,,,,,,,,Importado el 8/12/15 1 ::: * myContacts,* Other,notarial@asconsur.com.uy,,,,,,,,,,,,,,,,,,,,,,,,,,,,,,
nouralyadira@hotmail.com,,,,,,,,,,,,,,"Nombre: nouralyadira@hotmail.com
",,Importado el 8/12/15 1 ::: * myContacts,* Other,nouralyadira@hotmail.com,,,,,,,,,,,,,,,,,,,,,,,,,,,,,,
nouralyadira@yahoo.com.ar,,,,,,,,,,,,,,"Nombre: nouralyadira@yahoo.com.ar
",,Importado el 8/12/15 1 ::: * myContacts,* Other,nouralyadira@yahoo.com.ar,,,,,,,,,,,,,,,,,,,,,,,,,,,,,,
nsbengochea@hotmail.com,,,,,,,,,,,,,,"Nombre: nsbengochea@hotmail.com
",,Importado el 8/12/15 1 ::: * myContacts,* Other,nsbengochea@hotmail.com,,,,,,,,,,,,,,,,,,,,,,,,,,,,,,
nspatagonia@yahoo.com.ar,,,,,,,,,,,,,,"Nombre: nspatagonia@yahoo.com.ar
",,Importado el 8/12/15 1 ::: * myContacts,* Other,nspatagonia@yahoo.com.ar,,,,,,,,,,,,,,,,,,,,,,,,,,,,,,
Nubar,,Teclado,,,,,,,,,,,,,,* myContacts,,,Privado,+54 9 11 2274-8877,,,,,,,,,,,,,,,,,,,,,,,,,,,,
nucleocolombia@redlat.org,,,,,,,,,,,,,,,,Importado el 8/12/15 1 ::: * myContacts,* Other,nucleocolombia@redlat.org,,,,,,,,,,,,,,,,,,,,,,,,,,,,,,
nuevaisis@yahoo.com.ar,,,,,,,,,,,,,,"Nombre: nuevaisis@yahoo.com.ar
",,Importado el 8/12/15 1 ::: * myContacts,* Other,nuevaisis@yahoo.com.ar,,,,,,,,,,,,,,,,,,,,,,,,,,,,,,
nuevatradicion@hotmail.com,,,,,,,,,,,,,,,,Importado el 8/12/15 1 ::: * myContacts,* Other,nuevatradicion@hotmail.com,,,,,,,,,,,,,,,,,,,,,,,,,,,,,,
numanciaarg@yahoo.com.ar,,,,,,,,,,,,,,,,Importado el 8/12/15 1 ::: * myContacts,* Other,numanciaarg@yahoo.com.ar,,,,,,,,,,,,,,,,,,,,,,,,,,,,,,
nunavutargentina@hotmail.com,,,,,,,,,,,,,,"Nombre: nunavutargentina@hotmail.com
",,Importado el 8/12/15 1 ::: * myContacts,* Other,nunavutargentina@hotmail.com,,,,,,,,,,,,,,,,,,,,,,,,,,,,,,
nuncia84@yahoo.com.ar,,,,,,,,,,,,,,"Nombre: nuncia84@yahoo.com.ar
",,Importado el 8/12/15 1 ::: * myContacts,* Other,nuncia84@yahoo.com.ar,,,,,,,,,,,,,,,,,,,,,,,,,,,,,,
Nur Fatima De,,,,,,,,,,,,,,"Nombre: Nur Fatima De
",,Importado el 8/12/15 1 ::: * myContacts,* Other,fatimaodalisca@hotmail.com,,,,,,,,,,,,,,,,,,,,,,,,,,,,,,
nur.zahira@hotmail.com <nur.zahira@hotmail.com>,,,,,,,,,,,,,,"Nombre: nur.zahira@hotmail.com <nur.zahira@hotmail.com>
",https://lh3.googleusercontent.com/contacts/AG6tpzEfRhjF4rRBxKPLZeW5vxREEpWCNz7ItbVxfP-FWOdmXLVtTsvH,Importado el 8/12/15 1 ::: * myContacts,* Other,nur.zahira@hotmail.com,,,,,,,,,,,,,,,,,,,,,,,,,,,,,,
nurah_nurah@yahoo.com.mx,,,,,,,,,,,,,,"Nombre: nurah_nurah@yahoo.com.mx
",,Importado el 8/12/15 1 ::: * myContacts,* Other,nurah_nurah@yahoo.com.mx,,,,,,,,,,,,,,,,,,,,,,,,,,,,,,
nuraljer@yahoo.com.ar,,,,,,,,,,,,,,"Nombre: nuraljer@yahoo.com.ar
",,Importado el 8/12/15 1 ::: * myContacts,* Other,nuraljer@yahoo.com.ar,,,,,,,,,,,,,,,,,,,,,,,,,,,,,,
nuralshams@abacoweb.com,,,,,,,,,,,,,,,,Importado el 8/12/15 1 ::: * myContacts,* Other,nuralshams@abacoweb.com,,,,,,,,,,,,,,,,,,,,,,,,,,,,,,
nurdanzasabd@yahoo.com.ar,,,,,,,,,,,,,,"Nombre: nurdanzasabd@yahoo.com.ar
",,Importado el 8/12/15 1 ::: * myContacts,* Other,nurdanzasabd@yahoo.com.ar,,,,,,,,,,,,,,,,,,,,,,,,,,,,,,
nurith@opcionestelmex.com.ar,,,,,,,,,,,,,,"Nombre: nurith@opcionestelmex.com.ar
",,Importado el 8/12/15 1 ::: * myContacts,* Other,nurith@opcionestelmex.com.ar,,,,,,,,,,,,,,,,,,,,,,,,,,,,,,
nurlsabbah_bellydancer@yahoo.com.ar,,,,,,,,,,,,,,"Nombre: nurlsabbah_bellydancer@yahoo.com.ar
",,Importado el 8/12/15 1 ::: * myContacts,* Other,nurlsabbah_bellydancer@yahoo.com.ar,,,,,,,,,,,,,,,,,,,,,,,,,,,,,,
nut_3es@hotmail.com,,,,,,,,,,,,,,"Nombre: nut_3es@hotmail.com
",,Importado el 8/12/15 1 ::: * myContacts,* Other,nut_3es@hotmail.com,,,,,,,,,,,,,,,,,,,,,,,,,,,,,,
nuzhaodalisca@gmail.com,,,,,,,,,,,,,,"Nombre: nuzhaodalisca@gmail.com
",,Importado el 8/12/15 1 ::: * myContacts,* Other,nuzhaodalisca@gmail.com,,,,,,,,,,,,,,,,,,,,,,,,,,,,,,
nuzhaodalisca@gmail.com.ar,,,,,,,,,,,,,,"Nombre: nuzhaodalisca@gmail.com.ar
",,Importado el 8/12/15 1 ::: * myContacts,* Other,nuzhaodalisca@gmail.com.ar,,,,,,,,,,,,,,,,,,,,,,,,,,,,,,
nyla,,,,,,,,,,,,,,"Nombre: nyla
",,Importado el 8/12/15 1 ::: * myContacts,* Other,nbastid@latinmail.com,,,,,,,,,,,,,,,,,,,,,,,,,,,,,,
nyxlorena@yahoo.com.ar,,,,,,,,,,,,,,"Nombre: nyxlorena@yahoo.com.ar
",,Importado el 8/12/15 1 ::: * myContacts,* Other,nyxlorena@yahoo.com.ar,,,,,,,,,,,,,,,,,,,,,,,,,,,,,,
oaflores@unistar.unifon.com.ar,,,,,,,,,,,,,,,,Importado el 8/12/15 1 ::: * myContacts,* Other,oaflores@unistar.unifon.com.ar,,,,,,,,,,,,,,,,,,,,,,,,,,,,,,
octavioarbelaez@redlat.org,,,,,,,,,,,,,,,,Importado el 8/12/15 1 ::: * myContacts,* Other,octavioarbelaez@redlat.org,,,,,,,,,,,,,,,,,,,,,,,,,,,,,,
Ocultar Numero Bloquear,,,,,,,,,,,,,,,,* myContacts,,,Mobile,*31#,,,,,,,,,,,,,,,,,,,,,,,,,,,,
odalisca_aisha@hotmail.com,,,,,,,,,,,,,,,,Importado el 8/12/15 1 ::: * myContacts,* Other,odalisca_aisha@hotmail.com,,,,,,,,,,,,,,,,,,,,,,,,,,,,,,
odalisca_aysel@hotmail.com,,,,,,,,,,,,,,,,Importado el 8/12/15 1 ::: * myContacts,* Other,odalisca_aysel@hotmail.com,,,,,,,,,,,,,,,,,,,,,,,,,,,,,,
odalisca_cba@hotmail.com,,,,,,,,,,,,,,"Nombre: odalisca_cba@hotmail.com
",,Importado el 8/12/15 1 ::: * myContacts,* Other,odalisca_cba@hotmail.com,,,,,,,,,,,,,,,,,,,,,,,,,,,,,,
odalisca_cordobesa@hotmail.com,,,,,,,,,,,,,,"Nombre: odalisca_cordobesa@hotmail.com
",,Importado el 8/12/15 1 ::: * myContacts,* Other,odalisca_cordobesa@hotmail.com,,,,,,,,,,,,,,,,,,,,,,,,,,,,,,
odalisca_nadirah@yahoo.com.ar,,,,,,,,,,,,,,"Nombre: odalisca_nadirah@yahoo.com.ar
",,Importado el 8/12/15 1 ::: * myContacts,* Other,odalisca_nadirah@yahoo.com.ar,,,,,,,,,,,,,,,,,,,,,,,,,,,,,,
odalisca_nahila@yahoo.com,,,,,,,,,,,,,,"Nombre: odalisca_nahila@yahoo.com
",,Importado el 8/12/15 1 ::: * myContacts,* Other,odalisca_nahila@yahoo.com,,,,,,,,,,,,,,,,,,,,,,,,,,,,,,
odalisca_sekhmet@hotmail.com,,,,,,,,,,,,,,,,Importado el 8/12/15 1 ::: * myContacts,* Other,odalisca_sekhmet@hotmail.com,,,,,,,,,,,,,,,,,,,,,,,,,,,,,,
odalisca_shana@hotmail.com,,,,,,,,,,,,,,"Nombre: odalisca_shana@hotmail.com
",,Importado el 8/12/15 1 ::: * myContacts,* Other,odalisca_shana@hotmail.com,,,,,,,,,,,,,,,,,,,,,,,,,,,,,,
odalisca_shazadi@hotmail.com,,,,,,,,,,,,,,,,Importado el 8/12/15 1 ::: * myContacts,* Other,odalisca_shazadi@hotmail.com,,,,,,,,,,,,,,,,,,,,,,,,,,,,,,
odalisca_sheila@hotmail.com,,,,,,,,,,,,,,"Nombre: odalisca_sheila@hotmail.com
",,Importado el 8/12/15 1 ::: * myContacts,* Other,odalisca_sheila@hotmail.com,,,,,,,,,,,,,,,,,,,,,,,,,,,,,,
odalisca_sn@hotmail.com,,,,,,,,,,,,,,"Nombre: odalisca_sn@hotmail.com
",,Importado el 8/12/15 1 ::: * myContacts,* Other,odalisca_sn@hotmail.com,,,,,,,,,,,,,,,,,,,,,,,,,,,,,,
odalisca.iman@yahoo.com.ar,,,,,,,,,,,,,,"Nombre: odalisca.iman@yahoo.com.ar
",,Importado el 8/12/15 1 ::: * myContacts,* Other,odalisca.iman@yahoo.com.ar,,,,,,,,,,,,,,,,,,,,,,,,,,,,,,
odalisca@aasal.com.ar,,,,,,,,,,,,,,"Nombre: odalisca@aasal.com.ar
",,Importado el 8/12/15 1 ::: * myContacts,* Other,odalisca@aasal.com.ar,,,,,,,,,,,,,,,,,,,,,,,,,,,,,,
odalisca@tasnim.net,,,,,,,,,,,,,,"Nombre: odalisca@tasnim.net
",,Importado el 8/12/15 1 ::: * myContacts,* Other,odalisca@tasnim.net,,,,,,,,,,,,,,,,,,,,,,,,,,,,,,
odaliscaesmeralda@yahoo.com.ar,,,,,,,,,,,,,,"Nombre: odaliscaesmeralda@yahoo.com.ar
",,Importado el 8/12/15 1 ::: * myContacts,* Other,odaliscaesmeralda@yahoo.com.ar,,,,,,,,,,,,,,,,,,,,,,,,,,,,,,
odaliscamaryam@hotmail.com,,,,,,,,,,,,,,,,Importado el 8/12/15 1 ::: * myContacts,* Other,odaliscamaryam@hotmail.com,,,,,,,,,,,,,,,,,,,,,,,,,,,,,,
odaliscaraissa@yahoo.com.ar,,,,,,,,,,,,,,"Nombre: odaliscaraissa@yahoo.com.ar
",,Importado el 8/12/15 1 ::: * myContacts,* Other,odaliscaraissa@yahoo.com.ar,,,,,,,,,,,,,,,,,,,,,,,,,,,,,,
odaliscarosario@hotmail.com,,,,,,,,,,,,,,"Nombre: odaliscarosario@hotmail.com
",,Importado el 8/12/15 1 ::: * myContacts,* Other,odaliscarosario@hotmail.com,,,,,,,,,,,,,,,,,,,,,,,,,,,,,,
odaliscasahar@yahoo.com,,,,,,,,,,,,,,"Nombre: odaliscasahar@yahoo.com
",,Importado el 8/12/15 1 ::: * myContacts,* Other,odaliscasahar@yahoo.com,,,,,,,,,,,,,,,,,,,,,,,,,,,,,,
odaliscasajadah@yahoo.com.ar,,,,,,,,,,,,,,"Nombre: odaliscasajadah@yahoo.com.ar
",,Importado el 8/12/15 1 ::: * myContacts,* Other,odaliscasajadah@yahoo.com.ar,,,,,,,,,,,,,,,,,,,,,,,,,,,,,,
odaliscasinhara@hotmail.com,,,,,,,,,,,,,,,,Importado el 8/12/15 1 ::: * myContacts,* Other,odaliscasinhara@hotmail.com,,,,,,,,,,,,,,,,,,,,,,,,,,,,,,
Odonto Pami 2025,,St Leger Triunvirato 4028,,,,,,,,"Lu A Vier 9 a 12,30hrs",,,,,,* myContacts,,,Mobile,4524-3143,,,,,,,,,,,,,,,,,,,,,,,,,,,,
odontologia de imagenes,,San Martin 2131 Caseros,,,,,,,,De 9 A 12 Y 15 A 20,,,,,,* myContacts,,,Mobile,4750-4020,,,,,,,,,,,,,,,,,,,,,,,,,,,,
Odontologia Estilo Dental,,,,,,,,,,Callao 875 5 Piso,,,,,,* myContacts,,,Mobile,4813-0917,Work,11 2560-0727,,,,,,,,,,,,,,,,,,,,,,,,,,
Odontologia,,Siso Dental,,,,,,,,Mosconi 2941,,,,,,* myContacts,,,Mobile,5365-7087,,,,,,,,,,,,,,,,,,,,,,,,,,,,
Odontologíca Rie,,Lunes a Sábados 8 a 19hrs,,,,,,,,Andonaegui 2483 6to B,,,,,,* myContacts,,,Mobile,11 5965-6255,,,,,,,,,,,,,,,,,,,,,,,,,,,,
Odontólogo Raul Wayss,,,,,,,,,,Consultorio Dr Wayss,,,,,,* myContacts,,,Mobile,+54 9 11 2255-8449,,,,,,,,,,,,,,,,,,,,,,,,,,,,
Odontopediatra Fernández,M.,Alejandra,,,,,,,,,,,,,,* myContacts,,,Trabajo,+54 947853200,,,,,Casa,Ciudad de la Paz 2849 1°A,1°A 2849 Ciudad de la Paz,,,,,,,,,,,,,,,,,,,,,
odoritenatsu@hotmail.com,,,,,,,,,,,,,,,,Importado el 8/12/15 1 ::: * myContacts,* Other,odoritenatsu@hotmail.com,,,,,,,,,,,,,,,,,,,,,,,,,,,,,,
offerzaks@cantv.net,,,,,,,,,,,,,,,,Importado el 8/12/15 1 ::: * myContacts,* Other,offerzaks@cantv.net,,,,,,,,,,,,,,,,,,,,,,,,,,,,,,
ofresedo@sadaic.org.ar,,,,,,,,,,,,,,"Nombre: ofresedo@sadaic.org.ar
",,Importado el 8/12/15 1 ::: * myContacts,* Other,ofresedo@sadaic.org.ar,,,,,,,,,,,,,,,,,,,,,,,,,,,,,,
ogaray@ddcf.org,,,,,,,,,,,,,,,,Importado el 8/12/15 1 ::: * myContacts,* Other,ogaray@ddcf.org,,,,,,,,,,,,,,,,,,,,,,,,,,,,,,
ojazosmios@hotmail.com,,,,,,,,,,,,,,"Nombre: ojazosmios@hotmail.com
",,Importado el 8/12/15 1 ::: * myContacts,* Other,ojazosmios@hotmail.com,,,,,,,,,,,,,,,,,,,,,,,,,,,,,,
Olga,,,,,,,,,,,,,,"Nombre: Olga
",,Importado el 8/12/15 1 ::: * myContacts,* Other,olbea15@ciudad.com.ar,,,,,,,,,,,,,,,,,,,,,,,,,,,,,,
olgamarasi@yahoo.com.ar,,,,,,,,,,,,,,,,Importado el 8/12/15 1 ::: * myContacts,* Other,olgamarasi@yahoo.com.ar,,,,,,,,,,,,,,,,,,,,,,,,,,,,,,
Oli,,,,,,,,,,,,,,,,* myContacts,,,Mobile,54 9 11 6213-3309,,,,,,,,,,,,,,,,,,,,,,,,,,,,
Oli,,,,,,,,,,,,,,,,* myContacts,,,Mobile,+54 9 11 4061-7106,,,,,,,,,,,,,,,,,,,,,,,,,,,,
Oli,,Rossi,,,,,,,,,,,,,,* myContacts,,,Mobile,11 6213-3309,,,,,,,,,,,,,,,,,,,,,,,,,,,,
oliva@adinet.com.uy,,,,,,,,,,,,,,"Nombre: oliva@adinet.com.uy
",,Importado el 8/12/15 1 ::: * myContacts,* Other,oliva@adinet.com.uy,,,,,,,,,,,,,,,,,,,,,,,,,,,,,,
Olivia,,Clienta,,,,,,,,,,,,,,* myContacts,,,Mobile,+54 9 11 2500-1286,,,,,,,,,,,,,,,,,,,,,,,,,,,,
olnic@telecentro.com.ar,,,,,,,,,,,,,,"Nombre: olnic@telecentro.com.ar
",,Importado el 8/12/15 1 ::: * myContacts,* Other,olnic@telecentro.com.ar,,,,,,,,,,,,,,,,,,,,,,,,,,,,,,
Omar,,Abusaleh,,,,,,,,,,,,,,* myContacts,,,Mobile,11 6254-0552,,,,,,,,,,,,,,,,,,,,,,,,,,,,
Omar,,Attar,,,,,,,,,,,,,,* myContacts,,,Mobile,1148334139,,,,,,,,,,,,,,,,,,,,,,,,,,,,
Omar Hongos Girgolas,,,,,,,,,,,,,,,,* myContacts,,,Mobile,+5491159733466,,,,,,,,,,,,,,,,,,,,,,,,,,,,
Omar,,Inspector Municipal,,,,,,,,,,,,,,Importado el 8/12/15 1 ::: * myContacts,,,Home,11-552-933-96,,,,,,,,,,,,,,,,,,,,,,,,,,,,
omar negro,,,,,,,,,,,,,,,,* myContacts,,,Mobile,1138328224,,,,,,,,,,,,,,,,,,,,,,,,,,,,
omar Pan,Arabe,Taher,,,,,,,,,,,,,,* myContacts,,,الجوال,+54 9 11 3783-1011,,,,,,,,,,,,,,,,,,,,,,,,,,,,
Omar Papa,De,Aylen,,,,,,,,,,,,,,* myContacts,,,Mobile,+54 9 11 5474-6853,,,,,,,,,,,,,,,,,,,,,,,,,,,,
omar-gramajo@hotmail.com,,,,,,,,,,,,,,"Nombre: omar-gramajo@hotmail.com
",,Importado el 8/12/15 1 ::: * myContacts,* Other,omar-gramajo@hotmail.com,,,,,,,,,,,,,,,,,,,,,,,,,,,,,,
omarchaya@hotmail.com,,,,,,,,,,,,,,"Nombre: omarchaya@hotmail.com
",,Importado el 8/12/15 1 ::: * myContacts,* Other,omarchaya@hotmail.com,,,,,,,,,,,,,,,,,,,,,,,,,,,,,,
omikanaan@hotmail.com,,,,,,,,,,,,,,"Nombre: omikanaan@hotmail.com
",,Importado el 8/12/15 1 ::: * myContacts,* Other,omikanaan@hotmail.com,,,,,,,,,,,,,,,,,,,,,,,,,,,,,,
ominoso31@hotmail.com,,,,,,,,,,,,,,"Nombre: ominoso31@hotmail.com
",,Importado el 8/12/15 1 ::: * myContacts,* Other,ominoso31@hotmail.com,,,,,,,,,,,,,,,,,,,,,,,,,,,,,,
only_maledancer@yahoo.com.ar,,,,,,,,,,,,,,"Nombre: only_maledancer@yahoo.com.ar
",,Importado el 8/12/15 1 ::: * myContacts,* Other,only_maledancer@yahoo.com.ar,,,,,,,,,,,,,,,,,,,,,,,,,,,,,,
opushomo@hotmail.com,,,,,,,,,,,,,,,,Importado el 8/12/15 1 ::: * myContacts,* Other,opushomo@hotmail.com,,,,,,,,,,,,,,,,,,,,,,,,,,,,,,
oraculo15@hotmail.com,,,,,,,,,,,,,,"Nombre: oraculo15@hotmail.com
",,Importado el 8/12/15 1 ::: * myContacts,* Other,oraculo15@hotmail.com,,,,,,,,,,,,,,,,,,,,,,,,,,,,,,
Orduña (Reparacion,de,Celulares),,,,,,,,,Balbin 3890,,,,,* myContacts,,,Mobile,11 6655-0695,,,,,,,,,,,,,,,,,,,,,,,,,,,,
oreiroccanatallia@hotmail.com,,,,,,,,,,,,,,,,Importado el 8/12/15 1 ::: * myContacts,* Other,oreiroccanatallia@hotmail.com,,,,,,,,,,,,,,,,,,,,,,,,,,,,,,
oriental_show@hotmail.com,,,,,,,,,,,,,,"Nombre: oriental_show@hotmail.com
",,Importado el 8/12/15 1 ::: * myContacts,* Other,oriental_show@hotmail.com,,,,,,,,,,,,,,,,,,,,,,,,,,,,,,
orientar@ciudad.com.ar,,,,,,,,,,,,,,"Nombre: orientar@ciudad.com.ar
",,Importado el 8/12/15 1 ::: * myContacts,* Other,orientar@ciudad.com.ar,,,,,,,,,,,,,,,,,,,,,,,,,,,,,,
orientedanza@yahoo.com.ar,,,,,,,,,,,,,,,,Importado el 8/12/15 1 ::: * myContacts,* Other,orientedanza@yahoo.com.ar,,,,,,,,,,,,,,,,,,,,,,,,,,,,,,
originalso@mail.com,,,,,,,,,,,,,,"Nombre: originalso@mail.com
",,Importado el 8/12/15 1 ::: * myContacts,* Other,originalso@mail.com,,,,,,,,,,,,,,,,,,,,,,,,,,,,,,
Orlando Técnico Y,Venta,Computadora,,,,,,,,Rodríguez Peña 3368 (111) San Martin,,,,,,* myContacts,,,Mobile,+54 9 11 3413-9821,,,,,Home,Rodríguez Peña 3368 (111) San Martin,Rodríguez Peña 3368 (111) San Martin,,,,,,,,,,,,,,,,,,,,,
orne@uol.com.ar,,,,,,,,,,,,,,,,Importado el 8/12/15 1 ::: * myContacts,* Other,orne@uol.com.ar,,,,,,,,,,,,,,,,,,,,,,,,,,,,,,
Oscar barreiro,,,,,,,,,,,,,,,,* myContacts,,,Mobile,1154980201,,,,,,,,,,,,,,,,,,,,,,,,,,,,
Oscar Cid Amigo De Gamal,,Cid,,,,,,,,,,,,,,* myContacts,,,Móvil,+54 9 11 5870-6035,,,,,,,,,,,,,,,,,,,,,,,,,,,,
Oscar Cliente 2024,,,,,,,,,,,,,,,,* myContacts,,,Mobile,+5491138121297,,,,,,,,,,,,,,,,,,,,,,,,,,,,
Oscar,Compro,Horno,,,,,,,,,,,,,,* myContacts,,,Mobile,+54 9 11 3167-8151,,,,,,,,,,,,,,,,,,,,,,,,,,,,
Oscar contador,,,,,,,,,,,,,,,,Importado el 9/12/15 ::: * myContacts,,,Mobile,49518286,,,,,,,,,,,,,,,,,,,,,,,,,,,,
Oscar,Delivery,Maschwitz,,,,,,,,,,,,,,* myContacts,,,Mobile,+54 9 11 2498-1212,,,,,,,,,,,,,,,,,,,,,,,,,,,,
Oscar Figueroa,Renault,9,,,,,,,,,,,,,,* myContacts,,,Particular,+54 945723245 ::: +54 9 11 6860-1666,,,,,,,,,,,,,,,,,,,,,,,,,,,,
Oscar flores,,,,,,,,,,,,,,,,Importado el 9/12/15 ::: * myContacts,,,Mobile,01156564743,,,,,,,,,,,,,,,,,,,,,,,,,,,,
Oscar,Grbac,Co,,,,,,,,,,,,,,* myContacts,,,Móvil,49518286,,,,,,,,,,,,,,,,,,,,,,,,,,,,
oscarajmal@yahoo.com.ar,,,,,,,,,,,,,,,,Importado el 8/12/15 1 ::: * myContacts,* Other,oscarajmal@yahoo.com.ar,,,,,,,,,,,,,,,,,,,,,,,,,,,,,,
oscarmaceiras@hotmail.com,,,,,,,,,,,,,,"Nombre: oscarmaceiras@hotmail.com
",,Importado el 8/12/15 1 ::: * myContacts,* Other,oscarmaceiras@hotmail.com,,,,,,,,,,,,,,,,,,,,,,,,,,,,,,
Oslo Bebidas,,Calle Artigas 5005,,,,,,,,,,,,,,* myContacts,,,Mobile,+54 11 6461-0038,,,,,,,,,,,,,,,,,,,,,,,,,,,,
osmanelbarcha@hotmail.com,,,,,,,,,,,,,,"Nombre: osmanelbarcha@hotmail.com
",,Importado el 8/12/15 1 ::: * myContacts,* Other,osmanelbarcha@hotmail.com,,,,,,,,,,,,,,,,,,,,,,,,,,,,,,
Osvaldo,,,,,,,,,,,,,,"Nombre: Osvaldo
",,Importado el 8/12/15 1 ::: * myContacts,* Other,osvaldoguidi@yahoo.com.ar,,,,,,,,,,,,,,,,,,,,,,,,,,,,,,
Osvaldo (Coca Cervezas) Carlos,Almacen,Nazca,,,,,,,,,,,,,,* myContacts,,,Mobile,1126246652,Work,45726107,,,,,,,,,,,,,,,,,,,,,,,,,,
Osvaldo,,Durlock,,,,,,,,,,,,,,* myContacts,,,Mobile,+54 9 11 6243-4069,,,,,,,,,,,,,,,,,,,,,,,,,,,,
Osvaldo ,,Sanchez,,,,,,,,,,,,,,* myContacts,,,Home,+5491166372441,,,,,,,,,,,,,,,,,,,,,,,,,,,,
otakka@speedy.com.ar,,,,,,,,,,,,,,"Nombre: otakka@speedy.com.ar
",,Importado el 8/12/15 1 ::: * myContacts,* Other,otakka@speedy.com.ar,,,,,,,,,,,,,,,,,,,,,,,,,,,,,,
p_salerni@metropolitano.com.ar,,,,,,,,,,,,,,"Nombre: p_salerni@metropolitano.com.ar
",,Importado el 8/12/15 1 ::: * myContacts,* Other,p_salerni@metropolitano.com.ar,,,,,,,,,,,,,,,,,,,,,,,,,,,,,,
pa_kito@hotmail.com,,,,,,,,,,,,,,,,Importado el 8/12/15 1 ::: * myContacts,* Other,pa_kito@hotmail.com,,,,,,,,,,,,,,,,,,,,,,,,,,,,,,
pabli,,,,,,,,,,,,,,"Nombre: pabli
",,Importado el 8/12/15 1 ::: * myContacts,* Other,pablizzbosterito@gmail.com,,,,,,,,,,,,,,,,,,,,,,,,,,,,,,
PaBLÎn Cliente 2025,,,,,,,,,,,,,,,,* myContacts,,,Mobile,+5491134626111,,,,,,,,,,,,,,,,,,,,,,,,,,,,
Pablito,,,,,,,,,,,,,,,,* myContacts,,,Mobile,11-318-602-70 ::: +5491131860270,,,,,,,,,,,,,,,,,,,,,,,,,,,,
Pablito Cliente 2024,,,,,,,,,,,,,,,,* myContacts,,,Mobile,+5491123935190,,,,,,,,,,,,,,,,,,,,,,,,,,,,
Pablito,El,Luchador,,,,,,,,,,,,,,* myContacts,,,Mobile,+54 9 11 2309-8954,,,,,,,,,,,,,,,,,,,,,,,,,,,,
Pablito marido de cyn,,,,,,,,,,,,,,,,* myContacts,,,Mobile,+54 9 3757 69-4550,,,,,,,,,,,,,,,,,,,,,,,,,,,,
Pablo ali baba,,,,,,,,,,,,,,,,* myContacts,,,Mobile,1162823025,,,,,,,,,,,,,,,,,,,,,,,,,,,,
Pablo,,Chury,,,,,,,,,,,,,,* myContacts,,,Móvil,+54 9 11 3815-3819 ::: +54 9 11 3792-5354,,,,,,,,,,,,,,,,,,,,,,,,,,,,
Pablo,,Cliente,,,,,,,,,,,,,,* myContacts,,,Mobile,11 3811-0210,,,,,Home,Las Retamas 1631 ,Las Retamas 1631,,,,,,,,,,,,,,,,,,,,,
Pablo,Cliente,2020,,,,,,,,,,,,,,* myContacts,,,Mobile,+54 9 11 5332-0901,,,,,,,,,,,,,,,,,,,,,,,,,,,,
Pablo,Cliente,2021,,,,,,,,,,,,,,* myContacts,,,Mobile,+54 9 348 431-3580,,,,,,,,,,,,,,,,,,,,,,,,,,,,
Pablo,Cliente,2021×,,,,,,,,,,,,,,* myContacts,,,Mobile,+54 9 11 6243-1981,,,,,,,,,,,,,,,,,,,,,,,,,,,,
Pablo Cliente 2023,,,,,,,,,,,,,,,,* myContacts,,,Mobile,+54 9 11 5466-5321,,,,,,,,,,,,,,,,,,,,,,,,,,,,
Pablo Cliente 2024,,Lopez,,,,,,,,,,,,,,* myContacts,,,Mobile,+5491132582385,,,,,,,,,,,,,,,,,,,,,,,,,,,,
Pablo,Cliente,Masch,,,,,,,,,,,,,,* myContacts,,,Mobile,11 3916-4244,,,,,,,,,,,,,,,,,,,,,,,,,,,,
Pablo El Nono Papá De Emi,,,,,,,,,,,,,,,,* myContacts,,,Mobile,1151513511,,,,,,,,,,,,,,,,,,,,,,,,,,,,
Pablo Equipamiento El 10,,,,,,,,,,,,,,,,* myContacts,,,Mobile,11 5981-3794,,,,,,,,,,,,,,,,,,,,,,,,,,,,
Pablo,Guarnieri,Batero,,,,,,,,,,,,,,* myContacts,,,Mobile,11 6520-6838,,,,,,,,,,,,,,,,,,,,,,,,,,,,
Pablo Piro,Cliente,2021,,,,,,,,,,,,,,* myContacts,,,Mobile,+54 9 11 3210-2982,,,,,,,,,,,,,,,,,,,,,,,,,,,,
Pablo,Plomero,(Lucas),,,,,,,,,,,,,,* myContacts,,,Celular,+54 9 11 6106-5464,,,,,,,,,,,,,,,,,,,,,,,,,,,,
Pablo,,Raichuni,,,,,,,,,,,,,,* myContacts,,,Mobile,+5491140312812,,,,,,,,,,,,,,,,,,,,,,,,,,,,
Pablo,Sonaglioni,Bajista,,,,,,,,Lumina,,,,,,* myContacts,,,Móvil,+54 9 11 6756-4956,,,,,,,,,,,,,,,,,,,,,,,,,,,,
Pablo,,Taccone Eurolife,,,,,,,,,,,,,,* myContacts,,,Mobile,+54 9 11 2455-7788,,,,,,,,,,,,,,,,,,,,,,,,,,,,
Pablo trabajo,,,,,,,,,,,,,,,,Importado el 9/12/15 ::: * myContacts,,,Mobile,1147960679,,,,,,,,,,,,,,,,,,,,,,,,,,,,
pablobnat@hotmail.com,,,,,,,,,,,,,,"Nombre: pablobnat@hotmail.com
",,Importado el 8/12/15 1 ::: * myContacts,* Other,pablobnat@hotmail.com,,,,,,,,,,,,,,,,,,,,,,,,,,,,,,
pablobreaconforti@ubbi.com,,,,,,,,,,,,,,"Nombre: pablobreaconforti@ubbi.com
",,Importado el 8/12/15 1 ::: * myContacts,* Other,pablobreaconforti@ubbi.com,,,,,,,,,,,,,,,,,,,,,,,,,,,,,,
pablocesar_79@hotmail.com,,,,,,,,,,,,,,"Nombre: pablocesar_79@hotmail.com
",,Importado el 8/12/15 1 ::: * myContacts,* Other,pablocesar_79@hotmail.com,,,,,,,,,,,,,,,,,,,,,,,,,,,,,,
pablofeu@hotmail.com,,,,,,,,,,,,,,"Nombre: pablofeu@hotmail.com
",,Importado el 8/12/15 1 ::: * myContacts,* Other,pablofeu@hotmail.com,,,,,,,,,,,,,,,,,,,,,,,,,,,,,,
pablofranco50@hotmai...,,,,,,,,,,,,,,"Nombre: pablofranco50@hotmai...
",,Importado el 8/12/15 1 ::: * myContacts,* Other,pablofranco50@hotmail.com,,,,,,,,,,,,,,,,,,,,,,,,,,,,,,
pablogarber@speedy.com.ar,,,,,,,,,,,,,,"Nombre: pablogarber@speedy.com.ar
",,Importado el 8/12/15 1 ::: * myContacts,* Other,pablogarber@speedy.com.ar,,,,,,,,,,,,,,,,,,,,,,,,,,,,,,
pabloguiron@yahoo.com.ar,,,,,,,,,,,,,,"Nombre: pabloguiron@yahoo.com.ar
",,Importado el 8/12/15 1 ::: * myContacts,* Other,pabloguiron@yahoo.com.ar,,,,,,,,,,,,,,,,,,,,,,,,,,,,,,
pabloreyy@hotmail.com,,,,,,,,,,,,,,"Nombre: pabloreyy@hotmail.com
",,Importado el 8/12/15 1 ::: * myContacts,* Other,pabloreyy@hotmail.com,,,,,,,,,,,,,,,,,,,,,,,,,,,,,,
pablosorlino@hotmail.com,,,,,,,,,,,,,,"Nombre: pablosorlino@hotmail.com
",,Importado el 8/12/15 1 ::: * myContacts,* Other,pablosorlino@hotmail.com,,,,,,,,,,,,,,,,,,,,,,,,,,,,,,
pablosorlino@yahoo.com.ar,,,,,,,,,,,,,,"Nombre: pablosorlino@yahoo.com.ar
",,Importado el 8/12/15 1 ::: * myContacts,* Other,pablosorlino@yahoo.com.ar,,,,,,,,,,,,,,,,,,,,,,,,,,,,,,
pachabrandolino@hotmail.com,,,,,,,,,,,,,,,,Importado el 8/12/15 1 ::: * myContacts,* Other,pachabrandolino@hotmail.com,,,,,,,,,,,,,,,,,,,,,,,,,,,,,,
pachu16@hotmail.com,,,,,,,,,,,,,,,,Importado el 8/12/15 1 ::: * myContacts,* Other,pachu16@hotmail.com,,,,,,,,,,,,,,,,,,,,,,,,,,,,,,
pagina12@velocom.com.ar,,,,,,,,,,,,,,,,Importado el 8/12/15 1 ::: * myContacts,* Other,pagina12@velocom.com.ar,,,,,,,,,,,,,,,,,,,,,,,,,,,,,,
paguilera@sciarg.com,,,,,,,,,,,,,,"Nombre: paguilera@sciarg.com
",,Importado el 8/12/15 1 ::: * myContacts,* Other,paguilera@sciarg.com,,,,,,,,,,,,,,,,,,,,,,,,,,,,,,
Pallets,Maderas,Atahualpa,,,,,,,,,,,,,,* myContacts,,,Mobile,11 3282-0231,,,,,,,,,,,,,,,,,,,,,,,,,,,,
Pame Cliente 2022,,,,,,,,,,,,,,,,* myContacts,,,Mobile,+54 9 11 5025-5599,,,,,,,,,,,,,,,,,,,,,,,,,,,,
pame_ariana@yahoo.com.ar,,,,,,,,,,,,,,"Nombre: pame_ariana@yahoo.com.ar
",,Importado el 8/12/15 1 ::: * myContacts,* Other,pame_ariana@yahoo.com.ar,,,,,,,,,,,,,,,,,,,,,,,,,,,,,,
pame_cher5@hotmail.com <pame_cher5@hotmail.com>,,,,,,,,,,,,,,"Nombre: pame_cher5@hotmail.com <pame_cher5@hotmail.com>
",,Importado el 8/12/15 1 ::: * myContacts,* Other,pame_cher5@hotmail.com,,,,,,,,,,,,,,,,,,,,,,,,,,,,,,
Pamela,,,,,,,,,,,,,,"Nombre: Pamela
",,Importado el 8/12/15 1 ::: * myContacts,* Other,flenzu@speedy.com.ar,,,,,,,,,,,,,,,,,,,,,,,,,,,,,,
Pamela Cliente 2024,,La Granja,,,,,,,,,,,,,,* myContacts,,,Mobile,+5491133656314,,,,,,,,,,,,,,,,,,,,,,,,,,,,
Pamela Lemos,,Fundación Aiken,,,,,,,,,,,,,,* myContacts,,,Mobile,+5491169502423,,,,,,,,,,,,,,,,,,,,,,,,,,,,
pamelaelectra@hotmail.com,,,,,,,,,,,,,,"Nombre: pamelaelectra@hotmail.com
",,Importado el 8/12/15 1 ::: * myContacts,* Other,pamelaelectra@hotmail.com,,,,,,,,,,,,,,,,,,,,,,,,,,,,,,
PAMI,,,,,,,,,,,,,,,,* myContacts,,,Mobile,+54 9 11 4370 3138,,,,,,,,,,,,,,,,,,,,,,,,,,,,
pana12@hotmail.com,,,,,,,,,,,,,,"Nombre: pana12@hotmail.com
",,Importado el 8/12/15 1 ::: * myContacts,* Other,pana12@hotmail.com,,,,,,,,,,,,,,,,,,,,,,,,,,,,,,
Pancho,,Losa,,,,,,,,,,,,,,* myContacts,,,Mobile,+54 381 350-9527,,,,,,,,,,,,,,,,,,,,,,,,,,,,
panoplina@yahoo.es,,,,,,,,,,,,,,"Nombre: panoplina@yahoo.es
",,Importado el 8/12/15 1 ::: * myContacts,* Other,panoplina@yahoo.es,,,,,,,,,,,,,,,,,,,,,,,,,,,,,,
paokereste1977@yahoo.com.ar,,,,,,,,,,,,,,"Nombre: paokereste1977@yahoo.com.ar
",,Importado el 8/12/15 1 ::: * myContacts,* Other,paokereste1977@yahoo.com.ar,,,,,,,,,,,,,,,,,,,,,,,,,,,,,,
paola,,,,,,,,,,,,,,"Nombre: paola
",,Importado el 8/12/15 1 ::: * myContacts,* Other,la_colorada@fibertel.com.ar,,,,,,,,,,,,,,,,,,,,,,,,,,,,,,
Paola A Todo Fiesta Papas,,,,,,,,,,,,,,,,* myContacts,,,Mobile,1151480887,,,,,,,,,,,,,,,,,,,,,,,,,,,,
Paola Cliente 2024,,Gandin,,,,,,,,,,,,,,* myContacts,,,Mobile,+5491165153202,,,,,,,,,,,,,,,,,,,,,,,,,,,,
Paola Compostura Calzado Maschwitz,,,,,,,,,,,,,,,,* myContacts,,,Mobile,1155645251,,,,,,,,,,,,,,,,,,,,,,,,,,,,
Paola Peña Cliente,,Evento 13/6/25,,,,,,,,,,,,,,* myContacts,,,Mobile,+5491145318057,,,,,,,,,,,,,,,,,,,,,,,,,,,,
paolamatteazzi@hotmail.com,,,,,,,,,,,,,,"Nombre: paolamatteazzi@hotmail.com
",,Importado el 8/12/15 1 ::: * myContacts,* Other,paolamatteazzi@hotmail.com,,,,,,,,,,,,,,,,,,,,,,,,,,,,,,
paolapinienta@hotmail.com,,,,,,,,,,,,,,"Nombre: paolapinienta@hotmail.com
",,Importado el 8/12/15 1 ::: * myContacts,* Other,paolapinienta@hotmail.com,,,,,,,,,,,,,,,,,,,,,,,,,,,,,,
paolazapata56@hotmail.com,,,,,,,,,,,,,,,,Importado el 8/12/15 1 ::: * myContacts,* Other,paolazapata56@hotmail.com,,,,,,,,,,,,,,,,,,,,,,,,,,,,,,
paolina,,,,,,,,,,,,,,"Nombre: paolina
",,Importado el 8/12/15 1 ::: * myContacts,* Other,piwi_g@hotmail.com,,,,,,,,,,,,,,,,,,,,,,,,,,,,,,
paoycris155@hotmail.com,,,,,,,,,,,,,,"Nombre: paoycris155@hotmail.com
",,Importado el 8/12/15 1 ::: * myContacts,* Other,paoycris155@hotmail.com,,,,,,,,,,,,,,,,,,,,,,,,,,,,,,
Papas Balcarce Chofer,,Sergio,,,,,,,,,,,,,,* myContacts,,,Mobile,11 7015-4530,,,,,,,,,,,,,,,,,,,,,,,,,,,,
Papas Congeladas Martin,,,,,,,,,,,,,,,,* myContacts,,,Mobile,+54 9 11 6508-9981,,,,,,,,,,,,,,,,,,,,,,,,,,,,
Papas Fram,Frites,Patricia,,,,,,,,,,,,,,* myContacts,,,Mobile,1152944549,,,,,,,,,,,,,,,,,,,,,,,,,,,,
Papas,Fritas,Congeladas,,,,,,,,,,,,,,* myContacts,,,Mobile,1533698977,,,,,,,,,,,,,,,,,,,,,,,,,,,,
Papelera Colectora,Y,Azurduy,,,,,,,,Distribuidora Plaza,,,,,,* myContacts,,,Mobile,+54 9 348 433-8308,,,,,,,,,,,,,,,,,,,,,,,,,,,,
Papelera Punto Com,Hugo,Karina,,,,,,,,,,,,,,* myContacts,,,Work,1155792263 ::: 0348 444-5569,,,,,,,,,,,,,,,,,,,,,,,,,,,,
paraisabella@gmail.com,,,,,,,,,,,,,,"Nombre: paraisabella@gmail.com
",,Importado el 8/12/15 1 ::: * myContacts,* Other,paraisabella@gmail.com,,,,,,,,,,,,,,,,,,,,,,,,,,,,,,
parga10@hotmail.com,,,,,,,,,,,,,,,,Importado el 8/12/15 1 ::: * myContacts,* Other,parga10@hotmail.com,,,,,,,,,,,,,,,,,,,,,,,,,,,,,,
parolam@hotmail.com,,,,,,,,,,,,,,"Nombre: parolam@hotmail.com
",,Importado el 8/12/15 1 ::: * myContacts,* Other,parolam@hotmail.com,,,,,,,,,,,,,,,,,,,,,,,,,,,,,,
Parque Hotel Merlo San Luis,,,,,,,,,,Parque Hotel,,,,,,* myContacts,,,Mobile,+542656475110,,,,,,,,,,,,,,,,,,,,,,,,,,,,
Pascual,Cerveza,Imperial,,,,,,,,,,,,,,* myContacts,,,Mobile,1126539699,Work,1138197130,,,,,,,,,,,,,,,,,,,,,,,,,,
Pascual Papa,De,Rocio,,,,,,,,,,,,,,* myContacts,,,Móvil,+54 9 11 4434-2982,Work,+54 9 11 4755-0020,,,,,,,,,,,,,,,,,,,,,,,,,,
Pascual,,Parme,,,,,,,,,,,,,,* myContacts,,,Mobile,1169018611,,,,,,,,,,,,,,,,,,,,,,,,,,,,
pasiondancenqn@hotmail.com,,,,,,,,,,,,,,"Nombre: pasiondancenqn@hotmail.com
",,Importado el 8/12/15 1 ::: * myContacts,* Other,pasiondancenqn@hotmail.com,,,,,,,,,,,,,,,,,,,,,,,,,,,,,,
passfco@hotmail.com,,,,,,,,,,,,,,"Nombre: passfco@hotmail.com
",,Importado el 8/12/15 1 ::: * myContacts,* Other,passfco@hotmail.com,,,,,,,,,,,,,,,,,,,,,,,,,,,,,,
passiflora@ciudad.com.ar,,,,,,,,,,,,,,,,Importado el 8/12/15 1 ::: * myContacts,* Other,passiflora@ciudad.com.ar,,,,,,,,,,,,,,,,,,,,,,,,,,,,,,
pastega,,,,,,,,,,,,,,"Nombre: pastega
",,Importado el 8/12/15 1 ::: * myContacts,* Other,pastega@imagenuno.com,,,,,,,,,,,,,,,,,,,,,,,,,,,,,,
Paternal Motor Pacheco,,Respuestos ,,,,,,,,,,,,,,* myContacts,,,Mobile,11 2257-7472,,,,,,,,,,,,,,,,,,,,,,,,,,,,
Pato,,Bajista,,,,,,,,,,,,,,* myContacts,,,Móvil,+54 9 11 3589-1157,,,,,,,,,,,,,,,,,,,,,,,,,,,,
patri_obelar@hotmail.com,,,,,,,,,,,,,,"Nombre: patri_obelar@hotmail.com
",,Importado el 8/12/15 1 ::: * myContacts,* Other,patri_obelar@hotmail.com,,,,,,,,,,,,,,,,,,,,,,,,,,,,,,
patricia,,,,,,,,,,,,,,"Nombre: patricia
",,Importado el 8/12/15 1 ::: * myContacts,* Other,mumiwillis@yahoo.com.ar,,,,,,,,,,,,,,,,,,,,,,,,,,,,,,
patricia,,,,,,,,,,,,,,"Nombre: patricia
",,Importado el 8/12/15 1 ::: * myContacts,* Other,patriciasgaibe@hotmail.com,,,,,,,,,,,,,,,,,,,,,,,,,,,,,,
Patricia,,,,,,,,,,,,,,"Nombre: Patricia
",,Importado el 8/12/15 1 ::: * myContacts,* Other,edgardoelflaco@hotmail.com,,,,,,,,,,,,,,,,,,,,,,,,,,,,,,
Patricia,,,,,,,,,,,,,,"Nombre: Patricia
",,Importado el 8/12/15 1 ::: * myContacts,* Other,patriciaguerrero@argentina.com,,,,,,,,,,,,,,,,,,,,,,,,,,,,,,
patricia,,,,,,,,,,,,,,"Nombre: patricia
",,Importado el 8/12/15 1 ::: * myContacts,* Other,ashleypink55@yahoo.com.mx,,,,,,,,,,,,,,,,,,,,,,,,,,,,,,
patricia,,,,,,,,,,,,,,"Nombre: patricia
",,Importado el 8/12/15 1 ::: * myContacts,* Other,plezzi@hotmail.com,,,,,,,,,,,,,,,,,,,,,,,,,,,,,,
Patricia,,(Emiliano),,,,,,,,,,,,,,* myContacts,,,Mobile,+54 9 11 5780-5417,Home,47462125,,,,,,,,,,,,,,,,,,,,,,,,,,
Patricia,,Almiron,,,,,,,,,,,,,,* myContacts,,,Mobile,+54 9 11 3173-3198,,,,,,,,,,,,,,,,,,,,,,,,,,,,
Patricia Cliente 2022,,,,,,,,,,,,,,,,* myContacts,,,Mobile,+54 9 348 440-6626,,,,,,,,,,,,,,,,,,,,,,,,,,,,
Patricia Cliente 2023,,,,,,,,,,,,,,,,* myContacts,,,Mobile,+5493489684856,,,,,,,,,,,,,,,,,,,,,,,,,,,,
patricia de angelis,,,,,,,,,,,,,,,,Importado el 8/12/15 1 ::: * myContacts,* Other,la_capa_22@yahoo.com.ar,,,,,,,,,,,,,,,,,,,,,,,,,,,,,,
Patricia Garcia,,Garcia,,,,,,,,,,,,"Nombre: Patricia
",,Importado el 8/12/15 1 ::: * myContacts,* Other,patoduran3001@yahoo.com.ar,,,,,,,,,,,,,,,,,,,,,,,,,,,,,,
Patricia Microcemento,Ballester,Tarquini,,,,,,,,,,,,,,* myContacts,,,Mobile,+54 9 11 5962-2039,,,,,,,,,,,,,,,,,,,,,,,,,,,,
Patricia Papas,Mac,Cain,,,,,,,,,,,,,,* myContacts,,,Mobile,1166018699,,,,,,,,,,,,,,,,,,,,,,,,,,,,
Patricia zarat,,,,,,,,,,,,,,,,Importado el 9/12/15 ::: Importado el 8/12/15 1 ::: Importado el 8/12/15 ::: * myContacts,,,Mobile,034-874-23916,,,,,,,,,,,,,,,,,,,,,,,,,,,,
patricia_jara@hotmail.com,,,,,,,,,,,,,,"Nombre: patricia_jara@hotmail.com
",,Importado el 8/12/15 1 ::: * myContacts,* Other,patricia_jara@hotmail.com,,,,,,,,,,,,,,,,,,,,,,,,,,,,,,
patriciadeelias@yahoo.com.ar,,,,,,,,,,,,,,"Nombre: patriciadeelias@yahoo.com.ar
",,Importado el 8/12/15 1 ::: * myContacts,* Other,patriciadeelias@yahoo.com.ar,,,,,,,,,,,,,,,,,,,,,,,,,,,,,,
patriciamonicamorales@hotmail.com,,,,,,,,,,,,,,"Nombre: patriciamonicamorales@hotmail.com
",,Importado el 8/12/15 1 ::: * myContacts,* Other,patriciamonicamorales@hotmail.com,,,,,,,,,,,,,,,,,,,,,,,,,,,,,,
patricio,,,,,,,,,,,,,,"Nombre: patricio
",,Importado el 8/12/15 1 ::: * myContacts,* Other,parica@fibertel.com.ar,,,,,,,,,,,,,,,,,,,,,,,,,,,,,,
Patricio (Prego),Albarracin Maschwitz ,♐,,,,,,,,,,,,,,* myContacts,,,Mobile,+54 9 11 5965-4799,,,,,,,,,,,,,,,,,,,,,,,,,,,,
Patricio Clases,De,Derbake,,,,,,,,,,,,,,* myContacts,,,Mobile,1164588621,,,,,,,,,,,,,,,,,,,,,,,,,,,,
Patricio Cliente 2024,,,,,,,,,,,,,,,,* myContacts,,,Mobile,+5491159223663,,,,,,,,,,,,,,,,,,,,,,,,,,,,
Patricio,cliente,maschwitz,,,,,,,,,,,,,,* myContacts,,,Mobile,+54 9 11 6976-2427,,,,,,,,,,,,,,,,,,,,,,,,,,,,
Patricio Gonzalez (Obras) Luciano Cliente,Stell,Frame,,,,,,,,,,,,,,* myContacts,,,Móvil,+54 9 11 6392-9249,,,,,,,,,,,,,,,,,,,,,,,,,,,,
patrigines@hotmail.com,,,,,,,,,,,,,,,,Importado el 8/12/15 1 ::: * myContacts,* Other,patrigines@hotmail.com,,,,,,,,,,,,,,,,,,,,,,,,,,,,,,
patrigiova@hotmail.com,,,,,,,,,,,,,,,,Importado el 8/12/15 1 ::: * myContacts,* Other,patrigiova@hotmail.com,,,,,,,,,,,,,,,,,,,,,,,,,,,,,,
paty@montevideo.com.uy,,,,,,,,,,,,,,,,Importado el 8/12/15 1 ::: * myContacts,* Other,paty@montevideo.com.uy,,,,,,,,,,,,,,,,,,,,,,,,,,,,,,
pau_bendesky@hotmail.com,,,,,,,,,,,,,,"Nombre: pau_bendesky@hotmail.com
",,Importado el 8/12/15 1 ::: * myContacts,* Other,pau_bendesky@hotmail.com,,,,,,,,,,,,,,,,,,,,,,,,,,,,,,
pau_colombo@hotmail.com,,,,,,,,,,,,,,"Nombre: pau_colombo@hotmail.com
",,Importado el 8/12/15 1 ::: * myContacts,* Other,pau_colombo@hotmail.com,,,,,,,,,,,,,,,,,,,,,,,,,,,,,,
Paula,,,,,,,,,,,,,,"Nombre: Paula
",,Importado el 8/12/15 1 ::: * myContacts,* Other,paulapasten@yahoo.com.ar,,,,,,,,,,,,,,,,,,,,,,,,,,,,,,
Paula,,,,,,,,,,,,,,"Nombre: Paula
",,Importado el 8/12/15 1 ::: * myContacts,* Other,paula@paulalena.com.ar,,,,,,,,,,,,,,,,,,,,,,,,,,,,,,
paula,,,,,,,,,,,,,,"Nombre: paula
",,Importado el 8/12/15 1 ::: * myContacts,* Other,paulalc8477@hotmail.com,,,,,,,,,,,,,,,,,,,,,,,,,,,,,,
paula,,,,,,,,,,,,,,"Nombre: paula
",,Importado el 8/12/15 1 ::: * myContacts,* Other,caluventas@ciudad.com.ar,,,,,,,,,,,,,,,,,,,,,,,,,,,,,,
paula,,,,,,,,,,,,,,"Nombre: paula
",,Importado el 8/12/15 1 ::: * myContacts,* Other,paulahynst@hotmail.com,,,,,,,,,,,,,,,,,,,,,,,,,,,,,,
Paula,,,,,,,,,,,,,,"Nombre: Paula
",,Importado el 8/12/15 1 ::: * myContacts,* Other,paulaneuquen@yahoo.com.ar,,,,,,,,,,,,,,,,,,,,,,,,,,,,,,
Paula,,(Carlitos),,,,,,,,,,,,,,* myContacts,,,Mobile,011 6787-4039,,,,,,,,,,,,,,,,,,,,,,,,,,,,
Paula,Cliente,2021,,,,,,,,,,,,,,* myContacts,,,Mobile,+54 9 11 6294-4210,,,,,,,,,,,,,,,,,,,,,,,,,,,,
Paula Cliente 2022,,,,,,,,,,,,,,,,* myContacts,,,Mobile,+541151745255,,,,,,,,,,,,,,,,,,,,,,,,,,,,
Paula Cliente 2022,,Iramain,,,,,,,,,,,,,,* myContacts,,,Mobile,+54 9 11 6139-1320,,,,,,,,,,,,,,,,,,,,,,,,,,,,
Paula Cliente 2024 Jacquemin Vona,,,,,,,,,,,,,,,,* myContacts,,,Mobile,+5491136377931,,,,,,,,,,,,,,,,,,,,,,,,,,,,
Paula,,Yasmin,,,,,,,,,,,,,,* myContacts,,,Home,11-513-547-17,,,,,,,,,,,,,,,,,,,,,,,,,,,,
Paula yazmi,,,,,,,,,,,,,,,,Importado el 9/12/15 ::: * myContacts,,,Mobile,48336903,,,,,,,,,,,,,,,,,,,,,,,,,,,,
paula_gayoso@hotmail.com,,,,,,,,,,,,,,,,Importado el 8/12/15 1 ::: * myContacts,* Other,paula_gayoso@hotmail.com,,,,,,,,,,,,,,,,,,,,,,,,,,,,,,
paula_ignacio@hotmail.com,,,,,,,,,,,,,,"Nombre: paula_ignacio@hotmail.com
",,Importado el 8/12/15 1 ::: * myContacts,* Other,paula_ignacio@hotmail.com,,,,,,,,,,,,,,,,,,,,,,,,,,,,,,
paulaarean@hotmail.com,,,,,,,,,,,,,,"Nombre: paulaarean@hotmail.com
",,Importado el 8/12/15 1 ::: * myContacts,* Other,paulaarean@hotmail.com,,,,,,,,,,,,,,,,,,,,,,,,,,,,,,
paulabianchi123@hotmail.com,,,,,,,,,,,,,,"Nombre: paulabianchi123@hotmail.com
",,Importado el 8/12/15 1 ::: * myContacts,* Other,paulabianchi123@hotmail.com,,,,,,,,,,,,,,,,,,,,,,,,,,,,,,
pauladallarosa@hotma,,,,,,,,,,,,,,"Nombre: pauladallarosa@hotma
",,Importado el 8/12/15 1 ::: * myContacts,* Other,pauladallarosa@hotmail.com,,,,,,,,,,,,,,,,,,,,,,,,,,,,,,
paulalena2002@yahoo.com.ar,,,,,,,,,,,,,,,,Importado el 8/12/15 1 ::: * myContacts,* Other,paulalena2002@yahoo.com.ar,,,,,,,,,,,,,,,,,,,,,,,,,,,,,,
paulamorayta@yahoo.com.ar,,,,,,,,,,,,,,"Nombre: paulamorayta@yahoo.com.ar
",,Importado el 8/12/15 1 ::: * myContacts,* Other,paulamorayta@yahoo.com.ar,,,,,,,,,,,,,,,,,,,,,,,,,,,,,,
paulaperalta6@hotmail.com,,,,,,,,,,,,,,"Nombre: paulaperalta6@hotmail.com
",,Importado el 8/12/15 1 ::: * myContacts,* Other,paulaperalta6@hotmail.com,,,,,,,,,,,,,,,,,,,,,,,,,,,,,,
paularalmeida@hotmail.com,,,,,,,,,,,,,,,,Importado el 8/12/15 1 ::: * myContacts,* Other,paularalmeida@hotmail.com,,,,,,,,,,,,,,,,,,,,,,,,,,,,,,
paularoxana@hotmail.com,,,,,,,,,,,,,,,,Importado el 8/12/15 1 ::: * myContacts,* Other,paularoxana@hotmail.com,,,,,,,,,,,,,,,,,,,,,,,,,,,,,,
paulavere@yahoo.com,,,,,,,,,,,,,,,,Importado el 8/12/15 1 ::: * myContacts,* Other,paulavere@yahoo.com,,,,,,,,,,,,,,,,,,,,,,,,,,,,,,
paulidr@yahoo.com.ar,,,,,,,,,,,,,,"Nombre: paulidr@yahoo.com.ar
",,Importado el 8/12/15 1 ::: * myContacts,* Other,paulidr@yahoo.com.ar,,,,,,,,,,,,,,,,,,,,,,,,,,,,,,
Paulinho Nunnes,,,,,,,,,,,,,,,,* myContacts,,,Mobile,+55 48 99179-1338,,,,,,,,,,,,,,,,,,,,,,,,,,,,
Paulo Cliente 2022 (Quique),,,,,,,,,,,,,,,,* myContacts,,,Mobile,1157659213,,,,,,,,,,,,,,,,,,,,,,,,,,,,
pauly1402@hotmail.com,,,,,,,,,,,,,,"Nombre: pauly1402@hotmail.com
",,Importado el 8/12/15 1 ::: * myContacts,* Other,pauly1402@hotmail.com,,,,,,,,,,,,,,,,,,,,,,,,,,,,,,
paytowck@yahoo.com.ar,,,,,,,,,,,,,,"Nombre: paytowck@yahoo.com.ar
",,Importado el 8/12/15 1 ::: * myContacts,* Other,paytowck@yahoo.com.ar,,,,,,,,,,,,,,,,,,,,,,,,,,,,,,
Paz,Cliente,2021×,,,,,,,,,,,,,,* myContacts,,,Mobile,+54 9 11 3469-2189,,,,,,,,,,,,,,,,,,,,,,,,,,,,
pcasanova_98@yahoo.com,,,,,,,,,,,,,,"Nombre: pcasanova_98@yahoo.com
",,Importado el 8/12/15 1 ::: * myContacts,* Other,pcasanova_98@yahoo.com,,,,,,,,,,,,,,,,,,,,,,,,,,,,,,
pdduce@yahoo.com.ar,,,,,,,,,,,,,,,,Importado el 8/12/15 1 ::: * myContacts,* Other,pdduce@yahoo.com.ar,,,,,,,,,,,,,,,,,,,,,,,,,,,,,,
pechochura_02@yahoo.com.ar,,,,,,,,,,,,,,"Nombre: pechochura_02@yahoo.com.ar
",,Importado el 8/12/15 1 ::: * myContacts,* Other,pechochura_02@yahoo.com.ar,,,,,,,,,,,,,,,,,,,,,,,,,,,,,,
peco1818@hotmail.com,,,,,,,,,,,,,,"Nombre: peco1818@hotmail.com
",,Importado el 8/12/15 1 ::: * myContacts,* Other,peco1818@hotmail.com,,,,,,,,,,,,,,,,,,,,,,,,,,,,,,
Pediatra Melone Swiss Medical,,Larralde 5763,,,,,,,,,,,,,,* myContacts,,,Mobile,+5491152624451,,,,,,,,,,,,,,,,,,,,,,,,,,,,
Pedidos,Ya,Soporte,,,,,,,,,,,,,,* myContacts,,,Mobile,011 6841-9912,,,,,,,,,,,,,,,,,,,,,,,,,,,,
PedidosYa,,,,,,,,,,,,,,,,* myContacts,,,Mobile,01159295761,,,,,,,,,,,,,,,,,,,,,,,,,,,,
Pedro,,,,,,,,,,,,,,"Nombre: Pedro
",,Importado el 8/12/15 1 ::: * myContacts,* Other,pedroguzman@hotmail.com,,,,,,,,,,,,,,,,,,,,,,,,,,,,,,
Pedro,,Abrahan,,,,,,,,,,,,,,Importado el 9/12/15 ::: Importado el 8/12/15 1 ::: Importado el 8/12/15 ::: * myContacts,,,Home,11-441-924-63,,,,,Home,Cordoba 5938 Pb 2,5938 Pb 2,Cordoba,,Cordoba,,,,,,,,,,,,,,,,,,
Pedro Cliente 2021,La,Bota,,,,,,,,,,,,,,* myContacts,,,Mobile,+54 11 6474-7235,,,,,Home,Belgrano 115 Entre Chaco Y Formosa,Belgrano 115 Entre Chaco Y,,,Formosa,,,,,,,,,,,,,,,,,,
Pedro Cliente 2024,,,,,,,,,,,,,,,,* myContacts,,,Mobile,+5491126636120,,,,,,,,,,,,,,,,,,,,,,,,,,,,
Pedro Cliente 2024,,Davidis,,,,,,,,,,,,,,* myContacts,,,Mobile,+5491123887052,,,,,,,,,,,,,,,,,,,,,,,,,,,,
Pedro Graciela Collins,,El Jagüel ,,,,,,,,,,,,,,* myContacts,,,Mobile,+54 9 11 6083-6480,,,,,,,,,,,,,,,,,,,,,,,,,,,,
Pedro por papas baston,,,,,,,,,,,,,,,,* myContacts,,,Mobile,+54 9 11 3773-7425,,,,,,,,,,,,,,,,,,,,,,,,,,,,
Pedro Vecino Pb G,,,,,,,,,,,,,,,,* myContacts,,,Mobile,1171156377,,,,,,,,,,,,,,,,,,,,,,,,,,,,
Pedro Y Rosa (Verdulería),,,,,,,,,,,,,,,,* myContacts,,,Mobile,+54 9 11 6054-0082,,,,,,,,,,,,,,,,,,,,,,,,,,,,
pedro@lcia.com,,,,,,,,,,,,,,,,Importado el 8/12/15 1 ::: * myContacts,* Other,pedro@lcia.com,,,,,,,,,,,,,,,,,,,,,,,,,,,,,,
pedrofrancolin@bol.com.br,,,,,,,,,,,,,,,,Importado el 8/12/15 1 ::: * myContacts,* Other,pedrofrancolin@bol.com.br,,,,,,,,,,,,,,,,,,,,,,,,,,,,,,
peli61@hotmail.com,,,,,,,,,,,,,,"Nombre: peli61@hotmail.com
",,Importado el 8/12/15 1 ::: * myContacts,* Other,peli61@hotmail.com,,,,,,,,,,,,,,,,,,,,,,,,,,,,,,
pellegrini45@hotmail.com,,,,,,,,,,,,,,"Nombre: pellegrini45@hotmail.com
",,Importado el 8/12/15 1 ::: * myContacts,* Other,pellegrini45@hotmail.com,,,,,,,,,,,,,,,,,,,,,,,,,,,,,,
penelopeglamour_5@hotmail.com,,,,,,,,,,,,,,"Nombre: penelopeglamour_5@hotmail.com
",,Importado el 8/12/15 1 ::: * myContacts,* Other,penelopeglamour_5@hotmail.com,,,,,,,,,,,,,,,,,,,,,,,,,,,,,,
Pepe,,,,,,,,,,,,,,"Nombre: Pepe
",,Importado el 8/12/15 1 ::: * myContacts,* Other,jaf@dypproducciones.com.ar,,,,,,,,,,,,,,,,,,,,,,,,,,,,,,
Pepe A chantar,,,,,,,,,,,,,,,,* myContacts,,,Mobile,+54 11 6508-3760,,,,,,,,,,,,,,,,,,,,,,,,,,,,
Pepe,,Cetelem,,,,,,,,,,,,,,* myContacts,,,Mobile,+54 9 11 6974-6900,,,,,,,,,,,,,,,,,,,,,,,,,,,,
peperina_peace@hotmail.com,,,,,,,,,,,,,,"Nombre: peperina_peace@hotmail.com
",,Importado el 8/12/15 1 ::: * myContacts,* Other,peperina_peace@hotmail.com,,,,,,,,,,,,,,,,,,,,,,,,,,,,,,
Pepsi,,,,,,,,,,,,,,,,* myContacts,,,Mobile,01151088571,,,,,,,,,,,,,,,,,,,,,,,,,,,,
Pepsi,Sural,Nor,,,,,,,,,,,,,,* myContacts,,,Mobile,02320 47-5400,,,,,,,,,,,,,,,,,,,,,,,,,,,,
percusion@argentina.com <percusion@argentina.com>,,,,,,,,,,,,,,"Nombre: percusion@argentina.com <percusion@argentina.com>
",,Importado el 8/12/15 1 ::: * myContacts,* Other,percusion@argentina.com,,,,,,,,,,,,,,,,,,,,,,,,,,,,,,
Perez,Dupont,Mauro,,,,,,,,,,,,,,* myContacts,,,Mobile,11 5064-5139,,,,,,,,,,,,,,,,,,,,,,,,,,,,
perfett@hotmail.com,,,,,,,,,,,,,,"Nombre: perfett@hotmail.com
",,Importado el 8/12/15 1 ::: * myContacts,* Other,perfett@hotmail.com,,,,,,,,,,,,,,,,,,,,,,,,,,,,,,
Pergolas,,Alejandro Lopez,,,,,,,,,,,,,,* myContacts,,,Mobile,+54 348 433-2661,,,,,,,,,,,,,,,,,,,,,,,,,,,,
Perplexity,,,,,,,,,,,,,,,,* myContacts,,,Mobile,+18334363285,,,,,,,,,,,,,,,,,,,,,,,,,,,,
persicoemilia@hotmail.com,,,,,,,,,,,,,,,,Importado el 8/12/15 1 ::: * myContacts,* Other,persicoemilia@hotmail.com,,,,,,,,,,,,,,,,,,,,,,,,,,,,,,
Personal,,,,,,,,,,,,,,,,* myContacts,,,Mobile,+813,,,,,,,,,,,,,,,,,,,,,,,,,,,,
Personal,,,,,,,,,,,,,,,,* myContacts,,,Mobile,+810,,,,,,,,,,,,,,,,,,,,,,,,,,,,
Personal,,,,,,,,,,Personal,,,,,,* myContacts,,,Mobile,+5491164401234,,,,,,,,,,,,,,,,,,,,,,,,,,,,
Personal Atención Cliente ,,,,,,,,,,,,,,,,* myContacts,,,Mobile,+54 800-555-3569,,,,,,,,,,,,,,,,,,,,,,,,,,,,
Personal Envio,De,Datos,,,,,,,,,,,,,,* myContacts,,,Mobile,11 7222-0000,,,,,,,,,,,,,,,,,,,,,,,,,,,,
pesce,,,,,,,,,,,,,,"Nombre: pesce
",,Importado el 8/12/15 1 ::: * myContacts,* Other,hernanpesce@hotmail.com,,,,,,,,,,,,,,,,,,,,,,,,,,,,,,
petaca_lastorres@hotmail.com,,,,,,,,,,,,,,"Nombre: petaca_lastorres@hotmail.com
",,Importado el 8/12/15 1 ::: * myContacts,* Other,petaca_lastorres@hotmail.com,,,,,,,,,,,,,,,,,,,,,,,,,,,,,,
peteraa@imagine.com.ar,,,,,,,,,,,,,,"Nombre: peteraa@imagine.com.ar
",,Importado el 8/12/15 1 ::: * myContacts,* Other,peteraa@imagine.com.ar,,,,,,,,,,,,,,,,,,,,,,,,,,,,,,
peterm550@hotmail.com,,,,,,,,,,,,,,"Nombre: peterm550@hotmail.com
",,Importado el 8/12/15 1 ::: * myContacts,* Other,peterm550@hotmail.com,,,,,,,,,,,,,,,,,,,,,,,,,,,,,,
petertemp@interpla.net.co,,,,,,,,,,,,,,,,Importado el 8/12/15 1 ::: * myContacts,* Other,petertemp@interpla.net.co,,,,,,,,,,,,,,,,,,,,,,,,,,,,,,
petroni_78@hotmail.com,,,,,,,,,,,,,,"Nombre: petroni_78@hotmail.com
",,Importado el 8/12/15 1 ::: * myContacts,* Other,petroni_78@hotmail.com,,,,,,,,,,,,,,,,,,,,,,,,,,,,,,
Peyman,Cliente,Maschwitz,,,,,,,,,,,,,,* myContacts,,,Mobile,+54 11 3363-2443,,,,,,,,,,,,,,,,,,,,,,,,,,,,
Pia,(Quinoa,Queen),,,,,,,,,Calle Mendoza Maschwitz ,,,,,* myContacts,,,Mobile,11 6904-5856,,,,,,,,,,,,,,,,,,,,,,,,,,,,
piasartorio@hotmail.com,,,,,,,,,,,,,,"Nombre: piasartorio@hotmail.com
",,Importado el 8/12/15 1 ::: * myContacts,* Other,piasartorio@hotmail.com,,,,,,,,,,,,,,,,,,,,,,,,,,,,,,
Pica Adrián O Gabriel (Roich),,Taller,,,,,,,,,,,,,,* myContacts,,,Trabajo,+54 9 11 4574-8065,,,,,,,,,,,,,,,,,,,,,,,,,,,,
Pilar Cliente 2026,,,,,,,,,,,,,,,,* myContacts,,,Mobile,+5491164867730,,,,,,,,,,,,,,,,,,,,,,,,,,,,
pilar_neira@hotmail.com,,,,,,,,,,,,,,,,Importado el 8/12/15 1 ::: * myContacts,* Other,pilar_neira@hotmail.com,,,,,,,,,,,,,,,,,,,,,,,,,,,,,,
pilchasgauchas13@hotmail.com,,,,,,,,,,,,,,,,Importado el 8/12/15 1 ::: * myContacts,* Other,pilchasgauchas13@hotmail.com,,,,,,,,,,,,,,,,,,,,,,,,,,,,,,
pilizub@hotmail.com,,,,,,,,,,,,,,"Nombre: pilizub@hotmail.com
",,Importado el 8/12/15 1 ::: * myContacts,* Other,pilizub@hotmail.com,,,,,,,,,,,,,,,,,,,,,,,,,,,,,,
Pintor Victor,,De Parte De Fidel,,,,,,,,,,,,,,* myContacts,,,Mobile,348 434-9285,,,,,,,,,,,,,,,,,,,,,,,,,,,,
Pintura Auto,,Matias,,,,,,,,,,,,,,* myContacts,,,Mobile,+5493484596681,,,,,,,,,,,,,,,,,,,,,,,,,,,,
pisciana_88@hotmail.com,,,,,,,,,,,,,,,,Importado el 8/12/15 1 ::: * myContacts,* Other,pisciana_88@hotmail.com,,,,,,,,,,,,,,,,,,,,,,,,,,,,,,
Piscis Zapatos Cat,,,,,,,,,,,,,,,,* myContacts,,,Mobile,11 4495-3202,,,,,,,,,,,,,,,,,,,,,,,,,,,,
pitirosporumovale@hotmail.com,,,,,,,,,,,,,,"Nombre: pitirosporumovale@hotmail.com
",,Importado el 8/12/15 1 ::: * myContacts,* Other,pitirosporumovale@hotmail.com,,,,,,,,,,,,,,,,,,,,,,,,,,,,,,
pitu41@hotmail.com,,,,,,,,,,,,,,"Nombre: pitu41@hotmail.com
",,Importado el 8/12/15 1 ::: * myContacts,* Other,pitu41@hotmail.com,,,,,,,,,,,,,,,,,,,,,,,,,,,,,,
pitufinaazul@hotmail.com,,,,,,,,,,,,,,"Nombre: pitufinaazul@hotmail.com
",,Importado el 8/12/15 1 ::: * myContacts,* Other,pitufinaazul@hotmail.com,,,,,,,,,,,,,,,,,,,,,,,,,,,,,,
pitzim@gmx.de,,,,,,,,,,,,,,,,Importado el 8/12/15 1 ::: * myContacts,* Other,pitzim@gmx.de,,,,,,,,,,,,,,,,,,,,,,,,,,,,,,
piuke@fibertel.com.ar,,,,,,,,,,,,,,,,Importado el 8/12/15 1 ::: * myContacts,* Other,piuke@fibertel.com.ar,,,,,,,,,,,,,,,,,,,,,,,,,,,,,,
piuke1@arnet.com.ar,,,,,,,,,,,,,,,,Importado el 8/12/15 1 ::: * myContacts,* Other,piuke1@arnet.com.ar,,,,,,,,,,,,,,,,,,,,,,,,,,,,,,
piva,,,,,,,,,,,,,,"Nombre: piva
",,Importado el 8/12/15 1 ::: * myContacts,* Other,piva.perez.danza@onenet.com.ar,,,,,,,,,,,,,,,,,,,,,,,,,,,,,,
piwi_g@hotmail.com,,,,,,,,,,,,,,,,Importado el 8/12/15 1 ::: * myContacts,* Other,piwi_g@hotmail.com,,,,,,,,,,,,,,,,,,,,,,,,,,,,,,
pizarrox@ctcinternet.cl,,,,,,,,,,,,,,,,Importado el 8/12/15 1 ::: * myContacts,* Other,pizarrox@ctcinternet.cl,,,,,,,,,,,,,,,,,,,,,,,,,,,,,,
Pizza 24hrs,,,,,,,,,,,,,,,,* myContacts,,,Mobile,11 2050-1076,Work,11 6502-8685,,,,,,,,,,,,,,,,,,,,,,,,,,
Pizza Color,,Color Iguazu,,,,,,,,,,,,,,* myContacts,,,Celular,+54 9 3757 52-0636,,,,,,,,,,,,,,,,,,,,,,,,,,,,
Pizza Party De La Casa,La,Casa,,,,,,,,El Canton  Catering,,,,,,* myContacts,,,Casa,+54 9 11 5495-0775,,,,,,,,,,,,,,,,,,,,,,,,,,,,
Pizza Party Lo De Toto (Cumple Josefina 1 Año),Catering,,,,,,,,,Pizza Party Lo De Toto,,,,,,* myContacts,,,Casa,+54 9 11 6821-2703,,,,,,,,,,,,,,,,,,,,,,,,,,,,
Pizzas Empanadas 24hrs,,,,,,,,,,,,,,,,* myContacts,,,Mobile,11 6502-8685,Work,11 2050-1076,,,,,,,,,,,,,,,,,,,,,,,,,,
Pizzería,El,Ombú,,,,,,,,,,,,,,* myContacts,,,Mobile,011 4572-6807,,,,,,,,,,,,,,,,,,,,,,,,,,,,
Pizzería Lo De Toto,,Artigas 4710,,,,,,,,,,,,,,* myContacts,,,Mobile,+54 11 2894-0722,Work,+54 11 4574-5605,,,,,,,,,,,,,,,,,,,,,,,,,,
Pizzería Napoles,,San Luis,,,,,,,,,,,,,,* myContacts,,,Mobile,266 466-6358,,,,,,,,,,,,,,,,,,,,,,,,,,,,
plametz@fibertel.com.ar,,,,,,,,,,,,,,,,Importado el 8/12/15 1 ::: * myContacts,* Other,plametz@fibertel.com.ar,,,,,,,,,,,,,,,,,,,,,,,,,,,,,,
Plaquetas RP ELECTRÓNICA ,,,,,,,,,,,,,,,,* myContacts,,,Mobile,1162674850,Work,52919033 52949034,,,,,,,,,,,,,,,,,,,,,,,,,,
plie_demi@yahoo.com.ar,,,,,,,,,,,,,,"Nombre: plie_demi@yahoo.com.ar
",,Importado el 8/12/15 1 ::: * myContacts,* Other,plie_demi@yahoo.com.ar,,,,,,,,,,,,,,,,,,,,,,,,,,,,,,
pnbustos@yahoo.com.ar,,,,,,,,,,,,,,"Nombre: pnbustos@yahoo.com.ar
",,Importado el 8/12/15 1 ::: * myContacts,* Other,pnbustos@yahoo.com.ar,,,,,,,,,,,,,,,,,,,,,,,,,,,,,,
pnc@mx.cei.gov.cn,,,,,,,,,,,,,,,,Importado el 8/12/15 1 ::: * myContacts,* Other,pnc@mx.cei.gov.cn,,,,,,,,,,,,,,,,,,,,,,,,,,,,,,
pocojerarquizada@hotmail.com,,,,,,,,,,,,,,"Nombre: pocojerarquizada@hotmail.com
",,Importado el 8/12/15 1 ::: * myContacts,* Other,pocojerarquizada@hotmail.com,,,,,,,,,,,,,,,,,,,,,,,,,,,,,,
poiu12@hotmail.com <poiu12@hotmail.com>,,,,,,,,,,,,,,"Nombre: poiu12@hotmail.com <poiu12@hotmail.com>
",,Importado el 8/12/15 1 ::: * myContacts,* Other,poiu12@hotmail.com,,,,,,,,,,,,,,,,,,,,,,,,,,,,,,
poldy_82@hotmail.com,,,,,,,,,,,,,,"Nombre: poldy_82@hotmail.com
",,Importado el 8/12/15 1 ::: * myContacts,* Other,poldy_82@hotmail.com,,,,,,,,,,,,,,,,,,,,,,,,,,,,,,
POLET_ART@HOTMAIL.COM,,,,,,,,,,,,,,"Nombre: POLET_ART@HOTMAIL.COM
",,Importado el 8/12/15 1 ::: * myContacts,* Other,POLET_ART@HOTMAIL.COM,,,,,,,,,,,,,,,,,,,,,,,,,,,,,,
Policarbonato Santa,Fe,Maschwitz,,,,,,,,,,,,,,* myContacts,,,Mobile,11 4162-3520,,,,,,,,,,,,,,,,,,,,,,,,,,,,
polka28@hotmail.com,,,,,,,,,,,,,,"Nombre: polka28@hotmail.com
",,Importado el 8/12/15 1 ::: * myContacts,* Other,polka28@hotmail.com,,,,,,,,,,,,,,,,,,,,,,,,,,,,,,
Pollería Pollos A Las Brasas,,Av MITRE Y Gral Paz,,,,,,,,,,,,,,* myContacts,,,Mobile,4760-3211,,,,,,,,,,,,,,,,,,,,,,,,,,,,
polyferz@hotmail.com,,,,,,,,,,,,,,,,Importado el 8/12/15 1 ::: * myContacts,* Other,polyferz@hotmail.com,,,,,,,,,,,,,,,,,,,,,,,,,,,,,,
ponesp@citynet.net.com,,,,,,,,,,,,,,,,Importado el 8/12/15 1 ::: * myContacts,* Other,ponesp@citynet.net.com,,,,,,,,,,,,,,,,,,,,,,,,,,,,,,
popete2000@hotmail.com,,,,,,,,,,,,,,,,Importado el 8/12/15 1 ::: * myContacts,* Other,popete2000@hotmail.com,,,,,,,,,,,,,,,,,,,,,,,,,,,,,,
Popielik,,,,,,,,,,,,,,"Nombre: Popielik
",,Importado el 8/12/15 1 ::: * myContacts,* Other,epopielik@brinks.com.ar,,,,,,,,,,,,,,,,,,,,,,,,,,,,,,
porfirio@geo.net.co,,,,,,,,,,,,,,,,Importado el 8/12/15 1 ::: * myContacts,* Other,porfirio@geo.net.co,,,,,,,,,,,,,,,,,,,,,,,,,,,,,,
portal_inmobiliario@yahoo.com.ar,,,,,,,,,,,,,,,,Importado el 8/12/15 1 ::: * myContacts,* Other,portal_inmobiliario@yahoo.com.ar,,,,,,,,,,,,,,,,,,,,,,,,,,,,,,
portoalegre@emdanca.com.br,,,,,,,,,,,,,,,,Importado el 8/12/15 1 ::: * myContacts,* Other,portoalegre@emdanca.com.br,,,,,,,,,,,,,,,,,,,,,,,,,,,,,,
Posada Mendoza by DOT Tradition,,Paola,,,,,,,,Posada Mendoza by DOT Tradition,,,,,,* myContacts,,,Mobile,+5491150509700,,,,,,,,,,,,,,,,,,,,,,,,,,,,
posadas@jnavarro.com.ar,,,,,,,,,,,,,,,,Importado el 8/12/15 1 ::: * myContacts,* Other,posadas@jnavarro.com.ar,,,,,,,,,,,,,,,,,,,,,,,,,,,,,,
potramaldomada@ciudad.com.ar,,,,,,,,,,,,,,,,Importado el 8/12/15 1 ::: * myContacts,* Other,potramaldomada@ciudad.com.ar,,,,,,,,,,,,,,,,,,,,,,,,,,,,,,
poulie_pongi@hotmail.com,,,,,,,,,,,,,,"Nombre: poulie_pongi@hotmail.com
",,Importado el 8/12/15 1 ::: * myContacts,* Other,poulie_pongi@hotmail.com,,,,,,,,,,,,,,,,,,,,,,,,,,,,,,
ppatricia@sinectis.com.ar,,,,,,,,,,,,,,"Nombre: ppatricia@sinectis.com.ar
",,Importado el 8/12/15 1 ::: * myContacts,* Other,ppatricia@sinectis.com.ar,,,,,,,,,,,,,,,,,,,,,,,,,,,,,,
praga@linknet.it,,,,,,,,,,,,,,,,Importado el 8/12/15 1 ::: * myContacts,* Other,praga@linknet.it,,,,,,,,,,,,,,,,,,,,,,,,,,,,,,
Praia Brasil,,,,,,,,,,,,,,,,* myContacts,,,Mobile,+55 84 3219-2230,,,,,,,,,,,,,,,,,,,,,,,,,,,,
Praiamar,,,,,,,,,,,,,,,,* myContacts,,,Mobile,+55 84 3219-2230,,,,,,,,,,,,,,,,,,,,,,,,,,,,
Praiamar Recepción ,,,,,,,,,,,,,,,,* myContacts,,,Mobile,+55 843-219-2230,,,,,,,,,,,,,,,,,,,,,,,,,,,,
Praiamar2,,,,,,,,,,,,,,,,* myContacts,,,Mobile,+54 843-219-2230,,,,,,,,,,,,,,,,,,,,,,,,,,,,
Prenota Info Italia ,,,,,,,,,,,,,,,,* myContacts,,,Mobile,1165903020,,,,,,,,,,,,,,,,,,,,,,,,,,,,
prensa@municipal.cl,,,,,,,,,,,,,,,,Importado el 8/12/15 1 ::: * myContacts,* Other,prensa@municipal.cl,,,,,,,,,,,,,,,,,,,,,,,,,,,,,,
presidencia@confederaciondedanza.com,,,,,,,,,,,,,,,,Importado el 8/12/15 1 ::: * myContacts,* Other,presidencia@confederaciondedanza.com,,,,,,,,,,,,,,,,,,,,,,,,,,,,,,
prettyayi@hotmail.com,,,,,,,,,,,,,,"Nombre: prettyayi@hotmail.com
",,Importado el 8/12/15 1 ::: * myContacts,* Other,prettyayi@hotmail.com,,,,,,,,,,,,,,,,,,,,,,,,,,,,,,
Princesa,,,,,,,,,,,,,,"Nombre: Princesa
",,Importado el 8/12/15 1 ::: * myContacts,* Other,princesamaiarah@hotmail.com,,,,,,,,,,,,,,,,,,,,,,,,,,,,,,
princesa_alejandra74@hotmail.com,,,,,,,,,,,,,,"Nombre: princesa_alejandra74@hotmail.com
",,Importado el 8/12/15 1 ::: * myContacts,* Other,princesa_alejandra74@hotmail.com,,,,,,,,,,,,,,,,,,,,,,,,,,,,,,
princesanajla@hotmail.com,,,,,,,,,,,,,,"Nombre: princesanajla@hotmail.com
",,Importado el 8/12/15 1 ::: * myContacts,* Other,princesanajla@hotmail.com,,,,,,,,,,,,,,,,,,,,,,,,,,,,,,
princesanarin@hotmail.com,,,,,,,,,,,,,,"Nombre: princesanarin@hotmail.com
",,Importado el 8/12/15 1 ::: * myContacts,* Other,princesanarin@hotmail.com,,,,,,,,,,,,,,,,,,,,,,,,,,,,,,
PrincesaSahiraFarah@hotmail.com,,,,,,,,,,,,,,"Nombre: PrincesaSahiraFarah@hotmail.com
",,Importado el 8/12/15 1 ::: * myContacts,* Other,PrincesaSahiraFarah@hotmail.com,,,,,,,,,,,,,,,,,,,,,,,,,,,,,,
princesasamia@hotmail.com,,,,,,,,,,,,,,"Nombre: princesasamia@hotmail.com
",,Importado el 8/12/15 1 ::: * myContacts,* Other,princesasamia@hotmail.com,,,,,,,,,,,,,,,,,,,,,,,,,,,,,,
principegamal@yahoo.com.ar,,,,,,,,,,,,,,,,Importado el 8/12/15 1 ::: * myContacts,* Other,principegamal@yahoo.com.ar,,,,,,,,,,,,,,,,,,,,,,,,,,,,,,
print@diseniobar.com,,,,,,,,,,,,,,,,Importado el 8/12/15 1 ::: * myContacts,* Other,print@diseniobar.com,,,,,,,,,,,,,,,,,,,,,,,,,,,,,,
Printirol - Print on demand Argentina,,,,,,,,,,,,,,,,* myContacts,,,Mobile,+5491123919842,,,,,,,,,,,,,,,,,,,,,,,,,,,,
priscilatorres740@hotmail.com,,,,,,,,,,,,,,"Nombre: priscilatorres740@hotmail.com
",,Importado el 8/12/15 1 ::: * myContacts,* Other,priscilatorres740@hotmail.com,,,,,,,,,,,,,,,,,,,,,,,,,,,,,,
prodanza@yahoo.com.ar,,,,,,,,,,,,,,,,Importado el 8/12/15 1 ::: * myContacts,* Other,prodanza@yahoo.com.ar,,,,,,,,,,,,,,,,,,,,,,,,,,,,,,
producciones@danzarte.com.ar,,,,,,,,,,,,,,,,Importado el 8/12/15 1 ::: * myContacts,* Other,producciones@danzarte.com.ar,,,,,,,,,,,,,,,,,,,,,,,,,,,,,,
produccionlibertador@cba.gov.ar,,,,,,,,,,,,,,,,Importado el 8/12/15 1 ::: * myContacts,* Other,produccionlibertador@cba.gov.ar,,,,,,,,,,,,,,,,,,,,,,,,,,,,,,
produccionvaciaespacio@yahoo.com.ar,,,,,,,,,,,,,,"Nombre: produccionvaciaespacio@yahoo.com.ar
",,Importado el 8/12/15 1 ::: * myContacts,* Other,produccionvaciaespacio@yahoo.com.ar,,,,,,,,,,,,,,,,,,,,,,,,,,,,,,
Productos De Limpieza Colectora ,,,,,,,,,,,,,,,,* myContacts,,,Mobile,03484431591,,,,,,,,,,,,,,,,,,,,,,,,,,,,
productos@credicoop.com.ar,,,,,,,,,,,,,,,,Importado el 8/12/15 1 ::: * myContacts,* Other,productos@credicoop.com.ar,,,,,,,,,,,,,,,,,,,,,,,,,,,,,,
Profe De Arte,,,,,,,,,,,,,,,,* myContacts,,,Mobile,+5491157129599,,,,,,,,,,,,,,,,,,,,,,,,,,,,
profesoresmusica@elojodehorus.com.ar,,,,,,,,,,,,,,,,Importado el 8/12/15 1 ::: * myContacts,* Other,profesoresmusica@elojodehorus.com.ar,,,,,,,,,,,,,,,,,,,,,,,,,,,,,,
profoscarperez@hotmail.com,,,,,,,,,,,,,,,,Importado el 8/12/15 1 ::: * myContacts,* Other,profoscarperez@hotmail.com,,,,,,,,,,,,,,,,,,,,,,,,,,,,,,
Promail,,,,,,,,,,,,,,,,Importado el 9/12/15 ::: * myContacts,,,Mobile,40714046,,,,,,,,,,,,,,,,,,,,,,,,,,,,
prometeodanza@hotmail.com,,,,,,,,,,,,,,,,Importado el 8/12/15 1 ::: * myContacts,* Other,prometeodanza@hotmail.com,,,,,,,,,,,,,,,,,,,,,,,,,,,,,,
promocionesalsur@yahoo.com.ar,,,,,,,,,,,,,,"Nombre: promocionesalsur@yahoo.com.ar
",,Importado el 8/12/15 1 ::: * myContacts,* Other,promocionesalsur@yahoo.com.ar,,,,,,,,,,,,,,,,,,,,,,,,,,,,,,
prosound@surcon.com.ar,,,,,,,,,,,,,,"Nombre: prosound@surcon.com.ar
",,Importado el 8/12/15 1 ::: * myContacts,* Other,prosound@surcon.com.ar,,,,,,,,,,,,,,,,,,,,,,,,,,,,,,
provelica@hotmail.com,,,,,,,,,,,,,,"Nombre: provelica@hotmail.com
",,Importado el 8/12/15 1 ::: * myContacts,* Other,provelica@hotmail.com,,,,,,,,,,,,,,,,,,,,,,,,,,,,,,
proyectotango@yahoo.com.ar,,,,,,,,,,,,,,"Nombre: proyectotango@yahoo.com.ar
",,Importado el 8/12/15 1 ::: * myContacts,* Other,proyectotango@yahoo.com.ar,,,,,,,,,,,,,,,,,,,,,,,,,,,,,,
psicopablo100@hotmail.com,,,,,,,,,,,,,,"Nombre: psicopablo100@hotmail.com
",,Importado el 8/12/15 1 ::: * myContacts,* Other,psicopablo100@hotmail.com,,,,,,,,,,,,,,,,,,,,,,,,,,,,,,
psilva@prodeasa.cl,,,,,,,,,,,,,,"Nombre: psilva@prodeasa.cl
",,Importado el 8/12/15 1 ::: * myContacts,* Other,psilva@prodeasa.cl,,,,,,,,,,,,,,,,,,,,,,,,,,,,,,
ptevez@xstratacopper.com.ar,,,,,,,,,,,,,,"Nombre: ptevez@xstratacopper.com.ar
",,Importado el 8/12/15 1 ::: * myContacts,* Other,ptevez@xstratacopper.com.ar,,,,,,,,,,,,,,,,,,,,,,,,,,,,,,
Puentes IA,,,,,,,,,,Puentes,,,,,,* myContacts,,,Mobile,+59899993129 ::: +19897836837,,,,,,,,,,,,,,,,,,,,,,,,,,,,
pumaolbrich@hotmail.com,,,,,,,,,,,,,,,,Importado el 8/12/15 1 ::: * myContacts,* Other,pumaolbrich@hotmail.com,,,,,,,,,,,,,,,,,,,,,,,,,,,,,,
Punta sur robe,,,,,,,,,,,,,,,,Importado el 9/12/15 ::: * myContacts,,,Mobile,03446650258,,,,,,,,,,,,,,,,,,,,,,,,,,,,
pupimobie@hotmail.com,,,,,,,,,,,,,,"Nombre: pupimobie@hotmail.com
",,Importado el 8/12/15 1 ::: * myContacts,* Other,pupimobie@hotmail.com,,,,,,,,,,,,,,,,,,,,,,,,,,,,,,
puravidapousada@yahoo.com.br,,,,,,,,,,,,,,,,Importado el 8/12/15 1 ::: * myContacts,* Other,puravidapousada@yahoo.com.br,,,,,,,,,,,,,,,,,,,,,,,,,,,,,,
puredance69@hotmail.com,,,,,,,,,,,,,,"Nombre: puredance69@hotmail.com
",,Importado el 8/12/15 1 ::: * myContacts,* Other,puredance69@hotmail.com,,,,,,,,,,,,,,,,,,,,,,,,,,,,,,
pvalastro@cat-technologies.com,,,,,,,,,,,,,,"Nombre: pvalastro@cat-technologies.com
",,Importado el 8/12/15 1 ::: * myContacts,* Other,pvalastro@cat-technologies.com,,,,,,,,,,,,,,,,,,,,,,,,,,,,,,
pvargas@vgcpatagonica.com.ar,,,,,,,,,,,,,,"Nombre: pvargas@vgcpatagonica.com.ar
",,Importado el 8/12/15 1 ::: * myContacts,* Other,pvargas@vgcpatagonica.com.ar,,,,,,,,,,,,,,,,,,,,,,,,,,,,,,
pyokoi@uol.com.br,,,,,,,,,,,,,,,,Importado el 8/12/15 1 ::: * myContacts,* Other,pyokoi@uol.com.br,,,,,,,,,,,,,,,,,,,,,,,,,,,,,,
pyr@freedom.net.ar,,,,,,,,,,,,,,,,Importado el 8/12/15 1 ::: * myContacts,* Other,pyr@freedom.net.ar,,,,,,,,,,,,,,,,,,,,,,,,,,,,,,
pyturism@conexion.com.py,,,,,,,,,,,,,,,,Importado el 8/12/15 1 ::: * myContacts,* Other,pyturism@conexion.com.py,,,,,,,,,,,,,,,,,,,,,,,,,,,,,,
qsofia@hotmail.com,,,,,,,,,,,,,,"Nombre: qsofia@hotmail.com
",,Importado el 8/12/15 1 ::: * myContacts,* Other,qsofia@hotmail.com,,,,,,,,,,,,,,,,,,,,,,,,,,,,,,
quadrophenia2@hotmail.com,,,,,,,,,,,,,,"Nombre: quadrophenia2@hotmail.com
",,Importado el 8/12/15 1 ::: * myContacts,* Other,quadrophenia2@hotmail.com,,,,,,,,,,,,,,,,,,,,,,,,,,,,,,
quasar@persogo.com.br,,,,,,,,,,,,,,,,Importado el 8/12/15 1 ::: * myContacts,* Other,quasar@persogo.com.br,,,,,,,,,,,,,,,,,,,,,,,,,,,,,,
queen_vale@hotmail.com,,,,,,,,,,,,,,"Nombre: queen_vale@hotmail.com
",,Importado el 8/12/15 1 ::: * myContacts,* Other,queen_vale@hotmail.com,,,,,,,,,,,,,,,,,,,,,,,,,,,,,,
quelar_flamenco@hotmail.com <quelar_flamenco@hotmail.com>,,,,,,,,,,,,,,"Nombre: quelar_flamenco@hotmail.com <quelar_flamenco@hotmail.com>
",,Importado el 8/12/15 1 ::: * myContacts,* Other,quelar_flamenco@hotmail.com,,,,,,,,,,,,,,,,,,,,,,,,,,,,,,
quemerodekatheo@hotmail.com,,,,,,,,,,,,,,,,Importado el 8/12/15 1 ::: * myContacts,* Other,quemerodekatheo@hotmail.com,,,,,,,,,,,,,,,,,,,,,,,,,,,,,,
quiatoramono@hotmail.com,,,,,,,,,,,,,,"Nombre: quiatoramono@hotmail.com
",,Importado el 8/12/15 1 ::: * myContacts,* Other,quiatoramono@hotmail.com,,,,,,,,,,,,,,,,,,,,,,,,,,,,,,
Quilmes Pedidos,,Cerveza,,,,,,,,,,,,,,* myContacts,,,Mobile,+5491127772782,,,,,,,,,,,,,,,,,,,,,,,,,,,,
Quimtex Maschwitz,,,,,,,,,,Quimtex Maschwitz,,,,,,* myContacts,,,Mobile,+5491138843313,,,,,,,,,,,,,,,,,,,,,,,,,,,,
Quique,Cliente,Veterinario,,,,,,,,,,,,,,* myContacts,,,Mobile,+54 9 2320 61-5411,,,,,,,,,,,,,,,,,,,,,,,,,,,,
Quique,,Escultor,,,,,,,,,,,,,,* myContacts,,,Mobile,1130486085,,,,,,,,,,,,,,,,,,,,,,,,,,,,
Quiropráctico ,,Ingeniero Maschwitz ,,,,,,,,‎Desconocido,,,,,,* myContacts,,,Mobile,+54 9 11 3861-1420,,,,,,,,,,,,,,,,,,,,,,,,,,,,
Quiropráctico Juan Pablo,,Fuselli,,,,,,,,Avalos 2043,,,,,,* myContacts,,,Mobile,+54 11 5804-5011,,,,,,,,,,,,,,,,,,,,,,,,,,,,
quitodanza@yahoo.com.mx,,,,,,,,,,,,,,"Nombre: quitodanza@yahoo.com.mx
",,Importado el 8/12/15 1 ::: * myContacts,* Other,quitodanza@yahoo.com.mx,,,,,,,,,,,,,,,,,,,,,,,,,,,,,,
r_hompanera@hotmail.com,,,,,,,,,,,,,,"Nombre: r_hompanera@hotmail.com
",,Importado el 8/12/15 1 ::: * myContacts,* Other,r_hompanera@hotmail.com,,,,,,,,,,,,,,,,,,,,,,,,,,,,,,
r_latifah@hotmail.com <r_latifah@hotmail.com>,,,,,,,,,,,,,,"Nombre: r_latifah@hotmail.com <r_latifah@hotmail.com>
",,Importado el 8/12/15 1 ::: * myContacts,* Other,r_latifah@hotmail.com,,,,,,,,,,,,,,,,,,,,,,,,,,,,,,
r_niki_2003@yahoo.com.ar,,,,,,,,,,,,,,"Nombre: r_niki_2003@yahoo.com.ar
",,Importado el 8/12/15 1 ::: * myContacts,* Other,r_niki_2003@yahoo.com.ar,,,,,,,,,,,,,,,,,,,,,,,,,,,,,,
r_rugilo83@hotmail.com,,,,,,,,,,,,,,"Nombre: r_rugilo83@hotmail.com
",,Importado el 8/12/15 1 ::: * myContacts,* Other,r_rugilo83@hotmail.com,,,,,,,,,,,,,,,,,,,,,,,,,,,,,,
R+Viajes,,Simbron 3103,,,,,,,,,,,,,,* myContacts,,,Mobile,45052094,,,,,,,,,,,,,,,,,,,,,,,,,,,,
ra8nat@hotmail.com,,,,,,,,,,,,,,"Nombre: ra8nat@hotmail.com
",,Importado el 8/12/15 1 ::: * myContacts,* Other,ra8nat@hotmail.com,,,,,,,,,,,,,,,,,,,,,,,,,,,,,,
Raaida,Andrea,Ibañez,,,,,,,,,,,,,,* myContacts,,,Móvil,+54 9 11 5665-2339,,,,,,,,,,,,,,,,,,,,,,,,,,,,
Rabu acad,,,,,,,,,,,,,,,,Importado el 9/12/15 ::: * myContacts,,,Mobile,47551646,,,,,,,,,,,,,,,,,,,,,,,,,,,,
rabu vero,,,,,,,,,,,,,,,,* myContacts,,,Mobile,011-560-98815,,,,,,,,,,,,,,,,,,,,,,,,,,,,
rachel_03@hotmail.com,,,,,,,,,,,,,,"Nombre: rachel_03@hotmail.com
",,Importado el 8/12/15 1 ::: * myContacts,* Other,rachel_03@hotmail.com,,,,,,,,,,,,,,,,,,,,,,,,,,,,,,
Radio La Red,,,,,,,,,,,,,,,,* myContacts,,,Mobile,+54 11 2324-2222,,,,,,,,,,,,,,,,,,,,,,,,,,,,
Rafael Envios,En,Moto,,,,,,,,,,,,,,* myContacts,,,Mobile,11 3264-6774,,,,,,,,,,,,,,,,,,,,,,,,,,,,
rafaelatamborini@hot,,,,,,,,,,,,,,"Nombre: rafaelatamborini@hot
",,Importado el 8/12/15 1 ::: * myContacts,* Other,rafaelatamborini@hotmail.com,,,,,,,,,,,,,,,,,,,,,,,,,,,,,,
raffykm@hotmail.com,,,,,,,,,,,,,,"Nombre: raffykm@hotmail.com
",,Importado el 8/12/15 1 ::: * myContacts,* Other,raffykm@hotmail.com,,,,,,,,,,,,,,,,,,,,,,,,,,,,,,
raicessalamanca@aol.com.,,,,,,,,,,,,,,"Nombre: raicessalamanca@aol.com.
",,Importado el 8/12/15 1 ::: * myContacts,* Other,raicessalamanca@aol.com.ar,,,,,,,,,,,,,,,,,,,,,,,,,,,,,,
raissa@arnet.com.ar,,,,,,,,,,,,,,"Nombre: raissa@arnet.com.ar
",,Importado el 8/12/15 1 ::: * myContacts,* Other,raissa@arnet.com.ar,,,,,,,,,,,,,,,,,,,,,,,,,,,,,,
raiz_c_c@hotmail.com,,,,,,,,,,,,,,"Nombre: raiz_c_c@hotmail.com
",,Importado el 8/12/15 1 ::: * myContacts,* Other,raiz_c_c@hotmail.com,,,,,,,,,,,,,,,,,,,,,,,,,,,,,,
rakadu@hotmail.com,,,,,,,,,,,,,,,,Importado el 8/12/15 1 ::: * myContacts,* Other,rakadu@hotmail.com,,,,,,,,,,,,,,,,,,,,,,,,,,,,,,
raks_al_hawanem@yahoo.com,,,,,,,,,,,,,,"Nombre: raks_al_hawanem@yahoo.com
",,Importado el 8/12/15 1 ::: * myContacts,* Other,raks_al_hawanem@yahoo.com,,,,,,,,,,,,,,,,,,,,,,,,,,,,,,
rakshandarashi@yahoo.com.ar,,,,,,,,,,,,,,"Nombre: rakshandarashi@yahoo.com.ar
",,Importado el 8/12/15 1 ::: * myContacts,* Other,rakshandarashi@yahoo.com.ar,,,,,,,,,,,,,,,,,,,,,,,,,,,,,,
ralonso@americantracer.com,,,,,,,,,,,,,,,,Importado el 8/12/15 1 ::: * myContacts,* Other,ralonso@americantracer.com,,,,,,,,,,,,,,,,,,,,,,,,,,,,,,
rama_elfacha@hotmail.com,,,,,,,,,,,,,,"Nombre: rama_elfacha@hotmail.com
",,Importado el 8/12/15 1 ::: * myContacts,* Other,rama_elfacha@hotmail.com,,,,,,,,,,,,,,,,,,,,,,,,,,,,,,
Ramiro,,Cliente,,,,,,,,,,,,,,* myContacts,,,Mobile,+54 9 11 4915-5079,,,,,,,,,,,,,,,,,,,,,,,,,,,,
Ramiro Manejo De Redes,,"Echazu $750000 5/25. Te paso el presupuesto de la agencia
Abono de Redes desde $600.000
Abono Campaña de Google $300.000
Abono de Campaña de Google ´+ Redes $750.000",,,,,,,,,,,,,,* myContacts,,,Mobile,+5491141792808,,,,,,,,,,,,,,,,,,,,,,,,,,,,
ramiro466@hotmail.com,,,,,,,,,,,,,,"Nombre: ramiro466@hotmail.com
",,Importado el 8/12/15 1 ::: * myContacts,* Other,ramiro466@hotmail.com,,,,,,,,,,,,,,,,,,,,,,,,,,,,,,
Ramón Cliente 2023,,,,,,,,,,,,,,,,* myContacts,,,Mobile,11 3030-6309,,,,,,,,,,,,,,,,,,,,,,,,,,,,
Ramona,,,,,,,,,,,,,,"Nombre: Ramona
",,Importado el 8/12/15 1 ::: * myContacts,* Other,ramo25arabe@yahoo.com.ar,,,,,,,,,,,,,,,,,,,,,,,,,,,,,,
ramosguill@hotmail.com,,,,,,,,,,,,,,"Nombre: ramosguill@hotmail.com
",,Importado el 8/12/15 1 ::: * myContacts,* Other,ramosguill@hotmail.com,,,,,,,,,,,,,,,,,,,,,,,,,,,,,,
randajreij@hotmail.com,,,,,,,,,,,,,,"Nombre: randajreij@hotmail.com
",,Importado el 8/12/15 1 ::: * myContacts,* Other,randajreij@hotmail.com,,,,,,,,,,,,,,,,,,,,,,,,,,,,,,
ranga-danza@fibertel.com.ar,,,,,,,,,,,,,,"Nombre: ranga-danza@fibertel.com.ar
",,Importado el 8/12/15 1 ::: * myContacts,* Other,ranga-danza@fibertel.com.ar,,,,,,,,,,,,,,,,,,,,,,,,,,,,,,
rania@raniabellydance.com,,,,,,,,,,,,,,"Nombre: rania@raniabellydance.com
",,Importado el 8/12/15 1 ::: * myContacts,* Other,rania@raniabellydance.com,,,,,,,,,,,,,,,,,,,,,,,,,,,,,,
rapettidaniela@yahoo.com.ar,,,,,,,,,,,,,,"Nombre: rapettidaniela@yahoo.com.ar
",,Importado el 8/12/15 1 ::: * myContacts,* Other,rapettidaniela@yahoo.com.ar,,,,,,,,,,,,,,,,,,,,,,,,,,,,,,
Rappi,,Santi,,,,,,,,,,,,,,* myContacts,,,Mobile,+54 9 11 5517-7114,,,,,,,,,,,,,,,,,,,,,,,,,,,,
Raquel Inés Lacsi,,,,,,,,,,,,,,"Nombre: Raquel Inés Lacsi
",,Importado el 8/12/15 1 ::: * myContacts,* Other,lacsiraquelciadjuy8@gmail.com,,,,,,,,,,,,,,,,,,,,,,,,,,,,,Profile,http://www.google.com/profiles/107799681114722465686
raquellacsi@hotmail.com,,,,,,,,,,,,,,"Nombre: raquellacsi@hotmail.com
",,Importado el 8/12/15 1 ::: * myContacts,* Other,raquellacsi@hotmail.com,,,,,,,,,,,,,,,,,,,,,,,,,,,,,,
raquellacsi@yahoo.com,,,,,,,,,,,,,,"Nombre: raquellacsi@yahoo.com
",,Importado el 8/12/15 1 ::: * myContacts,* Other,raquellacsi@yahoo.com,,,,,,,,,,,,,,,,,,,,,,,,,,,,,,
raquelsagasti@hotmail.com,,,,,,,,,,,,,,,,Importado el 8/12/15 1 ::: * myContacts,* Other,raquelsagasti@hotmail.com,,,,,,,,,,,,,,,,,,,,,,,,,,,,,,
raquelvega@yahoo.com,,,,,,,,,,,,,,"Nombre: raquelvega@yahoo.com
",,Importado el 8/12/15 1 ::: * myContacts,* Other,raquelvega@yahoo.com,,,,,,,,,,,,,,,,,,,,,,,,,,,,,,
Rascelly Cliente 2024,,,,,,,,,,,,,,,,* myContacts,,,Mobile,+5491123678443,,,,,,,,,,,,,,,,,,,,,,,,,,,,
RAUL,,,,,,,,,,,,,,"Nombre: RAUL
",,Importado el 8/12/15 1 ::: * myContacts,* Other,rartola@ciudad.com.ar,,,,,,,,,,,,,,,,,,,,,,,,,,,,,,
Raul (Mesa Con Bancosl,,G Catan,,,,,,,,,,,,,,* myContacts,,,Mobile,11 3906-5450,,,,,,,,,,,,,,,,,,,,,,,,,,,,
Raul Cliente 2022,,Suarez,,,,,,,,,,,,,,* myContacts,,,Mobile,+54 9 11 4089-5977,,,,,,,,,,,,,,,,,,,,,,,,,,,,
raulgonza45@hotmail.com,,,,,,,,,,,,,,,,Importado el 8/12/15 1 ::: * myContacts,* Other,raulgonza45@hotmail.com,,,,,,,,,,,,,,,,,,,,,,,,,,,,,,
rauloliva1068@hotmai,,,,,,,,,,,,,,"Nombre: rauloliva1068@hotmai
",,Importado el 8/12/15 1 ::: * myContacts,* Other,rauloliva1068@hotmail.com,,,,,,,,,,,,,,,,,,,,,,,,,,,,,,
raulrebori@ciudad.com.ar,,,,,,,,,,,,,,"Nombre: raulrebori@ciudad.com.ar
",,Importado el 8/12/15 1 ::: * myContacts,* Other,raulrebori@ciudad.com.ar,,,,,,,,,,,,,,,,,,,,,,,,,,,,,,
raulsmonti@movi.com.ar,,,,,,,,,,,,,,"Nombre: raulsmonti@movi.com.ar
",,Importado el 8/12/15 1 ::: * myContacts,* Other,raulsmonti@movi.com.ar,,,,,,,,,,,,,,,,,,,,,,,,,,,,,,
razieljunin@hotmail....,,,,,,,,,,,,,,"Nombre: razieljunin@hotmail....
",,Importado el 8/12/15 1 ::: * myContacts,* Other,razieljunin@hotmail.com,,,,,,,,,,,,,,,,,,,,,,,,,,,,,,
rbalda@agua.capex.com.ar,,,,,,,,,,,,,,"Nombre: rbalda@agua.capex.com.ar
",,Importado el 8/12/15 1 ::: * myContacts,* Other,rbalda@agua.capex.com.ar,,,,,,,,,,,,,,,,,,,,,,,,,,,,,,
rcgonzalo@hotmail.com,,,,,,,,,,,,,,"Nombre: rcgonzalo@hotmail.com
",,Importado el 8/12/15 1 ::: * myContacts,* Other,rcgonzalo@hotmail.com,,,,,,,,,,,,,,,,,,,,,,,,,,,,,,
rdariof@libero.it,,,,,,,,,,,,,,"Nombre: rdariof@libero.it
",,Importado el 8/12/15 1 ::: * myContacts,* Other,rdariof@libero.it,,,,,,,,,,,,,,,,,,,,,,,,,,,,,,
Recepcion@icap.com.ar,,,,,,,,,,,,,,"Nombre: Recepcion@icap.com.ar
",,Importado el 8/12/15 1 ::: * myContacts,* Other,Recepcion@icap.com.ar,,,,,,,,,,,,,,,,,,,,,,,,,,,,,,
Rectificadora,,Garin,,,,,,,,Rectificadora Garin,,,,,,* myContacts,,,Mobile,+5491169925580,,,,,,,,,,,,,,,,,,,,,,,,,,,,
Recycled Parts,,Casa De Respuestos ,,,,,,,,Recycled Parts,,,,,,* myContacts,,,Mobile,+54 9 11 3302-8833,,,,,,,,,,,,,,,,,,,,,,,,,,,,
Refix,,Revestimientos,,,,,,,,,,,,,,* myContacts,,,Mobile,11 6365-7327,Work,11 2153-3825,,,Home,Fondo De La Legua 2374 Martinez,2374 Fondo De La Legua,Martinez,,,,AR,,,,,,,,,,,,,,,,
Regina Garcia,,,,,,,,,,,,,,"Nombre: Regina Garcia
",,Importado el 8/12/15 1 ::: * myContacts,* Other,vevveina@hotmail.com,,,,,,,,,,,,,,,,,,,,,,,,,,,,,,
registroakasico@yahoo.com.ar,,,,,,,,,,,,,,,,Importado el 8/12/15 1 ::: * myContacts,* Other,registroakasico@yahoo.com.ar,,,,,,,,,,,,,,,,,,,,,,,,,,,,,,
Remis David Iguazu,,,,,,,,,,,,,,,,* myContacts,,,Mobile,+54 3757 31-6169,,,,,,,,,,,,,,,,,,,,,,,,,,,,
REMIS LAS CALANDRIAS,,Iguazu,,,,,,,,REMIS LAS CALANDRIAS,,,,,,* myContacts,,,Mobile,+54 9 3757 61-5211,,,,,,,,,,,,,,,,,,,,,,,,,,,,
renata Cliente 2024,,,,,,,,,,,,,,,,* myContacts,,,Mobile,+5491122760211,,,,,,,,,,,,,,,,,,,,,,,,,,,,
renatagirodo@hotmail.com,,,,,,,,,,,,,,"Nombre: renatagirodo@hotmail.com
",,Importado el 8/12/15 1 ::: * myContacts,* Other,renatagirodo@hotmail.com,,,,,,,,,,,,,,,,,,,,,,,,,,,,,,
Renato,,(Facundo),,,,,,,,,,,,,,* myContacts,,,Móvil,+54 9 232 230-53,,,,,,,,,,,,,,,,,,,,,,,,,,,,
Renato Amigo,De,Facundo,,,,,,,,,,,,,,* myContacts,,,Mobile,1123223053,,,,,,,,,,,,,,,,,,,,,,,,,,,,
Renato,Cliente,Cliente 2020,,,,,,,,,,,,,,* myContacts,,,Mobile,+5491158481307,,,,,,,,,,,,,,,,,,,,,,,,,,,,
rendija@prodigy.net.mx,,,,,,,,,,,,,,,,Importado el 8/12/15 1 ::: * myContacts,* Other,rendija@prodigy.net.mx,,,,,,,,,,,,,,,,,,,,,,,,,,,,,,
Renzo Cliente,2021×,Hells,,,,,,,,,,,,,,* myContacts,,,Mobile,+54 9 11 3772-0745,,,,,,,,,,,,,,,,,,,,,,,,,,,,
requiem_c@hotmail.com,,,,,,,,,,,,,,,,Importado el 8/12/15 1 ::: * myContacts,* Other,requiem_c@hotmail.com,,,,,,,,,,,,,,,,,,,,,,,,,,,,,,
Residencia Internacional,,Mariana,,,,,,,,,,,,,,* myContacts,,,Mobile,47202585,,,,,,,,,,,,,,,,,,,,,,,,,,,,
Restaurante Justo Jose Termas,,Concepción Del Uruguay,,,,,,,,,,,,,,* myContacts,,,Mobile,+5493442566016,,,,,,,,,,,,,,,,,,,,,,,,,,,,
Resto fairuz,,,,,,,,,,,,,,,,* myContacts,,,Mobile,1155622626,,,,,,,,,,,,,,,,,,,,,,,,,,,,
Retiro De Aceite,,Nahuel La Nueva Fortaleza,,,,,,,,,,,,,,* myContacts,,,Mobile,+5491137966337,,,,,,,,,,,,,,,,,,,,,,,,,,,,
Retiro de encomiendas (La veloz del,norte,),,,,,,Roberto,,,,,,,,* myContacts,,,Mobile,11 4313-0824,,,,,,,,,,,,,,,,,,,,,,,,,,,,
revistavilma@hotmail.com,,,,,,,,,,,,,,"Nombre: revistavilma@hotmail.com
",,Importado el 8/12/15 1 ::: * myContacts,* Other,revistavilma@hotmail.com,,,,,,,,,,,,,,,,,,,,,,,,,,,,,,
reyboveri@arnet.com.ar,,,,,,,,,,,,,,"Nombre: reyboveri@arnet.com.ar
",,Importado el 8/12/15 1 ::: * myContacts,* Other,reyboveri@arnet.com.ar,,,,,,,,,,,,,,,,,,,,,,,,,,,,,,
reydecopas_locura@hotmail.com,,,,,,,,,,,,,,"Nombre: reydecopas_locura@hotmail.com
",,Importado el 8/12/15 1 ::: * myContacts,* Other,reydecopas_locura@hotmail.com,,,,,,,,,,,,,,,,,,,,,,,,,,,,,,
rfcostaguta@yahoo.com,,,,,,,,,,,,,,,,Importado el 8/12/15 1 ::: * myContacts,* Other,rfcostaguta@yahoo.com,,,,,,,,,,,,,,,,,,,,,,,,,,,,,,
RG,,Electricidad,,,,,,,,,Tucuman 2649,,,,,* myContacts,,,Mobile,11 2858-4722,,,,,,,,,,,,,,,,,,,,,,,,,,,,
Rhamza,,,,,,,,,,,,,,"Nombre: Rhamza
",,Importado el 8/12/15 1 ::: * myContacts,* Other,rhamza@rhamza.com.br,,,,,,,,,,,,,,,,,,,,,,,,,,,,,,
rhastings@heuristika.com,,,,,,,,,,,,,,,,Importado el 8/12/15 1 ::: * myContacts,* Other,rhastings@heuristika.com,,,,,,,,,,,,,,,,,,,,,,,,,,,,,,
rhitmus@infolink.com.br,,,,,,,,,,,,,,,,Importado el 8/12/15 1 ::: * myContacts,* Other,rhitmus@infolink.com.br,,,,,,,,,,,,,,,,,,,,,,,,,,,,,,
riba91@hotmail.com,,,,,,,,,,,,,,"Nombre: riba91@hotmail.com
",,Importado el 8/12/15 1 ::: * myContacts,* Other,riba91@hotmail.com,,,,,,,,,,,,,,,,,,,,,,,,,,,,,,
Ricardo,,,,,,,,,,,,,,"Nombre: Ricardo
",,Importado el 8/12/15 1 ::: * myContacts,* Other,panizzaricardo@gmail.com,,,,,,,,,,,,,,,,,,,,,,,,,,,,,,
Ricardo,,,,,,,,,,,,,,,,Importado el 8/12/15 1 ::: * myContacts,* Other,rickydeairesbuenos@hotmail.com,,,,,,,,,,,,,,,,,,,,,,,,,,,,,,
Ricardo,Cliente,2020,,,,,,,,,,,,,,* myContacts,,,Mobile,+54 9 11 6730-7195,,,,,,,,,,,,,,,,,,,,,,,,,,,,
Ricardo 康天 MTC,,Medicina China,,,,,,,,Ric 康天 MTC,,,,,,* myContacts,,,Mobile,+8613276618966,,,,,,,,,,,,,,,,,,,,,,,,,,,,
ricardocasacci@hotmail.com,,,,,,,,,,,,,,"Nombre: ricardocasacci@hotmail.com
",,Importado el 8/12/15 1 ::: * myContacts,* Other,ricardocasacci@hotmail.com,,,,,,,,,,,,,,,,,,,,,,,,,,,,,,
ricardolopezvon@hotmail.com,,,,,,,,,,,,,,"Nombre: ricardolopezvon@hotmail.com
",,Importado el 8/12/15 1 ::: * myContacts,* Other,ricardolopezvon@hotmail.com,,,,,,,,,,,,,,,,,,,,,,,,,,,,,,
ricardomoli@yahoo.com.ar,,,,,,,,,,,,,,"Nombre: ricardomoli@yahoo.com.ar
",,Importado el 8/12/15 1 ::: * myContacts,* Other,ricardomoli@yahoo.com.ar,,,,,,,,,,,,,,,,,,,,,,,,,,,,,,
ricardopanizza@gmail.com,,,,,,,,,,,,,,,,Importado el 8/12/15 1 ::: * myContacts,* Other,ricardopanizza@gmail.com,,,,,,,,,,,,,,,,,,,,,,,,,,,,,,
ricardopanizza@rpdesing.com.ar,,,,,,,,,,,,,,,,Importado el 8/12/15 1 ::: * myContacts,* Other,ricardopanizza@rpdesing.com.ar,,,,,,,,,,,,,,,,,,,,,,,,,,,,,,
Richard Amigo De Emi,Y,Sol,,,,,,,,,,,,,,* myContacts,,,Mobile,+54 9 11 6045-9996,,,,,,,,,,,,,,,,,,,,,,,,,,,,
richvaxia@hotmail.com,,,,,,,,,,,,,,"Nombre: richvaxia@hotmail.com
",,Importado el 8/12/15 1 ::: * myContacts,* Other,richvaxia@hotmail.com,,,,,,,,,,,,,,,,,,,,,,,,,,,,,,
rickhunter39@hotmail,,,,,,,,,,,,,,"Nombre: rickhunter39@hotmail
",,Importado el 8/12/15 1 ::: * myContacts,* Other,rickhunter39@hotmail.com,,,,,,,,,,,,,,,,,,,,,,,,,,,,,,
Ricky Flete Frigorífico Andres,,,,,,,,,,,,,,,,* myContacts,,,Mobile,+5491127657771,,,,,,,,,,,,,,,,,,,,,,,,,,,,
ricky730_82@hotmail.com,,,,,,,,,,,,,,"Nombre: ricky730_82@hotmail.com
",,Importado el 8/12/15 1 ::: * myContacts,* Other,ricky730_82@hotmail.com,,,,,,,,,,,,,,,,,,,,,,,,,,,,,,
rickypashkus@fibertel.com.ar,,,,,,,,,,,,,,"Nombre: rickypashkus@fibertel.com.ar
",,Importado el 8/12/15 1 ::: * myContacts,* Other,rickypashkus@fibertel.com.ar,,,,,,,,,,,,,,,,,,,,,,,,,,,,,,
rimoldi_pino@hotmail.com,,,,,,,,,,,,,,"Nombre: rimoldi_pino@hotmail.com
",,Importado el 8/12/15 1 ::: * myContacts,* Other,rimoldi_pino@hotmail.com,,,,,,,,,,,,,,,,,,,,,,,,,,,,,,
Rincon,,,,,,,,,,,,,,"Nombre: Rincon
",,Importado el 8/12/15 1 ::: * myContacts,* Other,rinconteatral@yahoo.com.ar,,,,,,,,,,,,,,,,,,,,,,,,,,,,,,
rioazul_fawzi@ciudad.com.ar,,,,,,,,,,,,,,,,Importado el 8/12/15 1 ::: * myContacts,* Other,rioazul_fawzi@ciudad.com.ar,,,,,,,,,,,,,,,,,,,,,,,,,,,,,,
riossaiz@hotmail.com,,,,,,,,,,,,,,"Nombre: riossaiz@hotmail.com
",,Importado el 8/12/15 1 ::: * myContacts,* Other,riossaiz@hotmail.com,,,,,,,,,,,,,,,,,,,,,,,,,,,,,,
rita,,,,,,,,,,,,,,"Nombre: rita
",,Importado el 8/12/15 1 ::: * myContacts,* Other,cariderita@hotmail.com,,,,,,,,,,,,,,,,,,,,,,,,,,,,,,
Rita Cliente 2022,Comaros,Gartner,,,,,,,,,,,,,,* myContacts,,,Mobile,+54 9 223 437-3823,,,,,,,,,,,,,,,,,,,,,,,,,,,,
ritaandriossi@yahoo.com,,,,,,,,,,,,,,"Nombre: ritaandriossi@yahoo.com
",,Importado el 8/12/15 1 ::: * myContacts,* Other,ritaandriossi@yahoo.com,,,,,,,,,,,,,,,,,,,,,,,,,,,,,,
ritabmendez4@hotmail.com,,,,,,,,,,,,,,"Nombre: ritabmendez4@hotmail.com
",,Importado el 8/12/15 1 ::: * myContacts,* Other,ritabmendez4@hotmail.com,,,,,,,,,,,,,,,,,,,,,,,,,,,,,,
rivacarla70@hotmail.com,,,,,,,,,,,,,,"Nombre: rivacarla70@hotmail.com
",,Importado el 8/12/15 1 ::: * myContacts,* Other,rivacarla70@hotmail.com,,,,,,,,,,,,,,,,,,,,,,,,,,,,,,
rivadeneira_lelia@hotmail.com.ar,,,,,,,,,,,,,,"Nombre: rivadeneira_lelia@hotmail.com.ar
",,Importado el 8/12/15 1 ::: * myContacts,* Other,rivadeneira_lelia@hotmail.com.ar,,,,,,,,,,,,,,,,,,,,,,,,,,,,,,
rivas_192@hotmail.com,,,,,,,,,,,,,,"Nombre: rivas_192@hotmail.com
",,Importado el 8/12/15 1 ::: * myContacts,* Other,rivas_192@hotmail.com,,,,,,,,,,,,,,,,,,,,,,,,,,,,,,
Rizzi,,,,,,,,,,,,,,"Nombre: Rizzi
",,Importado el 8/12/15 1 ::: * myContacts,* Other,leoymona@infovia.com.ar,,,,,,,,,,,,,,,,,,,,,,,,,,,,,,
rkazelian@hotmail.com,,,,,,,,,,,,,,"Nombre: rkazelian@hotmail.com
",,Importado el 8/12/15 1 ::: * myContacts,* Other,rkazelian@hotmail.com,,,,,,,,,,,,,,,,,,,,,,,,,,,,,,
rmabdelahad@hotmail.com,,,,,,,,,,,,,,,,Importado el 8/12/15 1 ::: * myContacts,* Other,rmabdelahad@hotmail.com,,,,,,,,,,,,,,,,,,,,,,,,,,,,,,
ro_cool427@hotmail.com,,,,,,,,,,,,,,"Nombre: ro_cool427@hotmail.com
",,Importado el 8/12/15 1 ::: * myContacts,* Other,ro_cool427@hotmail.com,,,,,,,,,,,,,,,,,,,,,,,,,,,,,,
ro_yo_15_buky@hotmail.com,,,,,,,,,,,,,,"Nombre: ro_yo_15_buky@hotmail.com
",,Importado el 8/12/15 1 ::: * myContacts,* Other,ro_yo_15_buky@hotmail.com,,,,,,,,,,,,,,,,,,,,,,,,,,,,,,
ro-2000@hotmail.com,,,,,,,,,,,,,,"Nombre: ro-2000@hotmail.com
",,Importado el 8/12/15 1 ::: * myContacts,* Other,ro-2000@hotmail.com,,,,,,,,,,,,,,,,,,,,,,,,,,,,,,
robertagutie@yahoo.com.ar <robertagutie@yahoo.com.ar>,,,,,,,,,,,,,,"Nombre: robertagutie@yahoo.com.ar <robertagutie@yahoo.com.ar>
",,Importado el 8/12/15 1 ::: * myContacts,* Other,robertagutie@yahoo.com.ar,,,,,,,,,,,,,,,,,,,,,,,,,,,,,,
Roberto Albañil,,,,,,,,,,,,,,,,Importado el 8/12/15 1 ::: * myContacts,,,Home,1-523-167-267,,,,,,,,,,,,,,,,,,,,,,,,,,,,
Roberto,,Cáceres Inmobiliaria,,,,,,,,,,,,,,* myContacts,,,Mobile,+5491154829388,,,,,,,,,,,,,,,,,,,,,,,,,,,,
Roberto Cliente 2022 Musico,,La Pajarola Banda ,,,,,,,,,,,,,,* myContacts,,,Mobile,1130975872,,,,,,,,,,,,,,,,,,,,,,,,,,,,
Roberto,,Danelli,,,,,,,,,,,,,,* myContacts,,,Mobile,11 5417-6711,,,,,,,,,,,,,,,,,,,,,,,,,,,,
Roberto,Marzano,Cliente,,,,,,,,Roberto Marzano,,,,,,* myContacts,,,Mobile,+54 9 11 6423-8888,,,,,,,,,,,,,,,,,,,,,,,,,,,,
robertoale@revistaarabe.com.ar <robertoale@revistaarabe.com.ar>,,,,,,,,,,,,,,"Nombre: robertoale@revistaarabe.com.ar <robertoale@revistaarabe.com.ar>
",,Importado el 8/12/15 1 ::: * myContacts,* Other,robertoale@revistaarabe.com.ar,,,,,,,,,,,,,,,,,,,,,,,,,,,,,,
robertocarloslagos@yahoo.com.ar,,,,,,,,,,,,,,"Nombre: robertocarloslagos@yahoo.com.ar
",,Importado el 8/12/15 1 ::: * myContacts,* Other,robertocarloslagos@yahoo.com.ar,,,,,,,,,,,,,,,,,,,,,,,,,,,,,,
robertorubinich@fibertel.com.ar,,,,,,,,,,,,,,"Nombre: robertorubinich@fibertel.com.ar
",,Importado el 8/12/15 1 ::: * myContacts,* Other,robertorubinich@fibertel.com.ar,,,,,,,,,,,,,,,,,,,,,,,,,,,,,,
robimurillo@hotmail.com,,,,,,,,,,,,,,"Nombre: robimurillo@hotmail.com
",,Importado el 8/12/15 1 ::: * myContacts,* Other,robimurillo@hotmail.com,,,,,,,,,,,,,,,,,,,,,,,,,,,,,,
Robin Alumno,,,,,,,,,,,,,,"Nombre: Robin Alumno
",,Importado el 8/12/15 1 ::: * myContacts,* Other,drrispo@yahoo.com.ar,,,,,,,,,,,,,,,,,,,,,,,,,,,,,,
robinsier@hotmail.co,,,,,,,,,,,,,,"Nombre: robinsier@hotmail.co
",,Importado el 8/12/15 1 ::: * myContacts,* Other,robinsier@hotmail.com,,,,,,,,,,,,,,,,,,,,,,,,,,,,,,
Roc Heladería Iceland,,,,,,,,,,,,,,,,* myContacts,,,Mobile,+5491168524340,,,,,,,,,,,,,,,,,,,,,,,,,,,,
roccopatricia@yahoo.com.ar,,,,,,,,,,,,,,"Nombre: roccopatricia@yahoo.com.ar
",,Importado el 8/12/15 1 ::: * myContacts,* Other,roccopatricia@yahoo.com.ar,,,,,,,,,,,,,,,,,,,,,,,,,,,,,,
rochi_girl_06@hotmail.com,,,,,,,,,,,,,,"Nombre: rochi_girl_06@hotmail.com
",,Importado el 8/12/15 1 ::: * myContacts,* Other,rochi_girl_06@hotmail.com,,,,,,,,,,,,,,,,,,,,,,,,,,,,,,
rochicienta_condorito@hotmail.com,,,,,,,,,,,,,,"Nombre: rochicienta_condorito@hotmail.com
",,Importado el 8/12/15 1 ::: * myContacts,* Other,rochicienta_condorito@hotmail.com,,,,,,,,,,,,,,,,,,,,,,,,,,,,,,
rochu_arusat_03@hotmail.com,,,,,,,,,,,,,,"Nombre: rochu_arusat_03@hotmail.com
",,Importado el 8/12/15 1 ::: * myContacts,* Other,rochu_arusat_03@hotmail.com,,,,,,,,,,,,,,,,,,,,,,,,,,,,,,
rochuslh_gryff@hotmail.com,,,,,,,,,,,,,,,,Importado el 8/12/15 1 ::: * myContacts,* Other,rochuslh_gryff@hotmail.com,,,,,,,,,,,,,,,,,,,,,,,,,,,,,,
rochy_mr@hotmail.com,,,,,,,,,,,,,,"Nombre: rochy_mr@hotmail.com
",,Importado el 8/12/15 1 ::: * myContacts,* Other,rochy_mr@hotmail.com,,,,,,,,,,,,,,,,,,,,,,,,,,,,,,
Rocio Acompañante De Mama,,,,,,,,,,,,,,,,* myContacts,,,Mobile,+5491138899506,,,,,,,,,,,,,,,,,,,,,,,,,,,,
Rocio Alumna Hija,De,Andrea,,,,,,,,,,,,,,* myContacts,,,Mobile,+54 9 11 3877-8313,,,,,,,,,,,,,,,,,,,,,,,,,,,,
Rocío Cliente 2023 Beretta💖,,,,,,,,,,,,,,,,* myContacts,,,Mobile,+5493484370912,,,,,,,,,,,,,,,,,,,,,,,,,,,,
Rocio Cliente 2034,,,,,,,,,,,,,,,,* myContacts,,,Mobile,+5491159499773,,,,,,,,,,,,,,,,,,,,,,,,,,,,
rocio corraro,,corraro,,,,,,,,,,,,"Nombre: rocio
",,Importado el 8/12/15 1 ::: * myContacts,* Other,hadassol2005@hotmail.com,,,,,,,,,,,,,,,,,,,,,,,,,,,,,,
Rocio,Distribuidor,Garbanzos,,,,,,,,,,,,,,* myContacts,,,Móvil,+54 9 11 2788-3735,,,,,,,,,,,,,,,,,,,,,,,,,,,,
Rocio Hermana De Sofia,,Compañera De Clara,,,,,,,,,,,,,,* myContacts,,,Mobile,+5491156375805,,,,,,,,,,,,,,,,,,,,,,,,,,,,
Rocio Limpieza Maschwitz,,,,,,,,,,,,,,,,* myContacts,,,Mobile,+54 11 6518-2159,,,,,,,,,,,,,,,,,,,,,,,,,,,,
Rocio Lucas Peralta,Lucas( Bar Colectivo),Peralta,,,,,,,,,,,,,,* myContacts,,,Móvil,+54 9 11 3920-6920,,,,,,,,,,,,,,,,,,,,,,,,,,,,
Rocio,,rochet,,,,,,,,,,,,,,* myContacts,,,Mobile,011-328-50942 ::: +5491132850942,,,,,,,,,,,,,,,,,,,,,,,,,,,,
rociolascano@yahoo.com.ar,,,,,,,,,,,,,,"Nombre: rociolascano@yahoo.com.ar
",,Importado el 8/12/15 1 ::: * myContacts,* Other,rociolascano@yahoo.com.ar,,,,,,,,,,,,,,,,,,,,,,,,,,,,,,
rodatecnica@hotmail.com,,,,,,,,,,,,,,"Nombre: rodatecnica@hotmail.com
",,Importado el 8/12/15 1 ::: * myContacts,* Other,rodatecnica@hotmail.com,,,,,,,,,,,,,,,,,,,,,,,,,,,,,,
Rodolfo Cliente 2024,,,,,,,,,,,,,,,,* myContacts,,,Mobile,+5491163085461,,,,,,,,,,,,,,,,,,,,,,,,,,,,
rodolfonastal@arnet.com.ar,,,,,,,,,,,,,,"Nombre: rodolfonastal@arnet.com.ar
",,Importado el 8/12/15 1 ::: * myContacts,* Other,rodolfonastal@arnet.com.ar,,,,,,,,,,,,,,,,,,,,,,,,,,,,,,
rodolfosarquis@yahoo.com,,,,,,,,,,,,,,,,Importado el 8/12/15 1 ::: * myContacts,* Other,rodolfosarquis@yahoo.com,,,,,,,,,,,,,,,,,,,,,,,,,,,,,,
Rodrigo,,,,,,,,,,,,,,"Nombre: Rodrigo
",,Importado el 8/12/15 1 ::: * myContacts,* Other,cathedraloftears@yahoo.com,,,,,,,,,,,,,,,,,,,,,,,,,,,,,,
Rodrigo Ankas,Del,Sur,,,,,,,,,,,,,,* myContacts,,,Móvil,+54 9 11 6011-1355,,,,,,,,,,,,,,,,,,,,,,,,,,,,
Rodrigo Araucarias 53 Inqui Ceibos,,(Lucas),,,,,,,,,,,,,,* myContacts,,,Mobile,+5491138120580,,,,,,,,,,,,,,,,,,,,,,,,,,,,
Rodrigo Cliente 2022,,,,,,,,,,,,,,,,* myContacts,,,Mobile,+54 9 11 5596-3512,,,,,,,,,,,,,,,,,,,,,,,,,,,,
Rodrigo Cliente 2022,,Góngora,,,,,,,,,,,,,,* myContacts,,,Mobile,+54 9 11 3913-3283,,,,,,,,,,,,,,,,,,,,,,,,,,,,
Rodrigo,Electricista,(Luciano),,,,,,,,,,,,,,* myContacts,,,Celular,+54 9 11 6849-0545,,,,,,,,,,,,,,,,,,,,,,,,,,,,
Rodrigo Empleado Lucas,,,,,,,,,,,,,,,,* myContacts,,,Mobile,1171279934,,,,,,,,,,,,,,,,,,,,,,,,,,,,
Rodrigo Hernan,,,,,,,,,,,,,,"Nombre: Rodrigo Hernan
",,Importado el 8/12/15 1 ::: * myContacts,* Other,pataguema@hotmail.com,,,,,,,,,,,,,,,,,,,,,,,,,,,,,,
Rodrigo Hrno Nico,,Lucas,,,,,,,,,,,,,,* myContacts,,,Mobile,+54 11 7127-9934,,,,,,,,,,,,,,,,,,,,,,,,,,,,
Rodrigo Xanadu,,,,,,,,,,,,,,,,* myContacts,,,Home,+5491131524154,,,,,,,,,,,,,,,,,,,,,,,,,,,,
rodrigo_2831@hotmail.com,,,,,,,,,,,,,,"Nombre: rodrigo_2831@hotmail.com
",,Importado el 8/12/15 1 ::: * myContacts,* Other,rodrigo_2831@hotmail.com,,,,,,,,,,,,,,,,,,,,,,,,,,,,,,
rodrigo.el.intoxicado@hotmail.com,,,,,,,,,,,,,,"Nombre: rodrigo.el.intoxicado@hotmail.com
",,Importado el 8/12/15 1 ::: * myContacts,* Other,rodrigo.el.intoxicado@hotmail.com,,,,,,,,,,,,,,,,,,,,,,,,,,,,,,
rodrigocarbo@folkloreclub.com.ar,,,,,,,,,,,,,,"Nombre: rodrigocarbo@folkloreclub.com.ar
",,Importado el 8/12/15 1 ::: * myContacts,* Other,rodrigocarbo@folkloreclub.com.ar,,,,,,,,,,,,,,,,,,,,,,,,,,,,,,
rodrigocarbo@yahoo.com.ar,,,,,,,,,,,,,,"Nombre: rodrigocarbo@yahoo.com.ar
",,Importado el 8/12/15 1 ::: * myContacts,* Other,rodrigocarbo@yahoo.com.ar,,,,,,,,,,,,,,,,,,,,,,,,,,,,,,
rodrigoquik@aol.com,,,,,,,,,,,,,,,,Importado el 8/12/15 1 ::: * myContacts,* Other,rodrigoquik@aol.com,,,,,,,,,,,,,,,,,,,,,,,,,,,,,,
rodrygo Cliente 2024 Pausa,,,,,,,,,,,,,,,,* myContacts,,,Mobile,+5491160449697,,,,,,,,,,,,,,,,,,,,,,,,,,,,
Rogelio,,Cliente,,,,,,,,,,,,,,* myContacts,,,Mobile,+54 9 11 2745-3964,,,,,,,,,,,,,,,,,,,,,,,,,,,,
rogerwagner@hotmail.com,,,,,,,,,,,,,,"Nombre: rogerwagner@hotmail.com
",,Importado el 8/12/15 1 ::: * myContacts,* Other,rogerwagner@hotmail.com,,,,,,,,,,,,,,,,,,,,,,,,,,,,,,
Roich Cliente 2022,,,,,,,,,,,,,,,,* myContacts,,,Mobile,+54 9 11 6616-1080,,,,,,,,,,,,,,,,,,,,,,,,,,,,
roidzaid@hotmail.com,,,,,,,,,,,,,,"Nombre: roidzaid@hotmail.com
",,Importado el 8/12/15 1 ::: * myContacts,* Other,roidzaid@hotmail.com,,,,,,,,,,,,,,,,,,,,,,,,,,,,,,
roka771@hotmail.com,,,,,,,,,,,,,,"Nombre: roka771@hotmail.com
",,Importado el 8/12/15 1 ::: * myContacts,* Other,roka771@hotmail.com,,,,,,,,,,,,,,,,,,,,,,,,,,,,,,
romantica_mdq@hotmail.com,,,,,,,,,,,,,,"Nombre: romantica_mdq@hotmail.com
",,Importado el 8/12/15 1 ::: * myContacts,* Other,romantica_mdq@hotmail.com,,,,,,,,,,,,,,,,,,,,,,,,,,,,,,
romeritorn@ciudad.com.ar,,,,,,,,,,,,,,"Nombre: romeritorn@ciudad.com.ar
",,Importado el 8/12/15 1 ::: * myContacts,* Other,romeritorn@ciudad.com.ar,,,,,,,,,,,,,,,,,,,,,,,,,,,,,,
romero_debora@yahoo.com.ar,,,,,,,,,,,,,,"Nombre: romero_debora@yahoo.com.ar
",,Importado el 8/12/15 1 ::: * myContacts,* Other,romero_debora@yahoo.com.ar,,,,,,,,,,,,,,,,,,,,,,,,,,,,,,
romgaletto@yahoo.com,,,,,,,,,,,,,,,,Importado el 8/12/15 1 ::: * myContacts,* Other,romgaletto@yahoo.com,,,,,,,,,,,,,,,,,,,,,,,,,,,,,,
romi,,,,,,,,,,,,,,"Nombre: romi
",,Importado el 8/12/15 1 ::: * myContacts,* Other,romi_rodri@yahoo.com.ar,,,,,,,,,,,,,,,,,,,,,,,,,,,,,,
romi_85lp@hotmail.com,,,,,,,,,,,,,,"Nombre: romi_85lp@hotmail.com
",,Importado el 8/12/15 1 ::: * myContacts,* Other,romi_85lp@hotmail.com,,,,,,,,,,,,,,,,,,,,,,,,,,,,,,
romidanzaar@yahoo.com.ar,,,,,,,,,,,,,,"Nombre: romidanzaar@yahoo.com.ar
",,Importado el 8/12/15 1 ::: * myContacts,* Other,romidanzaar@yahoo.com.ar,,,,,,,,,,,,,,,,,,,,,,,,,,,,,,
romimengarelli@yahoo.com.ar,,,,,,,,,,,,,,"Nombre: romimengarelli@yahoo.com.ar
",,Importado el 8/12/15 1 ::: * myContacts,* Other,romimengarelli@yahoo.com.ar,,,,,,,,,,,,,,,,,,,,,,,,,,,,,,
Romina,,,,,,,,,,,,,,"Nombre: Romina
",,Importado el 8/12/15 1 ::: * myContacts,* Other,romimusach@yahoo.com.ar,,,,,,,,,,,,,,,,,,,,,,,,,,,,,,
romina,,,,,,,,,,,,,,"Nombre: romina
",,Importado el 8/12/15 1 ::: * myContacts,* Other,r_rugilo83@hotmail.com,,,,,,,,,,,,,,,,,,,,,,,,,,,,,,
romina bassone,,,,,,,,,,,,,,,,Importado el 9/12/15 ::: Importado el 8/12/15 1 ::: Importado el 8/12/15 ::: * myContacts,,,Mobile,011-574-14421,,,,,,,,,,,,,,,,,,,,,,,,,,,,
Romina De Parte De Mariano,,Garrison,,,,,,,,,,,,,,* myContacts,,,Mobile,11 7014-5879,,,,,,,,,,,,,,,,,,,,,,,,,,,,
romina destito (Cocinera),,De Parte De Basile,,,,,,,,,,,,,,* myContacts,,,Mobile,+5491123307431,,,,,,,,,,,,,,,,,,,,,,,,,,,,
Romina Garcia,,,,,,,,,,,,,,"Nombre: Romina Garcia
",,Importado el 8/12/15 1 ::: * myContacts,* Other,rominagd13@hotmail.com,,,,,,,,,,,,,,,,,,,,,,,,,,,,,,
Romina musach,,,,,,,,,,,,,,,,* myContacts,,,Mobile,01154934797,,,,,,,,,,,,,,,,,,,,,,,,,,,,
Romina Sanchez,,Sanchez,,,,,,,,,,,,"Nombre: Romina
",https://lh3.googleusercontent.com/contacts/AG6tpzGgJTPGy8CRumHo9_ACuDNF2Vm4gGAjGV-rmovtr1zeEkHOhv2h,Importado el 8/12/15 1 ::: * myContacts,* Other,nur.zahira@hotmail.com,,,,,,,,,,,,,,,,,,,,,,,,,,,,,,
Romina Swiss Medical,,Nievas,,,,,,,,Romina Nievas,,,,,,* myContacts,,,Mobile,+5491126256333,,,,,,,,,,,,,,,,,,,,,,,,,,,,
romina_cappello@yahoo.com,,,,,,,,,,,,,,,,Importado el 8/12/15 1 ::: * myContacts,* Other,romina_cappello@yahoo.com,,,,,,,,,,,,,,,,,,,,,,,,,,,,,,
romina_pagani@hotmail.com,,,,,,,,,,,,,,"Nombre: romina_pagani@hotmail.com
",,Importado el 8/12/15 1 ::: * myContacts,* Other,romina_pagani@hotmail.com,,,,,,,,,,,,,,,,,,,,,,,,,,,,,,
romina_trossero@hotmail.com,,,,,,,,,,,,,,"Nombre: romina_trossero@hotmail.com
",,Importado el 8/12/15 1 ::: * myContacts,* Other,romina_trossero@hotmail.com,,,,,,,,,,,,,,,,,,,,,,,,,,,,,,
romina@pol-ka.com.ar,,,,,,,,,,,,,,"Nombre: romina@pol-ka.com.ar
",,Importado el 8/12/15 1 ::: * myContacts,* Other,romina@pol-ka.com.ar,,,,,,,,,,,,,,,,,,,,,,,,,,,,,,
rominabaralle@hotmail.com,,,,,,,,,,,,,,"Nombre: rominabaralle@hotmail.com
",,Importado el 8/12/15 1 ::: * myContacts,* Other,rominabaralle@hotmail.com,,,,,,,,,,,,,,,,,,,,,,,,,,,,,,
rominacayon@hotmail.com,,,,,,,,,,,,,,"Nombre: rominacayon@hotmail.com
",,Importado el 8/12/15 1 ::: * myContacts,* Other,rominacayon@hotmail.com,,,,,,,,,,,,,,,,,,,,,,,,,,,,,,
rominagonzalezar@yahoo.com.ar,,,,,,,,,,,,,,"Nombre: rominagonzalezar@yahoo.com.ar
",,Importado el 8/12/15 1 ::: * myContacts,* Other,rominagonzalezar@yahoo.com.ar,,,,,,,,,,,,,,,,,,,,,,,,,,,,,,
rominaileana@yahoo.com.ar,,,,,,,,,,,,,,"Nombre: rominaileana@yahoo.com.ar
",,Importado el 8/12/15 1 ::: * myContacts,* Other,rominaileana@yahoo.com.ar,,,,,,,,,,,,,,,,,,,,,,,,,,,,,,
rominajaidar@hotmail.com,,,,,,,,,,,,,,"Nombre: rominajaidar@hotmail.com
",,Importado el 8/12/15 1 ::: * myContacts,* Other,rominajaidar@hotmail.com,,,,,,,,,,,,,,,,,,,,,,,,,,,,,,
rominamaluf@hotmail.com,,,,,,,,,,,,,,,,Importado el 8/12/15 1 ::: * myContacts,* Other,rominamaluf@hotmail.com,,,,,,,,,,,,,,,,,,,,,,,,,,,,,,
rominamussi@ciudad.com.ar,,,,,,,,,,,,,,,,Importado el 8/12/15 1 ::: * myContacts,* Other,rominamussi@ciudad.com.ar,,,,,,,,,,,,,,,,,,,,,,,,,,,,,,
rominavillar@yahoo.es,,,,,,,,,,,,,,,,Importado el 8/12/15 1 ::: * myContacts,* Other,rominavillar@yahoo.es,,,,,,,,,,,,,,,,,,,,,,,,,,,,,,
romis15_05@hotmail.com,,,,,,,,,,,,,,"Nombre: romis15_05@hotmail.com
",,Importado el 8/12/15 1 ::: * myContacts,* Other,romis15_05@hotmail.com,,,,,,,,,,,,,,,,,,,,,,,,,,,,,,
romiymili@yahoo.com.ar,,,,,,,,,,,,,,"Nombre: romiymili@yahoo.com.ar
",,Importado el 8/12/15 1 ::: * myContacts,* Other,romiymili@yahoo.com.ar,,,,,,,,,,,,,,,,,,,,,,,,,,,,,,
romusauer@hotmail.com,,,,,,,,,,,,,,"Nombre: romusauer@hotmail.com
",,Importado el 8/12/15 1 ::: * myContacts,* Other,romusauer@hotmail.com,,,,,,,,,,,,,,,,,,,,,,,,,,,,,,
romy_abella@hotmail.com,,,,,,,,,,,,,,"Nombre: romy_abella@hotmail.com
",,Importado el 8/12/15 1 ::: * myContacts,* Other,romy_abella@hotmail.com,,,,,,,,,,,,,,,,,,,,,,,,,,,,,,
romy_lacci@hotmail.com,,,,,,,,,,,,,,"Nombre: romy_lacci@hotmail.com
",,Importado el 8/12/15 1 ::: * myContacts,* Other,romy_lacci@hotmail.com,,,,,,,,,,,,,,,,,,,,,,,,,,,,,,
romy_p_h@hotmail.com,,,,,,,,,,,,,,"Nombre: romy_p_h@hotmail.com
",,Importado el 8/12/15 1 ::: * myContacts,* Other,romy_p_h@hotmail.com,,,,,,,,,,,,,,,,,,,,,,,,,,,,,,
romys12@hotmail.com,,,,,,,,,,,,,,"Nombre: romys12@hotmail.com
",,Importado el 8/12/15 1 ::: * myContacts,* Other,romys12@hotmail.com,,,,,,,,,,,,,,,,,,,,,,,,,,,,,,
rona_demardel@hotmail.com,,,,,,,,,,,,,,"Nombre: rona_demardel@hotmail.com
",,Importado el 8/12/15 1 ::: * myContacts,* Other,rona_demardel@hotmail.com,,,,,,,,,,,,,,,,,,,,,,,,,,,,,,
Rony Cliente 2024 Cáceres,,,,,,,,,,,,,,,,* myContacts,,,Mobile,+5491127874244,,,,,,,,,,,,,,,,,,,,,,,,,,,,
ronylp@terra.com.br,,,,,,,,,,,,,,,,Importado el 8/12/15 1 ::: * myContacts,* Other,ronylp@terra.com.br,,,,,,,,,,,,,,,,,,,,,,,,,,,,,,
roperalta@yahoo.com,,,,,,,,,,,,,,,,Importado el 8/12/15 1 ::: * myContacts,* Other,roperalta@yahoo.com,,,,,,,,,,,,,,,,,,,,,,,,,,,,,,
roromustone@yahoo.com.ar,,,,,,,,,,,,,,,,Importado el 8/12/15 1 ::: * myContacts,* Other,roromustone@yahoo.com.ar,,,,,,,,,,,,,,,,,,,,,,,,,,,,,,
ROSA,CECILIA,CORNEJO,,,,,,,,,,,,"Nombre: rccornejo@hotmail.com
",,Importado el 8/12/15 1 ::: * myContacts,* Other,rccornejo@hotmail.com,Mobile,+54 9 11 6831-4664,,,,,,,,,,,,,,,,,,,,,,,,,,,,
Rosa,,Grbac,,,,,,,,,,,,,,* myContacts,,,Home,11-302-161-51,,,,,,,,,,,,,,,,,,,,,,,,,,,,
Rosa,Verduleria,Maschwitz,,,,,,,,,,,,,,* myContacts,,,Mobile,1170171544,,,,,,,,,,,,,,,,,,,,,,,,,,,,
rosachavez29@hotmail.com,,,,,,,,,,,,,,"Nombre: rosachavez29@hotmail.com
",,Importado el 8/12/15 1 ::: * myContacts,* Other,rosachavez29@hotmail.com,,,,,,,,,,,,,,,,,,,,,,,,,,,,,,
rosacislaghi@hotmail.com,,,,,,,,,,,,,,"Nombre: rosacislaghi@hotmail.com
",,Importado el 8/12/15 1 ::: * myContacts,* Other,rosacislaghi@hotmail.com,,,,,,,,,,,,,,,,,,,,,,,,,,,,,,
rosalaloca_05@hotmail.com,,,,,,,,,,,,,,"Nombre: rosalaloca_05@hotmail.com
",,Importado el 8/12/15 1 ::: * myContacts,* Other,rosalaloca_05@hotmail.com,,,,,,,,,,,,,,,,,,,,,,,,,,,,,,
Rosana,,,,,,,,,,,,,,"Nombre: rosana_belli@hotmail.com
",,Importado el 8/12/15 1 ::: * myContacts,* Other,rosana_belli@hotmail.com,,,,,,,,,,,,,,,,,,,,,,,,,,,,,,
rosana.turnes@ar.ey.com,,,,,,,,,,,,,,"Nombre: rosana.turnes@ar.ey.com
",,Importado el 8/12/15 1 ::: * myContacts,* Other,rosana.turnes@ar.ey.com,,,,,,,,,,,,,,,,,,,,,,,,,,,,,,
rosanadevesa@yahoo.com.ar,,,,,,,,,,,,,,"Nombre: rosanadevesa@yahoo.com.ar
",,Importado el 8/12/15 1 ::: * myContacts,* Other,rosanadevesa@yahoo.com.ar,,,,,,,,,,,,,,,,,,,,,,,,,,,,,,
Rosanna,,,,,,,,,,,,,,"Nombre: Rosanna
",,Importado el 8/12/15 1 ::: * myContacts,* Other,rosicaruso@yahoo.com.ar,,,,,,,,,,,,,,,,,,,,,,,,,,,,,,
rosarino@crdp.com.ar,,,,,,,,,,,,,,,,Importado el 8/12/15 1 ::: * myContacts,* Other,rosarino@crdp.com.ar,,,,,,,,,,,,,,,,,,,,,,,,,,,,,,
rosariocanan@cantv.net,,,,,,,,,,,,,,"Nombre: rosariocanan@cantv.net
",,Importado el 8/12/15 1 ::: * myContacts,* Other,rosariocanan@cantv.net,,,,,,,,,,,,,,,,,,,,,,,,,,,,,,
roseifer@hotmail.com,,,,,,,,,,,,,,,,Importado el 8/12/15 1 ::: * myContacts,* Other,roseifer@hotmail.com,,,,,,,,,,,,,,,,,,,,,,,,,,,,,,
rosi_lamasgenia@hotmail.com,,,,,,,,,,,,,,"Nombre: rosi_lamasgenia@hotmail.com
",,Importado el 8/12/15 1 ::: * myContacts,* Other,rosi_lamasgenia@hotmail.com,,,,,,,,,,,,,,,,,,,,,,,,,,,,,,
rossanadimarzo@hotmail.com,,,,,,,,,,,,,,"Nombre: rossanadimarzo@hotmail.com
",,Importado el 8/12/15 1 ::: * myContacts,* Other,rossanadimarzo@hotmail.com,,,,,,,,,,,,,,,,,,,,,,,,,,,,,,
rotali1302@hotmail.com,,,,,,,,,,,,,,"Nombre: rotali1302@hotmail.com
",,Importado el 8/12/15 1 ::: * myContacts,* Other,rotali1302@hotmail.com,,,,,,,,,,,,,,,,,,,,,,,,,,,,,,
rotapatricia@hotmail.com,,,,,,,,,,,,,,"Nombre: rotapatricia@hotmail.com
",,Importado el 8/12/15 1 ::: * myContacts,* Other,rotapatricia@hotmail.com,,,,,,,,,,,,,,,,,,,,,,,,,,,,,,
rotega@interactive.net.ec,,,,,,,,,,,,,,,,Importado el 8/12/15 1 ::: * myContacts,* Other,rotega@interactive.net.ec,,,,,,,,,,,,,,,,,,,,,,,,,,,,,,
rotiliyamila@yahoo.com.ar,,,,,,,,,,,,,,"Nombre: rotiliyamila@yahoo.com.ar
",,Importado el 8/12/15 1 ::: * myContacts,* Other,rotiliyamila@yahoo.com.ar,,,,,,,,,,,,,,,,,,,,,,,,,,,,,,
rowie@argentina.com,,,,,,,,,,,,,,"Nombre: rowie@argentina.com
",,Importado el 8/12/15 1 ::: * myContacts,* Other,rowie@argentina.com,,,,,,,,,,,,,,,,,,,,,,,,,,,,,,
roxalecc@hotmail.com,,,,,,,,,,,,,,"Nombre: roxalecc@hotmail.com
",,Importado el 8/12/15 1 ::: * myContacts,* Other,roxalecc@hotmail.com,,,,,,,,,,,,,,,,,,,,,,,,,,,,,,
Roxana,,,,,,,,,,,,,,"Nombre: Roxana
",,Importado el 8/12/15 1 ::: * myContacts,* Other,roxyso@yahoo.com.ar,,,,,,,,,,,,,,,,,,,,,,,,,,,,,,
Roxana - Contadora,,Cordoba,,,,,,,,,,,,,,* myContacts,* Home,contadora@e-siscon.net,Home,11-596-594-14,,,,,,,,,,,,,,,,,,,,,,,,,,,,
Roxana Vende Kusei,,Moron,,,,,,,,,,,,,,* myContacts,,,Mobile,+54 11 4419-9965,,,,,,,,,,,,,,,,,,,,,,,,,,,,
roxana.fernandez@vantage.com.ar,,,,,,,,,,,,,,"Nombre: roxana.fernandez@vantage.com.ar
",,Importado el 8/12/15 1 ::: * myContacts,* Other,roxana.fernandez@vantage.com.ar,,,,,,,,,,,,,,,,,,,,,,,,,,,,,,
roxana33@hotmail.com,,,,,,,,,,,,,,"Nombre: roxana33@hotmail.com
",,Importado el 8/12/15 1 ::: * myContacts,* Other,roxana33@hotmail.com,,,,,,,,,,,,,,,,,,,,,,,,,,,,,,
roxanaejarque@hotmail.com,,,,,,,,,,,,,,"Nombre: roxanaejarque@hotmail.com
",,Importado el 8/12/15 1 ::: * myContacts,* Other,roxanaejarque@hotmail.com,,,,,,,,,,,,,,,,,,,,,,,,,,,,,,
roxanajofre@arnet.com.ar,,,,,,,,,,,,,,"Nombre: roxanajofre@arnet.com.ar
",,Importado el 8/12/15 1 ::: * myContacts,* Other,roxanajofre@arnet.com.ar,,,,,,,,,,,,,,,,,,,,,,,,,,,,,,
roxann083@hotmail.com,,,,,,,,,,,,,,"Nombre: roxann083@hotmail.com
",,Importado el 8/12/15 1 ::: * myContacts,* Other,roxann083@hotmail.com,,,,,,,,,,,,,,,,,,,,,,,,,,,,,,
roxfunes@yahoo.com.ar,,,,,,,,,,,,,,"Nombre: roxfunes@yahoo.com.ar
",,Importado el 8/12/15 1 ::: * myContacts,* Other,roxfunes@yahoo.com.ar,,,,,,,,,,,,,,,,,,,,,,,,,,,,,,
roxi@cablenet.com.ar,,,,,,,,,,,,,,"Nombre: roxi@cablenet.com.ar
",,Importado el 8/12/15 1 ::: * myContacts,* Other,roxi@cablenet.com.ar,,,,,,,,,,,,,,,,,,,,,,,,,,,,,,
roxxxy836@yahoo.es,,,,,,,,,,,,,,"Nombre: roxxxy836@yahoo.es
",,Importado el 8/12/15 1 ::: * myContacts,* Other,roxxxy836@yahoo.es,,,,,,,,,,,,,,,,,,,,,,,,,,,,,,
roya178@hotmail.com,,,,,,,,,,,,,,"Nombre: roya178@hotmail.com
",,Importado el 8/12/15 1 ::: * myContacts,* Other,roya178@hotmail.com,,,,,,,,,,,,,,,,,,,,,,,,,,,,,,
royg202003@yahoo.com.ar,,,,,,,,,,,,,,,,Importado el 8/12/15 1 ::: * myContacts,* Other,royg202003@yahoo.com.ar,,,,,,,,,,,,,,,,,,,,,,,,,,,,,,
RPerez@acindar.com.ar,,,,,,,,,,,,,,"Nombre: RPerez@acindar.com.ar
",,Importado el 8/12/15 1 ::: * myContacts,* Other,RPerez@acindar.com.ar,,,,,,,,,,,,,,,,,,,,,,,,,,,,,,
rperezlindo@taraguisistemas.com.ar,,,,,,,,,,,,,,"Nombre: rperezlindo@taraguisistemas.com.ar
",,Importado el 8/12/15 1 ::: * myContacts,* Other,rperezlindo@taraguisistemas.com.ar,,,,,,,,,,,,,,,,,,,,,,,,,,,,,,
rrsalgueiro@uol.com.br,,,,,,,,,,,,,,"Nombre: rrsalgueiro@uol.com.br
",,Importado el 8/12/15 1 ::: * myContacts,* Other,rrsalgueiro@uol.com.br,,,,,,,,,,,,,,,,,,,,,,,,,,,,,,
rrt@tecnoedil.com.py,,,,,,,,,,,,,,,,Importado el 8/12/15 1 ::: * myContacts,* Other,rrt@tecnoedil.com.py,,,,,,,,,,,,,,,,,,,,,,,,,,,,,,
rs@rominasamelnik.com.ar,,,,,,,,,,,,,,"Nombre: rs@rominasamelnik.com.ar
",,Importado el 8/12/15 1 ::: * myContacts,* Other,rs@rominasamelnik.com.ar,,,,,,,,,,,,,,,,,,,,,,,,,,,,,,
rsosiuk@suministra.com.ar,,,,,,,,,,,,,,"Nombre: rsosiuk@suministra.com.ar
",,Importado el 8/12/15 1 ::: * myContacts,* Other,rsosiuk@suministra.com.ar,,,,,,,,,,,,,,,,,,,,,,,,,,,,,,
rtonelli@vanesaduran.com.ar,,,,,,,,,,,,,,"Nombre: rtonelli@vanesaduran.com.ar
",,Importado el 8/12/15 1 ::: * myContacts,* Other,rtonelli@vanesaduran.com.ar,,,,,,,,,,,,,,,,,,,,,,,,,,,,,,
RUBEN,,,,,,,,,,,,,,"Nombre: RUBEN
",,Importado el 8/12/15 1 ::: * myContacts,* Other,rhamra@ciudad.com.ar,,,,,,,,,,,,,,,,,,,,,,,,,,,,,,
Ruben Albañil,,(Tío De Luciana Pamela),,,,,,,,Prevencion,,,,,,* myContacts,,,Móvil,+54 9 11 6555-5536,,,,,,,,,,,,,,,,,,,,,,,,,,,,
Ruben,Bar,Maschwitz,,,,,,,,,,,,,,* myContacts,,,Mobile,+54 9 348 454-1992 ::: 0348154541992,,,,,,,,,,,,,,,,,,,,,,,,,,,,
Ruben Ford Fiesta,,,,,,,,,,,,,,,,* myContacts,,,Mobile,+541138001633,,,,,,,,,,,,,,,,,,,,,,,,,,,,
Ruben,Nadal,Plomero,,,,,,,,,,,,,,* myContacts,,,Mobile,1121730583,Home,45733201,,,,,,,,,,,,,,,,,,,,,,,,,,
Ruben Rodriguez,Cliente,(Puertos),,,,,,,,,,,,,,* myContacts,,,Mobile,+54 11 4477-0602,,,,,Home,Puertos Araucaria Lote 30,Puertos Araucaria Lote 30,,,,,,,,,,,,,,,,,,,,,
Rubén Salcedo Mercado  Verduras,,,,,,,,,,,,,,,,* myContacts,,,Mobile,+54 11 6406-8317,,,,,,,,,,,,,,,,,,,,,,,,,,,,
Rubén Zapatos,,,,,,,,,,,,,,,,* myContacts,,,Mobile,1154908192,,,,,,,,,,,,,,,,,,,,,,,,,,,,
rubenhoraciobayon@ciudad.com.ar,,,,,,,,,,,,,,"Nombre: rubenhoraciobayon@ciudad.com.ar
",,Importado el 8/12/15 1 ::: * myContacts,* Other,rubenhoraciobayon@ciudad.com.ar,,,,,,,,,,,,,,,,,,,,,,,,,,,,,,
rublezca@hotmail.com,,,,,,,,,,,,,,"Nombre: rublezca@hotmail.com
",,Importado el 8/12/15 1 ::: * myContacts,* Other,rublezca@hotmail.com,,,,,,,,,,,,,,,,,,,,,,,,,,,,,,
Ruidos Molestos,Fiscalia,Denuncias,,,,,,,,,,,,,,* myContacts,,,Mobile,0800 333 47225,,,,,,,,,,,,,,,,,,,,,,,,,,,,
Rusotec Ventiladores Electrodomésticos,,Cacique Coliqueo 1020 Vilanova Haedo Thiago,,,,,,,,,,,,,,* myContacts,,,Mobile,+541166586719,,,,,,,,,,,,,,,,,,,,,,,,,,,,
Ruth Mamá de Tomas,,Campichuelo 2967 4A Ballester,,,,,,,,,,,,,,* myContacts,,,Mobile,+5491135195666,,,,,,,,,,,,,,,,,,,,,,,,,,,,
ruth14.09@hotmail.com,,,,,,,,,,,,,,"Nombre: ruth14.09@hotmail.com
",,Importado el 8/12/15 1 ::: * myContacts,* Other,ruth14.09@hotmail.com,,,,,,,,,,,,,,,,,,,,,,,,,,,,,,
ruthdani7@hotmail.com,,,,,,,,,,,,,,"Nombre: ruthdani7@hotmail.com
",,Importado el 8/12/15 1 ::: * myContacts,* Other,ruthdani7@hotmail.com,,,,,,,,,,,,,,,,,,,,,,,,,,,,,,
s_hathali@hotmail.com,,,,,,,,,,,,,,"Nombre: s_hathali@hotmail.com
",,Importado el 8/12/15 1 ::: * myContacts,* Other,s_hathali@hotmail.com,,,,,,,,,,,,,,,,,,,,,,,,,,,,,,
s_m_calancha@hotmail.com,,,,,,,,,,,,,,"Nombre: s_m_calancha@hotmail.com
",,Importado el 8/12/15 1 ::: * myContacts,* Other,s_m_calancha@hotmail.com,,,,,,,,,,,,,,,,,,,,,,,,,,,,,,
s_nathali@hotmail.com,,,,,,,,,,,,,,,,Importado el 8/12/15 1 ::: * myContacts,* Other,s_nathali@hotmail.com,,,,,,,,,,,,,,,,,,,,,,,,,,,,,,
s_rodriguez@highway.com.py,,,,,,,,,,,,,,,,Importado el 8/12/15 1 ::: * myContacts,* Other,s_rodriguez@highway.com.py,,,,,,,,,,,,,,,,,,,,,,,,,,,,,,
s_storto@yahoo.com.ar,,,,,,,,,,,,,,"Nombre: s_storto@yahoo.com.ar
",,Importado el 8/12/15 1 ::: * myContacts,* Other,s_storto@yahoo.com.ar,,,,,,,,,,,,,,,,,,,,,,,,,,,,,,
saadgilgamesh@yahoo.com,,,,,,,,,,,,,,"Nombre: saadgilgamesh@yahoo.com
",,Importado el 8/12/15 1 ::: * myContacts,* Other,saadgilgamesh@yahoo.com,,,,,,,,,,,,,,,,,,,,,,,,,,,,,,
saahirah@hotmail.com,,,,,,,,,,,,,,,,Importado el 8/12/15 1 ::: * myContacts,* Other,saahirah@hotmail.com,,,,,,,,,,,,,,,,,,,,,,,,,,,,,,
saahirahodalisca@yahoo.com.ar,,,,,,,,,,,,,,"Nombre: saahirahodalisca@yahoo.com.ar
",,Importado el 8/12/15 1 ::: * myContacts,* Other,saahirahodalisca@yahoo.com.ar,,,,,,,,,,,,,,,,,,,,,,,,,,,,,,
saaida_3@hotmail.com,,,,,,,,,,,,,,"Nombre: saaida_3@hotmail.com
",,Importado el 8/12/15 1 ::: * myContacts,* Other,saaida_3@hotmail.com,,,,,,,,,,,,,,,,,,,,,,,,,,,,,,
saax0101g@hotmail.com,,,,,,,,,,,,,,"Nombre: saax0101g@hotmail.com
",,Importado el 8/12/15 1 ::: * myContacts,* Other,saax0101g@hotmail.com,,,,,,,,,,,,,,,,,,,,,,,,,,,,,,
SABAH,,,,,,,,,,,,,,"Nombre: SABAH
",,Importado el 8/12/15 1 ::: * myContacts,* Other,sabah_lafaraonadeoriente@hotmail.com,,,,,,,,,,,,,,,,,,,,,,,,,,,,,,
sabah2001ar@yahoo.com.ar,,,,,,,,,,,,,,"Nombre: sabah2001ar@yahoo.com.ar
",,Importado el 8/12/15 1 ::: * myContacts,* Other,sabah2001ar@yahoo.com.ar,,,,,,,,,,,,,,,,,,,,,,,,,,,,,,
sabahinternacional@hotmail.com,,,,,,,,,,,,,,"Nombre: sabahinternacional@hotmail.com
",,Importado el 8/12/15 1 ::: * myContacts,* Other,sabahinternacional@hotmail.com,,,,,,,,,,,,,,,,,,,,,,,,,,,,,,
sabarq@hotmail.com,,,,,,,,,,,,,,"Nombre: sabarq@hotmail.com
",,Importado el 8/12/15 1 ::: * myContacts,* Other,sabarq@hotmail.com,,,,,,,,,,,,,,,,,,,,,,,,,,,,,,
saberet@hotmail.com,,,,,,,,,,,,,,"Nombre: saberet@hotmail.com
",,Importado el 8/12/15 1 ::: * myContacts,* Other,saberet@hotmail.com,,,,,,,,,,,,,,,,,,,,,,,,,,,,,,
sabina,,,,,,,,,,,,,,"Nombre: sabina
",,Importado el 8/12/15 1 ::: * myContacts,* Other,sabinarojas@hotmail.com,,,,,,,,,,,,,,,,,,,,,,,,,,,,,,
sablesarabes@hotmail.com,,,,,,,,,,,,,,"Nombre: sablesarabes@hotmail.com
",,Importado el 8/12/15 1 ::: * myContacts,* Other,sablesarabes@hotmail.com,,,,,,,,,,,,,,,,,,,,,,,,,,,,,,
Sabri Cliente 2024,,Yiyo,,,,,,,,,,,,,,* myContacts,,,Mobile,+5491165941810,,,,,,,,,,,,,,,,,,,,,,,,,,,,
sabri_104@yahoo.com.ar,,,,,,,,,,,,,,"Nombre: sabri_104@yahoo.com.ar
",,Importado el 8/12/15 1 ::: * myContacts,* Other,sabri_104@yahoo.com.ar,,,,,,,,,,,,,,,,,,,,,,,,,,,,,,
sabrifu@hotmail.com,,,,,,,,,,,,,,,,Importado el 8/12/15 1 ::: * myContacts,* Other,sabrifu@hotmail.com,,,,,,,,,,,,,,,,,,,,,,,,,,,,,,
Sabrina,,,,,,,,,,,,,,"Nombre: Sabrina
",,Importado el 8/12/15 1 ::: * myContacts,* Other,sabriprieto@yahoo.com,,,,,,,,,,,,,,,,,,,,,,,,,,,,,,
Sabrina,,,,,,,,,,,,,,"Nombre: Sabrina
",,Importado el 8/12/15 1 ::: * myContacts,* Other,belldandy_xtreme@hotmail.com,,,,,,,,,,,,,,,,,,,,,,,,,,,,,,
Sabrina,Cliente,2021×,,,,,,,,,,,,,,* myContacts,,,Mobile,11 3025-9422,,,,,,,,,,,,,,,,,,,,,,,,,,,,
sabrina Cliente 2023 Tony Halak,,,,,,,,,,,,,,,,* myContacts,,,Mobile,+54 9 11 5736-6789,,,,,,,,,,,,,,,,,,,,,,,,,,,,
sabrina_70243@hotmail.com,,,,,,,,,,,,,,"Nombre: sabrina_70243@hotmail.com
",,Importado el 8/12/15 1 ::: * myContacts,* Other,sabrina_70243@hotmail.com,,,,,,,,,,,,,,,,,,,,,,,,,,,,,,
sabrinacasabella@hotmail.com,,,,,,,,,,,,,,"Nombre: sabrinacasabella@hotmail.com
",,Importado el 8/12/15 1 ::: * myContacts,* Other,sabrinacasabella@hotmail.com,,,,,,,,,,,,,,,,,,,,,,,,,,,,,,
sabrinasalazar16@hotmail.com,,,,,,,,,,,,,,,,Importado el 8/12/15 1 ::: * myContacts,* Other,sabrinasalazar16@hotmail.com,,,,,,,,,,,,,,,,,,,,,,,,,,,,,,
sabrinis_80@hotmail.com,,,,,,,,,,,,,,"Nombre: sabrinis_80@hotmail.com
",,Importado el 8/12/15 1 ::: * myContacts,* Other,sabrinis_80@hotmail.com,,,,,,,,,,,,,,,,,,,,,,,,,,,,,,
sabriprieto@yahoo.com,,,,,,,,,,,,,,"Nombre: sabriprieto@yahoo.com
",,Importado el 8/12/15 1 ::: * myContacts,* Other,sabriprieto@yahoo.com,,,,,,,,,,,,,,,,,,,,,,,,,,,,,,
sabydance@hotmail.com,,,,,,,,,,,,,,"Nombre: sabydance@hotmail.com
",,Importado el 8/12/15 1 ::: * myContacts,* Other,sabydance@hotmail.com,,,,,,,,,,,,,,,,,,,,,,,,,,,,,,
sadejuy@yahoo.com.ar,,,,,,,,,,,,,,"Nombre: sadejuy@yahoo.com.ar
",,Importado el 8/12/15 1 ::: * myContacts,* Other,sadejuy@yahoo.com.ar,,,,,,,,,,,,,,,,,,,,,,,,,,,,,,
sagrera@speedy.com.ar,,,,,,,,,,,,,,"Nombre: sagrera@speedy.com.ar
",,Importado el 8/12/15 1 ::: * myContacts,* Other,sagrera@speedy.com.ar,,,,,,,,,,,,,,,,,,,,,,,,,,,,,,
saharabdala@hotmail.com,,,,,,,,,,,,,,"Nombre: saharabdala@hotmail.com
",,Importado el 8/12/15 1 ::: * myContacts,* Other,saharabdala@hotmail.com,,,,,,,,,,,,,,,,,,,,,,,,,,,,,,
sahiarahassan@gmail.com,,,,,,,,,,,,,,"Nombre: sahiarahassan@gmail.com
",,Importado el 8/12/15 1 ::: * myContacts,* Other,sahiarahassan@gmail.com,,,,,,,,,,,,,,,,,,,,,,,,,,,,,,
sahir_ahdid@hotmail.com,,,,,,,,,,,,,,"Nombre: sahir_ahdid@hotmail.com
",,Importado el 8/12/15 1 ::: * myContacts,* Other,sahir_ahdid@hotmail.com,,,,,,,,,,,,,,,,,,,,,,,,,,,,,,
sahira_bellydance@hotmail.com,,,,,,,,,,,,,,"Nombre: sahira_bellydance@hotmail.com
",,Importado el 8/12/15 1 ::: * myContacts,* Other,sahira_bellydance@hotmail.com,,,,,,,,,,,,,,,,,,,,,,,,,,,,,,
sahira_haidr@yahoo.com.ar,,,,,,,,,,,,,,"Nombre: sahira_haidr@yahoo.com.ar
",,Importado el 8/12/15 1 ::: * myContacts,* Other,sahira_haidr@yahoo.com.ar,,,,,,,,,,,,,,,,,,,,,,,,,,,,,,
sahirar@ciudad.com,,,,,,,,,,,,,,"Nombre: sahirar@ciudad.com
",,Importado el 8/12/15 1 ::: * myContacts,* Other,sahirar@ciudad.com.ar,,,,,,,,,,,,,,,,,,,,,,,,,,,,,,
saia1987@hotmail.com,,,,,,,,,,,,,,"Nombre: saia1987@hotmail.com
",,Importado el 8/12/15 1 ::: * myContacts,* Other,saia1987@hotmail.com,,,,,,,,,,,,,,,,,,,,,,,,,,,,,,
said_hamdan@hotmail.com,,,,,,,,,,,,,,,,Importado el 8/12/15 1 ::: * myContacts,* Other,said_hamdan@hotmail.com,,,,,,,,,,,,,,,,,,,,,,,,,,,,,,
saida@odalisca.com,,,,,,,,,,,,,,,,Importado el 8/12/15 1 ::: * myContacts,* Other,saida@odalisca.com,,,,,,,,,,,,,,,,,,,,,,,,,,,,,,
saimara@gmail.com,,,,,,,,,,,,,,,,Importado el 8/12/15 1 ::: * myContacts,* Other,saimara@gmail.com,,,,,,,,,,,,,,,,,,,,,,,,,,,,,,
sairish@ciudad.com.ar,,,,,,,,,,,,,,"Nombre: sairish@ciudad.com.ar
",,Importado el 8/12/15 1 ::: * myContacts,* Other,sairish@ciudad.com.ar,,,,,,,,,,,,,,,,,,,,,,,,,,,,,,
saitam13@yahoo.com,,,,,,,,,,,,,,"Nombre: saitam13@yahoo.com
",,Importado el 8/12/15 1 ::: * myContacts,* Other,saitam13@yahoo.com,,,,,,,,,,,,,,,,,,,,,,,,,,,,,,
sakalava@msn.com,,,,,,,,,,,,,,"Nombre: sakalava@msn.com
",,Importado el 8/12/15 1 ::: * myContacts,* Other,sakalava@msn.com,,,,,,,,,,,,,,,,,,,,,,,,,,,,,,
saladeconvencionesvcp@hotmail.com,,,,,,,,,,,,,,"Nombre: saladeconvencionesvcp@hotmail.com
",,Importado el 8/12/15 1 ::: * myContacts,* Other,saladeconvencionesvcp@hotmail.com,,,,,,,,,,,,,,,,,,,,,,,,,,,,,,
SALAS A TODO RITMO,RITMO,MONICA,,,,,,,,,,,,,,* myContacts,,,Móvil,+54 9 11 4986-9812,SALON,+54 948573362,,,,,,,,,,,,,,,,,,,,,,,,,,
Salas Azur espacio de arte,,,,,,,,,,Azur espacio de arte,,,,,,* myContacts,,,Mobile,+54 9 11 3556-1067,,,,,,,,,,,,,,,,,,,,,,,,,,,,
saletemaurer@gpsnet.com.br,,,,,,,,,,,,,,,,Importado el 8/12/15 1 ::: * myContacts,* Other,saletemaurer@gpsnet.com.br,,,,,,,,,,,,,,,,,,,,,,,,,,,,,,
salgueiro@unb.br,,,,,,,,,,,,,,"Nombre: salgueiro@unb.br
",,Importado el 8/12/15 1 ::: * myContacts,* Other,salgueiro@unb.br,,,,,,,,,,,,,,,,,,,,,,,,,,,,,,
salihwalter@yahoo.com.ar,,,,,,,,,,,,,,,,Importado el 8/12/15 1 ::: * myContacts,* Other,salihwalter@yahoo.com.ar,,,,,,,,,,,,,,,,,,,,,,,,,,,,,,
Salime,,Maschwitz,,,,,,,,,,,,,,* myContacts,,,Mobile,1141658255,,,,,,,,,,,,,,,,,,,,,,,,,,,,
salma@gmx.at,,,,,,,,,,,,,,"Nombre: salma@gmx.at
",,Importado el 8/12/15 1 ::: * myContacts,* Other,salma@gmx.at,,,,,,,,,,,,,,,,,,,,,,,,,,,,,,
salmadance@hotmail.com,,,,,,,,,,,,,,"Nombre: salmadance@hotmail.com
",,Importado el 8/12/15 1 ::: * myContacts,* Other,salmadance@hotmail.com,,,,,,,,,,,,,,,,,,,,,,,,,,,,,,
salmaodalisca@hotmail.com,,,,,,,,,,,,,,,,Importado el 8/12/15 1 ::: * myContacts,* Other,salmaodalisca@hotmail.com,,,,,,,,,,,,,,,,,,,,,,,,,,,,,,
Salo mayo,,,,,,,,,,,,,,,,* myContacts,,,Mobile,011-331-51973,,,,,,,,,,,,,,,,,,,,,,,,,,,,
Salome,,,,,,,,,,,,,,,,Importado el 9/12/15 ::: * myContacts,,,Mobile,45811617,,,,,,,,,,,,,,,,,,,,,,,,,,,,
salomedelmar@hotmail.com,,,,,,,,,,,,,,"Nombre: salomedelmar@hotmail.com
",,Importado el 8/12/15 1 ::: * myContacts,* Other,salomedelmar@hotmail.com,,,,,,,,,,,,,,,,,,,,,,,,,,,,,,
salomemayo,,,,,,,,,,,,,,"Nombre: salomemayo
",,Importado el 8/12/15 1 ::: * myContacts,* Other,info@salomemayo.com.ar,,,,,,,,,,,,,,,,,,,,,,,,,,,,,,
salomemayo@hotmail.com,,,,,,,,,,,,,,,,Importado el 8/12/15 1 ::: * myContacts,* Other,salomemayo@hotmail.com,,,,,,,,,,,,,,,,,,,,,,,,,,,,,,
saludyvida_tar@yahoo.com.ar,,,,,,,,,,,,,,"Nombre: saludyvida_tar@yahoo.com.ar
",,Importado el 8/12/15 1 ::: * myContacts,* Other,saludyvida_tar@yahoo.com.ar,,,,,,,,,,,,,,,,,,,,,,,,,,,,,,
Salvador,Boro,Paella,,,,,,,,,,,,,,* myContacts,,,Mobile,+54 9 11 6030-3458,,,,,,,,,,,,,,,,,,,,,,,,,,,,
Salvador,,Cliente,,,,,,,,,,,,,,* myContacts,,,Mobile,+54 9 11 3347-5619,,,,,,,,,,,,,,,,,,,,,,,,,,,,
salwagamal_arab@hotmail.com,,,,,,,,,,,,,,"Nombre: salwagamal_arab@hotmail.com
",,Importado el 8/12/15 1 ::: * myContacts,* Other,salwagamal_arab@hotmail.com,,,,,,,,,,,,,,,,,,,,,,,,,,,,,,
Samanta,,,,,,,,,,,,,,,,Importado el 9/12/15 ::: Importado el 8/12/15 1 ::: Importado el 8/12/15 ::: * myContacts,,,Mobile,011-585-03279,,,,,,,,,,,,,,,,,,,,,,,,,,,,
samantafadel@gmail.com,,,,,,,,,,,,,,"Nombre: samantafadel@gmail.com
",,Importado el 8/12/15 1 ::: * myContacts,* Other,samantafadel@gmail.com,,,,,,,,,,,,,,,,,,,,,,,,,,,,,,
samantamoldes@yahoo.com.ar,,,,,,,,,,,,,,"Nombre: samantamoldes@yahoo.com.ar
",,Importado el 8/12/15 1 ::: * myContacts,* Other,samantamoldes@yahoo.com.ar,,,,,,,,,,,,,,,,,,,,,,,,,,,,,,
Samantha Cliente 2025,,,,,,,,,,,,,,,,* myContacts,,,Mobile,+54 11 5647-3911,,,,,,,,,,,,,,,,,,,,,,,,,,,,
samarita@hotmail.com,,,,,,,,,,,,,,"Nombre: samarita@hotmail.com
",,Importado el 8/12/15 1 ::: * myContacts,* Other,samarita@hotmail.com,,,,,,,,,,,,,,,,,,,,,,,,,,,,,,
samarza@hotmail.com <samarza@hotmail.com>,,,,,,,,,,,,,,"Nombre: samarza@hotmail.com <samarza@hotmail.com>
",,Importado el 8/12/15 1 ::: * myContacts,* Other,samarza@hotmail.com,,,,,,,,,,,,,,,,,,,,,,,,,,,,,,
sambesteiro@yahoo.com.ar,,,,,,,,,,,,,,"Nombre: sambesteiro@yahoo.com.ar
",,Importado el 8/12/15 1 ::: * myContacts,* Other,sambesteiro@yahoo.com.ar,,,,,,,,,,,,,,,,,,,,,,,,,,,,,,
samersamer360@hotmail.com,,,,,,,,,,,,,,"Nombre: samersamer360@hotmail.com
",,Importado el 8/12/15 1 ::: * myContacts,* Other,samersamer360@hotmail.com,,,,,,,,,,,,,,,,,,,,,,,,,,,,,,
samiderbake@hotmail....,,,,,,,,,,,,,,"Nombre: samiderbake@hotmail....


Nombre: samiderbake@hotmail.com
",,Importado el 8/12/15 1 ::: * myContacts,* Other,samiderbake@hotmail.com,,,,,,,,,,,,,,,,,,,,,,,,,,,,,,
Samir,,,,,,,,,,,,,,,,Importado el 9/12/15 ::: * myContacts,,,Mobile,1149409296,,,,,,,,,,,,,,,,,,,,,,,,,,,,
samir@arnet.com.ar,,,,,,,,,,,,,,,,Importado el 8/12/15 1 ::: * myContacts,* Other,samir@arnet.com.ar,,,,,,,,,,,,,,,,,,,,,,,,,,,,,,
samir@samirabut.com,,,,,,,,,,,,,,,,Importado el 8/12/15 1 ::: * myContacts,* Other,samir@samirabut.com,,,,,,,,,,,,,,,,,,,,,,,,,,,,,,
samira_argentina@yahoo.com.mx,,,,,,,,,,,,,,"Nombre: samira_argentina@yahoo.com.mx
",,Importado el 8/12/15 1 ::: * myContacts,* Other,samira_argentina@yahoo.com.mx,,,,,,,,,,,,,,,,,,,,,,,,,,,,,,
samira_farah_bellydancer@hotmail.com,,,,,,,,,,,,,,,,Importado el 8/12/15 1 ::: * myContacts,* Other,samira_farah_bellydancer@hotmail.com,,,,,,,,,,,,,,,,,,,,,,,,,,,,,,
samira_odalisca24@ho,,,,,,,,,,,,,,"Nombre: samira_odalisca24@ho
",,Importado el 8/12/15 1 ::: * myContacts,* Other,samira_odalisca24@hotmail.com,,,,,,,,,,,,,,,,,,,,,,,,,,,,,,
samira_saar@hotmail.com,,,,,,,,,,,,,,,,Importado el 8/12/15 1 ::: * myContacts,* Other,samira_saar@hotmail.com,,,,,,,,,,,,,,,,,,,,,,,,,,,,,,
SamiraAl Said ,,,,,,,,,,,,,,,,Importado el 9/12/15 ::: * myContacts,,,Mobile,1158153127,,,,,,,,,,,,,,,,,,,,,,,,,,,,
samiraferrari298@hot...,,,,,,,,,,,,,,"Nombre: samiraferrari298@hotmail.com


Nombre: samiraferrari298@hot...
",,Importado el 8/12/15 1 ::: * myContacts,* Other,samiraferrari298@hotmail.com,,,,,,,,,,,,,,,,,,,,,,,,,,,,,,
samiragamal@ciudad.com.ar,,,,,,,,,,,,,,"Nombre: samiragamal@ciudad.com.ar
",,Importado el 8/12/15 1 ::: * myContacts,* Other,samiragamal@ciudad.com.ar,,,,,,,,,,,,,,,,,,,,,,,,,,,,,,
samrafarhat@yahoo.com.ar,,,,,,,,,,,,,,,,Importado el 8/12/15 1 ::: * myContacts,* Other,samrafarhat@yahoo.com.ar,,,,,,,,,,,,,,,,,,,,,,,,,,,,,,
Samuel,,Empleado,,,,,,,,,,,,,,* myContacts,,,Mobile,1158230325,,,,,,,,,,,,,,,,,,,,,,,,,,,,
sancarlenio@hotmail,,,,,,,,,,,,,,"Nombre: sancarlenio@hotmail
",,Importado el 8/12/15 1 ::: * myContacts,* Other,sancarlenio@hotmail.com,,,,,,,,,,,,,,,,,,,,,,,,,,,,,,
sanchez casa,,Larsen 2943,,,,,,,,,,,,,,Importado el 9/12/15 ::: * myContacts,,,Mobile,1145729465,,,,,,,,,,,,,,,,,,,,,,,,,,,,
sancor siniest,,,,,,,,,,,,,,,,Importado el 9/12/15 ::: Importado el 8/12/15 1 ::: Importado el 8/12/15 ::: * myContacts,,,Mobile,080-077-74643,,,,,,,,,,,,,,,,,,,,,,,,,,,,
sandlegend@hotmail.com,,,,,,,,,,,,,,"Nombre: sandlegend@hotmail.com
",,Importado el 8/12/15 1 ::: * myContacts,* Other,sandlegend@hotmail.com,,,,,,,,,,,,,,,,,,,,,,,,,,,,,,
sandra,,,,,,,,,,,,,,"Nombre: sandra
",,Importado el 8/12/15 1 ::: * myContacts,* Other,argensamm@hotmail.com,,,,,,,,,,,,,,,,,,,,,,,,,,,,,,
Sandra (Ioma),,Polari,,,,,,,,,,,,,,* myContacts,,,Mobile,+54 9 221 595-5923,,,,,,,,,,,,,,,,,,,,,,,,,,,,
Sandra,,Heladera 500litros $600,,,,,,,,,,,,,,* myContacts,,,Mobile,+541127263348,,,,,,,,,,,,,,,,,,,,,,,,,,,,
Sandra Matiz Amiga,De,Emi,,,,,,,,,,,,,,* myContacts,,,Móvil,+54 9 11 6569-4374,,,,,,,,,,,,,,,,,,,,,,,,,,,,
sandra schreid,,,,,,,,,,,,,,,,* myContacts,,,Mobile,11-306-155-80,,,,,,,,,,,,,,,,,,,,,,,,,,,,
sandra_lm21@hotmail.com,,,,,,,,,,,,,,"Nombre: sandra_lm21@hotmail.com
",,Importado el 8/12/15 1 ::: * myContacts,* Other,sandra_lm21@hotmail.com,,,,,,,,,,,,,,,,,,,,,,,,,,,,,,
sandrabod@hotmail.co,,,,,,,,,,,,,,"Nombre: sandrabod@hotmail.co
",,Importado el 8/12/15 1 ::: * myContacts,* Other,sandrabod@hotmail.com,,,,,,,,,,,,,,,,,,,,,,,,,,,,,,
sandracarrera@yahoo.com.ar,,,,,,,,,,,,,,"Nombre: sandracarrera@yahoo.com.ar
",,Importado el 8/12/15 1 ::: * myContacts,* Other,sandracarrera@yahoo.com.ar,,,,,,,,,,,,,,,,,,,,,,,,,,,,,,
sandraeservin@hotmail.com,,,,,,,,,,,,,,"Nombre: sandraeservin@hotmail.com
",,Importado el 8/12/15 1 ::: * myContacts,* Other,sandraeservin@hotmail.com,,,,,,,,,,,,,,,,,,,,,,,,,,,,,,
sandraliporace@topmail.com.ar,,,,,,,,,,,,,,"Nombre: sandraliporace@topmail.com.ar
",,Importado el 8/12/15 1 ::: * myContacts,* Other,sandraliporace@topmail.com.ar,,,,,,,,,,,,,,,,,,,,,,,,,,,,,,
sandraracedo7@hotmail.com,,,,,,,,,,,,,,"Nombre: sandraracedo7@hotmail.com
",,Importado el 8/12/15 1 ::: * myContacts,* Other,sandraracedo7@hotmail.com,,,,,,,,,,,,,,,,,,,,,,,,,,,,,,
sandraramis@ciudad.com.ar,,,,,,,,,,,,,,,,Importado el 8/12/15 1 ::: * myContacts,* Other,sandraramis@ciudad.com.ar,,,,,,,,,,,,,,,,,,,,,,,,,,,,,,
sandrascelsio@hotmail.com,,,,,,,,,,,,,,"Nombre: sandrascelsio@hotmail.com
",,Importado el 8/12/15 1 ::: * myContacts,* Other,sandrascelsio@hotmail.com,,,,,,,,,,,,,,,,,,,,,,,,,,,,,,
sandrasignoris@hotmail.com,,,,,,,,,,,,,,"Nombre: sandrasignoris@hotmail.com
",,Importado el 8/12/15 1 ::: * myContacts,* Other,sandrasignoris@hotmail.com,,,,,,,,,,,,,,,,,,,,,,,,,,,,,,
sandy69_pet@yahoo.com.ar,,,,,,,,,,,,,,"Nombre: sandy69_pet@yahoo.com.ar
",,Importado el 8/12/15 1 ::: * myContacts,* Other,sandy69_pet@yahoo.com.ar,,,,,,,,,,,,,,,,,,,,,,,,,,,,,,
sandybuenahora@hotmail.com,,,,,,,,,,,,,,,,Importado el 8/12/15 1 ::: * myContacts,* Other,sandybuenahora@hotmail.com,,,,,,,,,,,,,,,,,,,,,,,,,,,,,,
sangreawalim@yahoo.com.ar,,,,,,,,,,,,,,"Nombre: sangreawalim@yahoo.com.ar
",,Importado el 8/12/15 1 ::: * myContacts,* Other,sangreawalim@yahoo.com.ar,,,,,,,,,,,,,,,,,,,,,,,,,,,,,,
sanlorenzoesdanza@hotmail.com,,,,,,,,,,,,,,"Nombre: sanlorenzoesdanza@hotmail.com
",,Importado el 8/12/15 1 ::: * myContacts,* Other,sanlorenzoesdanza@hotmail.com,,,,,,,,,,,,,,,,,,,,,,,,,,,,,,
sanluisdanza,,,,,,,,,,,,,,"Nombre: sanluisdanza
",,Importado el 8/12/15 1 ::: * myContacts,* Other,sanluisdanza@yahoo.com.ar,,,,,,,,,,,,,,,,,,,,,,,,,,,,,,
sanmiro@hotmail.com,,,,,,,,,,,,,,"Nombre: sanmiro@hotmail.com
",,Importado el 8/12/15 1 ::: * myContacts,* Other,sanmiro@hotmail.com,,,,,,,,,,,,,,,,,,,,,,,,,,,,,,
santateresita260@hotmail.com,,,,,,,,,,,,,,"Nombre: santateresita260@hotmail.com
",,Importado el 8/12/15 1 ::: * myContacts,* Other,santateresita260@hotmail.com,,,,,,,,,,,,,,,,,,,,,,,,,,,,,,
Santi,,,,,,,,,,,,,,,,* myContacts,,,Mobile,+5491164811333,,,,,,,,,,,,,,,,,,,,,,,,,,,,
Santi,,_,,,,,,,,,,,,,,* myContacts,,,Móvil,+54 9 11 3412-2191,,,,,,,,,,,,,,,,,,,,,,,,,,,,
Santi Cliente 2022,,,,,,,,,,,,,,,,* myContacts,,,Mobile,+54 9 11 3024-5115,,,,,,,,,,,,,,,,,,,,,,,,,,,,
Santi Hermano De Cinthia,,,,,,,,,,,,,,,,* myContacts,,,Mobile,+5491126180627,,,,,,,,,,,,,,,,,,,,,,,,,,,,
Santi,,R,,,,,,,,,,,,,,* myContacts,,,Móvil,+54 9 11 6717-4308,,,,,,,,,,,,,,,,,,,,,,,,,,,,
santiago,,,,,,,,,,,,,,"Nombre: santiago
",,Importado el 8/12/15 1 ::: * myContacts,* Other,santiago.peluffo@swissmedical.com.ar,,,,,,,,,,,,,,,,,,,,,,,,,,,,,,
Santiago,,aberturas,,,,,,,,,,,,,,* myContacts,,,Mobile,+54 9 11 6657-3353,,,,,,,,,,,,,,,,,,,,,,,,,,,,
Santiago Bar Las,Palmas,Maschwitz,,,,,,,,,,,,,,* myContacts,,,Mobile,+54 11 6003-0985,,,,,,,,,,,,,,,,,,,,,,,,,,,,
Santiago,,Cliente,,,,,,,,,,,,,,* myContacts,,,Mobile,+54 11 5743-6427,,,,,,,,,,,,,,,,,,,,,,,,,,,,
Santiago Cliente 😎,,Por Fondo De Comercio,,,,,,,,,,,,,,* myContacts,,,Mobile,+5491136031437,,,,,,,,,,,,,,,,,,,,,,,,,,,,
Santiago,Cliente,2020,,,,,,,,,,,,,,* myContacts,,,Mobile,+54 9 11 5327-5700,,,,,,,,,,,,,,,,,,,,,,,,,,,,
Santiago Cliente 2024,,,,,,,,,,,,,,,,* myContacts,,,Mobile,+5492494280668,,,,,,,,,,,,,,,,,,,,,,,,,,,,
Santiago Cliente 2024,,Alarmas USS,,,,,,,,,,,,,,* myContacts,,,Mobile,11 6204-1397,,,,,,,,,,,,,,,,,,,,,,,,,,,,
Santiago Fletes (Placard),,,,,,,,,,,,,,,,* myContacts,,,Mobile,1168509299,,,,,,,,,,,,,,,,,,,,,,,,,,,,
Santiago Guitarra Juanjo,,Ortega,,,,,,,,,,,,,,* myContacts,,,Mobile,+54 9 11 5177-3747,,,,,,,,,,,,,,,,,,,,,,,,,,,,
Santiago Hijo,De,Teresa,,,,,,,,,,,,,,* myContacts,,,Mobile,+5493484346481,,,,,,,,,,,,,,,,,,,,,,,,,,,,
Santiago Pintura Maschwitz,,,,,,,,,,,,,,,,* myContacts,,,Mobile,+5491151350215,,,,,,,,,,,,,,,,,,,,,,,,,,,,
Santiago Y Flor Cliente 2023,,Barbaran,,,,,,,,,,,,,,* myContacts,,,Mobile,+54 9 11 5738-3932,,,,,,,,,,,,,,,,,,,,,,,,,,,,
santiagocamuna@hotmail.com,,,,,,,,,,,,,,"Nombre: santiagocamuna@hotmail.com
",,Importado el 8/12/15 1 ::: * myContacts,* Other,santiagocamuna@hotmail.com,,,,,,,,,,,,,,,,,,,,,,,,,,,,,,
santiagoqp@hotmail.com,,,,,,,,,,,,,,,,Importado el 8/12/15 1 ::: * myContacts,* Other,santiagoqp@hotmail.com,,,,,,,,,,,,,,,,,,,,,,,,,,,,,,
santib_033@hotmail.com,,,,,,,,,,,,,,"Nombre: santib_033@hotmail.com
",,Importado el 8/12/15 1 ::: * myContacts,* Other,santib_033@hotmail.com,,,,,,,,,,,,,,,,,,,,,,,,,,,,,,
santicari@yahoo.com.ar,,,,,,,,,,,,,,"Nombre: santicari@yahoo.com.ar
",,Importado el 8/12/15 1 ::: * myContacts,* Other,santicari@yahoo.com.ar,,,,,,,,,,,,,,,,,,,,,,,,,,,,,,
Santino  Productos De Limpieza,,Chemical,,,,,,,,,,,,,,* myContacts,,,Mobile,11 6708-3854,,,,,,,,,,,,,,,,,,,,,,,,,,,,
Santos,Cliente,Maschwitz,,,,,,,,,,,,,,* myContacts,,,Mobile,+54 9 11 5809-1062,,,,,,,,,,,,,,,,,,,,,,,,,,,,
santuchos@yahoo.com,,,,,,,,,,,,,,"Nombre: santuchos@yahoo.com
",,Importado el 8/12/15 1 ::: * myContacts,* Other,santuchos@yahoo.com.ar,,,,,,,,,,,,,,,,,,,,,,,,,,,,,,
santysan2004@hotmail.com,,,,,,,,,,,,,,"Nombre: santysan2004@hotmail.com
",,Importado el 8/12/15 1 ::: * myContacts,* Other,santysan2004@hotmail.com,,,,,,,,,,,,,,,,,,,,,,,,,,,,,,
saposnic@fibertel.com.ar,,,,,,,,,,,,,,"Nombre: saposnic@fibertel.com.ar
",,Importado el 8/12/15 1 ::: * myContacts,* Other,saposnic@fibertel.com.ar,,,,,,,,,,,,,,,,,,,,,,,,,,,,,,
saprigonas_karigriselda@yahoo.com.ar,,,,,,,,,,,,,,"Nombre: saprigonas_karigriselda@yahoo.com.ar
",,Importado el 8/12/15 1 ::: * myContacts,* Other,saprigonas_karigriselda@yahoo.com.ar,,,,,,,,,,,,,,,,,,,,,,,,,,,,,,
Sara,Cliente,2021×,,,,,,,,,,,,,,* myContacts,,,Mobile,+54 9 11 3211-7342,,,,,,,,,,,,,,,,,,,,,,,,,,,,
sara miriam,,,,,,,,,,,,,,"Nombre: sara miriam
",,Importado el 8/12/15 1 ::: * myContacts,* Other,saramiriamfasanelli@hotmail.com,,,,,,,,,,,,,,,,,,,,,,,,,,,,,,
Sara,Registros,Acashicos,,,,,,,,,,,,,,* myContacts,,,Casa,+54 9 11 2327-9890,,,,,,,,,,,,,,,,,,,,,,,,,,,,
sara20022002@maktoob.com,,,,,,,,,,,,,,"Nombre: sara20022002@maktoob.com
",,Importado el 8/12/15 1 ::: * myContacts,* Other,sara20022002@maktoob.com,,,,,,,,,,,,,,,,,,,,,,,,,,,,,,
saracanan@hotmail.com,,,,,,,,,,,,,,"Nombre: saracanan@hotmail.com
",,Importado el 8/12/15 1 ::: * myContacts,* Other,saracanan@hotmail.com,,,,,,,,,,,,,,,,,,,,,,,,,,,,,,
Sarah,Cliente,Puertos,,,,,,,,,,,,,,* myContacts,,,Mobile,+54 9 11 5151-8233,,,,,,,,,,,,,,,,,,,,,,,,,,,,
sarahelga@yahoo.com.ar,,,,,,,,,,,,,,"Nombre: sarahelga@yahoo.com.ar
",,Importado el 8/12/15 1 ::: * myContacts,* Other,sarahelga@yahoo.com.ar,,,,,,,,,,,,,,,,,,,,,,,,,,,,,,
saraveron@hotmail.co,,,,,,,,,,,,,,"Nombre: saraveron@hotmail.co
",,Importado el 8/12/15 1 ::: * myContacts,* Other,saraveron@hotmail.com,,,,,,,,,,,,,,,,,,,,,,,,,,,,,,
sareenodalisca@gmail.com,,,,,,,,,,,,,,"Nombre: sareenodalisca@gmail.com
",,Importado el 8/12/15 1 ::: * myContacts,* Other,sareenodalisca@gmail.com,,,,,,,,,,,,,,,,,,,,,,,,,,,,,,
sariadna_yo@hotmail.com,,,,,,,,,,,,,,"Nombre: sariadna_yo@hotmail.com
",,Importado el 8/12/15 1 ::: * myContacts,* Other,sariadna_yo@hotmail.com,,,,,,,,,,,,,,,,,,,,,,,,,,,,,,
Saridis,,Marcelo,,,,,,,,,,,,,,* myContacts,,,Mobile,1144984992,,,,,,,,,,,,,,,,,,,,,,,,,,,,
sarkis@chek.com,,,,,,,,,,,,,,,,Importado el 8/12/15 1 ::: * myContacts,* Other,sarkis@chek.com,,,,,,,,,,,,,,,,,,,,,,,,,,,,,,
Sasha,Clienta,2020,,,,,,,,,,,,,,* myContacts,,,Mobile,+54 9 11 2349-5197,,,,,,,,,,,,,,,,,,,,,,,,,,,,
sashakanan@yahoo.com.ar,,,,,,,,,,,,,,,,Importado el 8/12/15 1 ::: * myContacts,* Other,sashakanan@yahoo.com.ar,,,,,,,,,,,,,,,,,,,,,,,,,,,,,,
sashaodalisca851@hotmail.com,,,,,,,,,,,,,,"Nombre: sashaodalisca851@hotmail.com
",,Importado el 8/12/15 1 ::: * myContacts,* Other,sashaodalisca851@hotmail.com,,,,,,,,,,,,,,,,,,,,,,,,,,,,,,
sasiqueen@fibertel.com.ar,,,,,,,,,,,,,,"Nombre: sasiqueen@fibertel.com.ar
",,Importado el 8/12/15 1 ::: * myContacts,* Other,sasiqueen@fibertel.com.ar,,,,,,,,,,,,,,,,,,,,,,,,,,,,,,
sasynan2002@yahoo.com.ar,,,,,,,,,,,,,,"Nombre: sasynan2002@yahoo.com.ar
",,Importado el 8/12/15 1 ::: * myContacts,* Other,sasynan2002@yahoo.com.ar,,,,,,,,,,,,,,,,,,,,,,,,,,,,,,
Sathya0023@yahoo.com.ar,,,,,,,,,,,,,,"Nombre: Sathya0023@yahoo.com.ar
",,Importado el 8/12/15 1 ::: * myContacts,* Other,Sathya0023@yahoo.com.ar,,,,,,,,,,,,,,,,,,,,,,,,,,,,,,
Saul,,Colombia,,,,,,,,,,,,,,* myContacts,,,Celular,+54 9 11 2878-0958,,,,,,,,,,,,,,,,,,,,,,,,,,,,
saverioperre@hotmail.com,,,,,,,,,,,,,,"Nombre: saverioperre@hotmail.com
",,Importado el 8/12/15 1 ::: * myContacts,* Other,saverioperre@hotmail.com,,,,,,,,,,,,,,,,,,,,,,,,,,,,,,
savinijudo@ciudad.com.ar,,,,,,,,,,,,,,"Nombre: savinijudo@ciudad.com.ar
",,Importado el 8/12/15 1 ::: * myContacts,* Other,savinijudo@ciudad.com.ar,,,,,,,,,,,,,,,,,,,,,,,,,,,,,,
sblostein@ciudad.com.ar,,,,,,,,,,,,,,,,Importado el 8/12/15 1 ::: * myContacts,* Other,sblostein@ciudad.com.ar,,,,,,,,,,,,,,,,,,,,,,,,,,,,,,
sc_1920@hotmail.com,,,,,,,,,,,,,,"Nombre: sc_1920@hotmail.com
",,Importado el 8/12/15 1 ::: * myContacts,* Other,sc_1920@hotmail.com,,,,,,,,,,,,,,,,,,,,,,,,,,,,,,
sccescorpio@hotmail.com,,,,,,,,,,,,,,"Nombre: sccescorpio@hotmail.com
",,Importado el 8/12/15 1 ::: * myContacts,* Other,sccescorpio@hotmail.com,,,,,,,,,,,,,,,,,,,,,,,,,,,,,,
schiammara@yahoo.com.ar,,,,,,,,,,,,,,"Nombre: schiammara@yahoo.com.ar
",,Importado el 8/12/15 1 ::: * myContacts,* Other,schiammara@yahoo.com.ar,,,,,,,,,,,,,,,,,,,,,,,,,,,,,,
sdamoi@yahoo.com.es,,,,,,,,,,,,,,"Nombre: sdamoi@yahoo.com.es
",,Importado el 8/12/15 1 ::: * myContacts,* Other,sdamoi@yahoo.com.es,,,,,,,,,,,,,,,,,,,,,,,,,,,,,,
Seba Bar,Las,Palmas,,,,,,,,,,,,,,* myContacts,,,Mobile,+54 9 11 5505-8040,,,,,,,,,,,,,,,,,,,,,,,,,,,,
Seba Cliente 2023,,,,,,,,,,,,,,,,* myContacts,,,Mobile,+54 9 11 5753-6743,,,,,,,,,,,,,,,,,,,,,,,,,,,,
sebagraff@hotmail.com,,,,,,,,,,,,,,"Nombre: sebagraff@hotmail.com
",,Importado el 8/12/15 1 ::: * myContacts,* Other,sebagraff@hotmail.com,,,,,,,,,,,,,,,,,,,,,,,,,,,,,,
sebaobe21@yahoo.com.ar,,,,,,,,,,,,,,,,Importado el 8/12/15 1 ::: * myContacts,* Other,sebaobe21@yahoo.com.ar,,,,,,,,,,,,,,,,,,,,,,,,,,,,,,
sebaschun@hotmail.com,,,,,,,,,,,,,,"Nombre: sebaschun@hotmail.com
",,Importado el 8/12/15 1 ::: * myContacts,* Other,sebaschun@hotmail.com,,,,,,,,,,,,,,,,,,,,,,,,,,,,,,
Sebastian Bordisso,,QPONS,,,,,,,,Sebastian Bordisso,,,,,,* myContacts,,,Mobile,+54 9 11 3654-4654,,,,,,,,,,,,,,,,,,,,,,,,,,,,
Sebastián Cliente 2022,,Araya,,,,,,,,,,,,,,* myContacts,,,Mobile,+54 9 11 6627-9393,,,,,,,,,,,,,,,,,,,,,,,,,,,,
Sebastián Cliente 2023,,,,,,,,,,,,,,,,* myContacts,,,Mobile,+54 11 5111-6776,,,,,,,,,,,,,,,,,,,,,,,,,,,,
Sebastian Cliente 2023,,Blanklejder,,,,,,,,,,,,,,* myContacts,,,Mobile,+5491155649389,,,,,,,,,,,,,,,,,,,,,,,,,,,,
Sebastian Cliente 2025,,Amigo De Lucas,,,,,,,,,,,,,,* myContacts,,,Mobile,+5491132410962,,,,,,,,,,,,,,,,,,,,,,,,,,,,
Sebastian Cliente 2026,,,,,,,,,,,,,,,,* myContacts,,,Mobile,+5491169611594,,,,,,,,,,,,,,,,,,,,,,,,,,,,
Sebastian Limpieza,De,Tapizados,,,,,,,,,,,,,,* myContacts,,,Mobile,+54 9 11 6493-3266,,,,,Home,Adolfo Alsina 2150 Florida,2150 Adolfo Alsina,Florida,,,,,,,,,,,,,,,,,,,,
Sebastián respuestos autos,,Moto Mercado,,,,,,,,,,,,,,* myContacts,,,Mobile,11 5163-8339,,,,,,,,,,,,,,,,,,,,,,,,,,,,
Sébastien,,,,,,,,,,,,,,"Nombre: Sébastien
",,Importado el 8/12/15 1 ::: * myContacts,* Other,massseb@cognicase.com,,,,,,,,,,,,,,,,,,,,,,,,,,,,,,
sebdrat@hotmail.com,,,,,,,,,,,,,,,,Importado el 8/12/15 1 ::: * myContacts,* Other,sebdrat@hotmail.com,,,,,,,,,,,,,,,,,,,,,,,,,,,,,,
sebrotstein@fibertel.com.ar,,,,,,,,,,,,,,"Nombre: sebrotstein@fibertel.com.ar
",,Importado el 8/12/15 1 ::: * myContacts,* Other,sebrotstein@fibertel.com.ar,,,,,,,,,,,,,,,,,,,,,,,,,,,,,,
sedetriunvirato@yahoo.com.ar <sedetriunvirato@yahoo.com.ar>,,,,,,,,,,,,,,"Nombre: sedetriunvirato@yahoo.com.ar <sedetriunvirato@yahoo.com.ar>
",,Importado el 8/12/15 1 ::: * myContacts,* Other,sedetriunvirato@yahoo.com.ar,,,,,,,,,,,,,,,,,,,,,,,,,,,,,,
selemyobi@hotmail.co,,,,,,,,,,,,,,"Nombre: selemyobi@hotmail.co
",,Importado el 8/12/15 1 ::: * myContacts,* Other,selemyobi@hotmail.com,,,,,,,,,,,,,,,,,,,,,,,,,,,,,,
Selena Cliente 2025,,,,,,,,,,,,,,,,* myContacts,,,Mobile,+5491152578241,,,,,,,,,,,,,,,,,,,,,,,,,,,,
selena_20002003@yahoo.com.ar,,,,,,,,,,,,,,"Nombre: selena_20002003@yahoo.com.ar
",,Importado el 8/12/15 1 ::: * myContacts,* Other,selena_20002003@yahoo.com.ar,,,,,,,,,,,,,,,,,,,,,,,,,,,,,,
selenakareena@yahoo.com,,,,,,,,,,,,,,"Nombre: selenakareena@yahoo.com
",,Importado el 8/12/15 1 ::: * myContacts,* Other,selenakareena@yahoo.com,,,,,,,,,,,,,,,,,,,,,,,,,,,,,,
seleneodalisca@yahoo.com.ar,,,,,,,,,,,,,,,,Importado el 8/12/15 1 ::: * myContacts,* Other,seleneodalisca@yahoo.com.ar,,,,,,,,,,,,,,,,,,,,,,,,,,,,,,
selvadipasquale@yahoo.com.ar,,,,,,,,,,,,,,"Nombre: selvadipasquale@yahoo.com.ar
",,Importado el 8/12/15 1 ::: * myContacts,* Other,selvadipasquale@yahoo.com.ar,,,,,,,,,,,,,,,,,,,,,,,,,,,,,,
selvanegra13@hotmail.com,,,,,,,,,,,,,,"Nombre: selvanegra13@hotmail.com
",,Importado el 8/12/15 1 ::: * myContacts,* Other,selvanegra13@hotmail.com,,,,,,,,,,,,,,,,,,,,,,,,,,,,,,
semiya@speedy.com.ar,,,,,,,,,,,,,,"Nombre: semiya@speedy.com.ar
",,Importado el 8/12/15 1 ::: * myContacts,* Other,semiya@speedy.com.ar,,,,,,,,,,,,,,,,,,,,,,,,,,,,,,
senildemencia@hotmail.com,,,,,,,,,,,,,,"Nombre: senildemencia@hotmail.com
",,Importado el 8/12/15 1 ::: * myContacts,* Other,senildemencia@hotmail.com,,,,,,,,,,,,,,,,,,,,,,,,,,,,,,
sentires_argentinos@yahoo.com.ar,,,,,,,,,,,,,,"Nombre: sentires_argentinos@yahoo.com.ar
",,Importado el 8/12/15 1 ::: * myContacts,* Other,sentires_argentinos@yahoo.com.ar,,,,,,,,,,,,,,,,,,,,,,,,,,,,,,
seomarab@hotmail.com,,,,,,,,,,,,,,"Nombre: seomarab@hotmail.com
",,Importado el 8/12/15 1 ::: * myContacts,* Other,seomarab@hotmail.com,,,,,,,,,,,,,,,,,,,,,,,,,,,,,,
seraportiyserapormi@hotmail.com,,,,,,,,,,,,,,"Nombre: seraportiyserapormi@hotmail.com
",,Importado el 8/12/15 1 ::: * myContacts,* Other,seraportiyserapormi@hotmail.com,,,,,,,,,,,,,,,,,,,,,,,,,,,,,,
sergio,,,,,,,,,,,,,,"Nombre: sergio
",,Importado el 8/12/15 1 ::: * myContacts,* Other,gsergiop@hotmail.com,,,,,,,,,,,,,,,,,,,,,,,,,,,,,,
Sergio,,,,,,,,,,,,,,,,* myContacts,,,Mobile,11 5838-1838,,,,,,,,,,,,,,,,,,,,,,,,,,,,
sergio,,,,,,,,,,,,,,"Nombre: sergio
",,Importado el 8/12/15 1 ::: * myContacts,* Other,auditoria@cm-salud.com.ar,,,,,,,,,,,,,,,,,,,,,,,,,,,,,,
Sergio,,,,,,,,,,,,,,"Nombre: Sergio
",,Importado el 8/12/15 1 ::: * myContacts,* Other,sguardo@gmail.com,,,,,,,,,,,,,,,,,,,,,,,,,,,,,,
Sergio,Agua,Misiones,,,,,,,,,,,,,,* myContacts,,,Mobile,1138410180,,,,,,,,,,,,,,,,,,,,,,,,,,,,
Sergio,Carnicería,Maschwitz,,,,,,,,,,,,,,* myContacts,,,Mobile,1154701988,,,,,,,,,,,,,,,,,,,,,,,,,,,,
Sergio,,Cliente,,,,,,,,,,,,,,* myContacts,,,Mobile,11 6410-6419,,,,,,,,,,,,,,,,,,,,,,,,,,,,
Sergio,Cliente,Negocio,,,,,,,,,,,,,,* myContacts,,,Mobile,+54 9 11 6410-6419,,,,,,,,,,,,,,,,,,,,,,,,,,,,
Sergio,Fernandez,Ezeiza,,,,,,,,,,,,,,* myContacts,,,Mobile,1163617545,,,,,,,,,,,,,,,,,,,,,,,,,,,,
Sergio Mecánico De Parte De Edgar,,,,,,,,,,,,,,,,* myContacts,,,Móvil,+54 9 11 4071-7007,,,,,,,,,,,,,,,,,,,,,,,,,,,,
Sergio,,Montana,,,,,,,,,,,,,https://lh3.googleusercontent.com/contacts/AG6tpzG3DIw09j8OXwM2i8uTmZs99P9ag8hjMIZBEqXXU5Faodm2-h38,Importado el 8/12/15 1 ::: * myContacts,* Other,info@sergiomontana.com,,,,,,,,,,,,,,,,,,,,,,,,,,,,,,
Sergio Montana,,,,,,,,,,,,,,,,Importado el 8/12/15 1 ::: * myContacts,* Other,info@solosdederbake.com,,,,,,,,,,,,,,,,,,,,,,,,,,,,,,
sergio_stadnik@hotmail.com,,,,,,,,,,,,,,"Nombre: sergio_stadnik@hotmail.com
",,Importado el 8/12/15 1 ::: * myContacts,* Other,sergio_stadnik@hotmail.com,,,,,,,,,,,,,,,,,,,,,,,,,,,,,,
sergio@imepa.com.ar,,,,,,,,,,,,,,"Nombre: sergio@imepa.com.ar
",,Importado el 8/12/15 1 ::: * myContacts,* Other,sergio@imepa.com.ar,,,,,,,,,,,,,,,,,,,,,,,,,,,,,,
sergioandres.torchia@teleperformanceusa.com,,,,,,,,,,,,,,"Nombre: sergioandres.torchia@teleperformanceusa.com
",,Importado el 8/12/15 1 ::: * myContacts,* Other,sergioandres.torchia@teleperformanceusa.com,,,,,,,,,,,,,,,,,,,,,,,,,,,,,,
sergiobarrera06@hotmail.com,,,,,,,,,,,,,,"Nombre: sergiobarrera06@hotmail.com
",,Importado el 8/12/15 1 ::: * myContacts,* Other,sergiobarrera06@hotmail.com,,,,,,,,,,,,,,,,,,,,,,,,,,,,,,
sergiohoracio31@hotmail.com,,,,,,,,,,,,,,"Nombre: sergiohoracio31@hotmail.com
",,Importado el 8/12/15 1 ::: * myContacts,* Other,sergiohoracio31@hotmail.com,,,,,,,,,,,,,,,,,,,,,,,,,,,,,,
sergioomontana@hotmail.com,,,,,,,,,,,,,,,,Importado el 8/12/15 1 ::: * myContacts,* Other,sergioomontana@hotmail.com,,,,,,,,,,,,,,,,,,,,,,,,,,,,,,
Sergioouu,,,,,,,,,,,,,,,,* myContacts,,,Mobile,+5491170634208,,,,,,,,,,,,,,,,,,,,,,,,,,,,
sergior_leanez@hotmail.com,,,,,,,,,,,,,,"Nombre: sergior_leanez@hotmail.com
",,Importado el 8/12/15 1 ::: * myContacts,* Other,sergior_leanez@hotmail.com,,,,,,,,,,,,,,,,,,,,,,,,,,,,,,
sergiovalero@bailesvalero.cl,,,,,,,,,,,,,,"Nombre: sergiovalero@bailesvalero.cl
",,Importado el 8/12/15 1 ::: * myContacts,* Other,sergiovalero@bailesvalero.cl,,,,,,,,,,,,,,,,,,,,,,,,,,,,,,
serivan77@hotmail.com,,,,,,,,,,,,,,"Nombre: serivan77@hotmail.com
",,Importado el 8/12/15 1 ::: * myContacts,* Other,serivan77@hotmail.com,,,,,,,,,,,,,,,,,,,,,,,,,,,,,,
serlore09@hotmail.com,,,,,,,,,,,,,,"Nombre: serlore09@hotmail.com
",,Importado el 8/12/15 1 ::: * myContacts,* Other,serlore09@hotmail.com,,,,,,,,,,,,,,,,,,,,,,,,,,,,,,
sermar@fibertel.com,,,,,,,,,,,,,,"Nombre: sermar@fibertel.com
",,Importado el 8/12/15 1 ::: * myContacts,* Other,sermar@fibertel.com.ar,,,,,,,,,,,,,,,,,,,,,,,,,,,,,,
Service Aspiradora ,,Nazca Silvia-elsa,,,,,,,,,,,,,,* myContacts,,,Mobile,+54 9 11 5049-2357,,,,,,,,,,,,,,,,,,,,,,,,,,,,
sesar9876@hotmail.com,,,,,,,,,,,,,,"Nombre: sesar9876@hotmail.com
",,Importado el 8/12/15 1 ::: * myContacts,* Other,sesar9876@hotmail.com,,,,,,,,,,,,,,,,,,,,,,,,,,,,,,
setiembre_1@hotmail.com,,,,,,,,,,,,,,"Nombre: setiembre_1@hotmail.com
",,Importado el 8/12/15 1 ::: * myContacts,* Other,setiembre_1@hotmail.com,,,,,,,,,,,,,,,,,,,,,,,,,,,,,,
Seven SPORT Lanus,,Mariela,,,,,,,,9 De Julio 1432,,,,,,* myContacts,,,Mobile,1158577078,,,,,,,,,,,,,,,,,,,,,,,,,,,,
sextetomayorigtango@hotmail.com,,,,,,,,,,,,,,,,Importado el 8/12/15 1 ::: * myContacts,* Other,sextetomayorigtango@hotmail.com,,,,,,,,,,,,,,,,,,,,,,,,,,,,,,
sexyman494@hotmail.com,,,,,,,,,,,,,,"Nombre: sexyman494@hotmail.com
",,Importado el 8/12/15 1 ::: * myContacts,* Other,sexyman494@hotmail.com,,,,,,,,,,,,,,,,,,,,,,,,,,,,,,
seyyide98@hotmail.com,,,,,,,,,,,,,,"Nombre: seyyide98@hotmail.com
",,Importado el 8/12/15 1 ::: * myContacts,* Other,seyyide98@hotmail.com,,,,,,,,,,,,,,,,,,,,,,,,,,,,,,
sfente@americantracer.com,,,,,,,,,,,,,,,,Importado el 8/12/15 1 ::: * myContacts,* Other,sfente@americantracer.com,,,,,,,,,,,,,,,,,,,,,,,,,,,,,,
sgtielli@hotmail.com,,,,,,,,,,,,,,"Nombre: sgtielli@hotmail.com
",,Importado el 8/12/15 1 ::: * myContacts,* Other,sgtielli@hotmail.com,,,,,,,,,,,,,,,,,,,,,,,,,,,,,,
shaasmir@hotmail.com,,,,,,,,,,,,,,"Nombre: shaasmir@hotmail.com
",,Importado el 8/12/15 1 ::: * myContacts,* Other,shaasmir@hotmail.com,,,,,,,,,,,,,,,,,,,,,,,,,,,,,,
shabanna18@yahoo.es,,,,,,,,,,,,,,"Nombre: shabanna18@yahoo.es
",,Importado el 8/12/15 1 ::: * myContacts,* Other,shabanna18@yahoo.es,,,,,,,,,,,,,,,,,,,,,,,,,,,,,,
shabibat_ballet@hotmail.com,,,,,,,,,,,,,,,,Importado el 8/12/15 1 ::: * myContacts,* Other,shabibat_ballet@hotmail.com,,,,,,,,,,,,,,,,,,,,,,,,,,,,,,
shaddai_odalisca@yahoo.com.ar,,,,,,,,,,,,,,"Nombre: shaddai_odalisca@yahoo.com.ar
",,Importado el 8/12/15 1 ::: * myContacts,* Other,shaddai_odalisca@yahoo.com.ar,,,,,,,,,,,,,,,,,,,,,,,,,,,,,,
shaddaimail@yahoo.com.ar,,,,,,,,,,,,,,"Nombre: shaddaimail@yahoo.com.ar
",,Importado el 8/12/15 1 ::: * myContacts,* Other,shaddaimail@yahoo.com.ar,,,,,,,,,,,,,,,,,,,,,,,,,,,,,,
shadia@uol.com.ar,,,,,,,,,,,,,,"Nombre: shadia@uol.com.ar
",,Importado el 8/12/15 1 ::: * myContacts,* Other,shadia@uol.com.ar,,,,,,,,,,,,,,,,,,,,,,,,,,,,,,
shadrawy@elojodehorus.com.ar,,,,,,,,,,,,,,,,Importado el 8/12/15 1 ::: * myContacts,* Other,shadrawy@elojodehorus.com.ar,,,,,,,,,,,,,,,,,,,,,,,,,,,,,,
shadya_odalisca@hotmail.com,,,,,,,,,,,,,,"Nombre: shadya_odalisca@hotmail.com
",,Importado el 8/12/15 1 ::: * myContacts,* Other,shadya_odalisca@hotmail.com,,,,,,,,,,,,,,,,,,,,,,,,,,,,,,
shahana_bellydance@hotmail.com,,,,,,,,,,,,,,"Nombre: shahana_bellydance@hotmail.com
",,Importado el 8/12/15 1 ::: * myContacts,* Other,shahana_bellydance@hotmail.com,,,,,,,,,,,,,,,,,,,,,,,,,,,,,,
shahdana_bellydance@hotmail.com,,,,,,,,,,,,,,"Nombre: shahdana_bellydance@hotmail.com
",,Importado el 8/12/15 1 ::: * myContacts,* Other,shahdana_bellydance@hotmail.com,,,,,,,,,,,,,,,,,,,,,,,,,,,,,,
shaila_odalisca@yahoo.com.ar,,,,,,,,,,,,,,"Nombre: shaila_odalisca@yahoo.com.ar
",,Importado el 8/12/15 1 ::: * myContacts,* Other,shaila_odalisca@yahoo.com.ar,,,,,,,,,,,,,,,,,,,,,,,,,,,,,,
shajraman@hotmail.com,,,,,,,,,,,,,,"Nombre: shajraman@hotmail.com
",,Importado el 8/12/15 1 ::: * myContacts,* Other,shajraman@hotmail.com,,,,,,,,,,,,,,,,,,,,,,,,,,,,,,
shakti@odaliscashowsarabes.com.ar,,,,,,,,,,,,,,"Nombre: shakti@odaliscashowsarabes.com.ar
",,Importado el 8/12/15 1 ::: * myContacts,* Other,shakti@odaliscashowsarabes.com.ar,,,,,,,,,,,,,,,,,,,,,,,,,,,,,,
shakti7lunas@yahoo.com,,,,,,,,,,,,,,,,Importado el 8/12/15 1 ::: * myContacts,* Other,shakti7lunas@yahoo.com,,,,,,,,,,,,,,,,,,,,,,,,,,,,,,
shala@ciudad.com.ar,,,,,,,,,,,,,,"Nombre: shala@ciudad.com.ar
",,Importado el 8/12/15 1 ::: * myContacts,* Other,shala@ciudad.com.ar,,,,,,,,,,,,,,,,,,,,,,,,,,,,,,
shaladanza@gmail.com,,,,,,,,,,,,,,"Nombre: shaladanza@gmail.com
",,Importado el 8/12/15 1 ::: * myContacts,* Other,shaladanza@gmail.com,,,,,,,,,,,,,,,,,,,,,,,,,,,,,,
shamira_laturkita@hotmail.com,,,,,,,,,,,,,,"Nombre: shamira_laturkita@hotmail.com
",,Importado el 8/12/15 1 ::: * myContacts,* Other,shamira_laturkita@hotmail.com,,,,,,,,,,,,,,,,,,,,,,,,,,,,,,
shams_lu@hotmail.com,,,,,,,,,,,,,,"Nombre: shams_lu@hotmail.com
",,Importado el 8/12/15 1 ::: * myContacts,* Other,shams_lu@hotmail.com,,,,,,,,,,,,,,,,,,,,,,,,,,,,,,
shams_odalisca@hotmail.com,,,,,,,,,,,,,,"Nombre: shams_odalisca@hotmail.com
",,Importado el 8/12/15 1 ::: * myContacts,* Other,shams_odalisca@hotmail.com,,,,,,,,,,,,,,,,,,,,,,,,,,,,,,
shamsi_raks@hotmail....,,,,,,,,,,,,,,"Nombre: shamsi_raks@hotmail.com


Nombre: shamsi_raks@hotmail....
",,Importado el 8/12/15 1 ::: * myContacts,* Other,shamsi_raks@hotmail.com,,,,,,,,,,,,,,,,,,,,,,,,,,,,,,
shanan_bellydancer@yahoo.com.ar,,,,,,,,,,,,,,,,Importado el 8/12/15 1 ::: * myContacts,* Other,shanan_bellydancer@yahoo.com.ar,,,,,,,,,,,,,,,,,,,,,,,,,,,,,,
shaniakrishna@hotmail.com,,,,,,,,,,,,,,"Nombre: shaniakrishna@hotmail.com
",,Importado el 8/12/15 1 ::: * myContacts,* Other,shaniakrishna@hotmail.com,,,,,,,,,,,,,,,,,,,,,,,,,,,,,,
shanin_odalisca@hotmail.com,,,,,,,,,,,,,,"Nombre: shanin_odalisca@hotmail.com
",,Importado el 8/12/15 1 ::: * myContacts,* Other,shanin_odalisca@hotmail.com,,,,,,,,,,,,,,,,,,,,,,,,,,,,,,
shaskadance@aol.com,,,,,,,,,,,,,,"Nombre: shaskadance@aol.com
",,Importado el 8/12/15 1 ::: * myContacts,* Other,shaskadance@aol.com,,,,,,,,,,,,,,,,,,,,,,,,,,,,,,
shasnaz@hotmail.com,,,,,,,,,,,,,,"Nombre: shasnaz@hotmail.com
",,Importado el 8/12/15 1 ::: * myContacts,* Other,shasnaz@hotmail.com,,,,,,,,,,,,,,,,,,,,,,,,,,,,,,
shasta278@hotmail.com,,,,,,,,,,,,,,"Nombre: shasta278@hotmail.com
",,Importado el 8/12/15 1 ::: * myContacts,* Other,shasta278@hotmail.com,,,,,,,,,,,,,,,,,,,,,,,,,,,,,,
shaya_trajes@hotmail.com,,,,,,,,,,,,,,,,Importado el 8/12/15 1 ::: * myContacts,* Other,shaya_trajes@hotmail.com,,,,,,,,,,,,,,,,,,,,,,,,,,,,,,
shayira_annum@hotmail.com,,,,,,,,,,,,,,"Nombre: shayira_annum@hotmail.com
",,Importado el 8/12/15 1 ::: * myContacts,* Other,shayira_annum@hotmail.com,,,,,,,,,,,,,,,,,,,,,,,,,,,,,,
shayma_arab@yahoo.com.ar,,,,,,,,,,,,,,"Nombre: shayma_arab@yahoo.com.ar
",,Importado el 8/12/15 1 ::: * myContacts,* Other,shayma_arab@yahoo.com.ar,,,,,,,,,,,,,,,,,,,,,,,,,,,,,,
shayminaelias@gmail.com,,,,,,,,,,,,,,"Nombre: shaymina
",,Importado el 8/12/15 1 ::: * myContacts,* Other,shayminaelias@gmail.com,,,,,,,,,,,,,,,,,,,,,,,,,,,,,,
shazadi_bellydancer@hotmail.com,,,,,,,,,,,,,,"Nombre: shazadi_bellydancer@hotmail.com
",,Importado el 8/12/15 1 ::: * myContacts,* Other,shazadi_bellydancer@hotmail.com,,,,,,,,,,,,,,,,,,,,,,,,,,,,,,
Shei 2,,,,,,,,,,,,,,,,* myContacts,,,Móvil,+54 9 11 2368-3081,,,,,,,,,,,,,,,,,,,,,,,,,,,,
Shei Posible Empleada,,,,,,,,,,,,,,,,* myContacts,,,Móvil,+54 9 11 3586-5771 ::: +54 9 11 2368-3081,,,,,,,,,,,,,,,,,,,,,,,,,,,,
sheik@fibertel.com.ar,,,,,,,,,,,,,,"Nombre: sheik@fibertel.com.ar
",,Importado el 8/12/15 1 ::: * myContacts,* Other,sheik@fibertel.com.ar,,,,,,,,,,,,,,,,,,,,,,,,,,,,,,
sheikarab@gmail.com,,,,,,,,,,,,,,"Nombre: sheikarab@gmail.com
",,Importado el 8/12/15 1 ::: * myContacts,* Other,sheikarab@gmail.com,,,,,,,,,,,,,,,,,,,,,,,,,,,,,,
Sheila,Cliente,Puertos,,,,,,,,,,,,,,* myContacts,,,Mobile,+54 11 4035-9846,,,,,Home,Puertos Vistas Lote 267,Puertos Vistas Lote 267,,,,,,,,,,,,,,,,,,,,,
Shell,,,,,,,,,,,,,,,,* myContacts,,,Mobile,11 3183-4503,,,,,,,,,,,,,,,,,,,,,,,,,,,,
shelzian@hotmail.com,,,,,,,,,,,,,,"Nombre: shelzian@hotmail.com
",,Importado el 8/12/15 1 ::: * myContacts,* Other,shelzian@hotmail.com,,,,,,,,,,,,,,,,,,,,,,,,,,,,,,
shesmindance@homail.com,,,,,,,,,,,,,,"Nombre: shesmindance@homail.com
",,Importado el 8/12/15 1 ::: * myContacts,* Other,shesmindance@homail.com,,,,,,,,,,,,,,,,,,,,,,,,,,,,,,
shigella_7@hotmail.c...,,,,,,,,,,,,,,"Nombre: shigella_7@hotmail.c...
",,Importado el 8/12/15 1 ::: * myContacts,* Other,shigella_7@hotmail.com,,,,,,,,,,,,,,,,,,,,,,,,,,,,,,
shojo13@hotmail.com,,,,,,,,,,,,,,"Nombre: shojo13@hotmail.com
",,Importado el 8/12/15 1 ::: * myContacts,* Other,shojo13@hotmail.com,,,,,,,,,,,,,,,,,,,,,,,,,,,,,,
shows@salomelaodalisca.com.ar,,,,,,,,,,,,,,"Nombre: shows@salomelaodalisca.com.ar
",,Importado el 8/12/15 1 ::: * myContacts,* Other,shows@salomelaodalisca.com.ar,,,,,,,,,,,,,,,,,,,,,,,,,,,,,,
shyrcohen@hotmail.com,,,,,,,,,,,,,,"Nombre: shyrcohen@hotmail.com
",,Importado el 8/12/15 1 ::: * myContacts,* Other,shyrcohen@hotmail.com,,,,,,,,,,,,,,,,,,,,,,,,,,,,,,
sibeldanza@yahoo.com...,,,,,,,,,,,,,,"Nombre: sibeldanza@yahoo.com...
",,Importado el 8/12/15 1 ::: * myContacts,* Other,sibeldanza@yahoo.com.ar,,,,,,,,,,,,,,,,,,,,,,,,,,,,,,
siemprealma@hotmail.com,,,,,,,,,,,,,,"Nombre: siemprealma@hotmail.com
",,Importado el 8/12/15 1 ::: * myContacts,* Other,siemprealma@hotmail.com,,,,,,,,,,,,,,,,,,,,,,,,,,,,,,
sien2068@yahoo.com.ar,,,,,,,,,,,,,,"Nombre: sien2068@yahoo.com.ar
",,Importado el 8/12/15 1 ::: * myContacts,* Other,sien2068@yahoo.com.ar,,,,,,,,,,,,,,,,,,,,,,,,,,,,,,
sietec@sietecielos.com,,,,,,,,,,,,,,"Nombre: sietec@sietecielos.com
",,Importado el 8/12/15 1 ::: * myContacts,* Other,sietec@sietecielos.com,,,,,,,,,,,,,,,,,,,,,,,,,,,,,,
sieteestrellass@yahoo.com.ar,,,,,,,,,,,,,,,,Importado el 8/12/15 1 ::: * myContacts,* Other,sieteestrellass@yahoo.com.ar,,,,,,,,,,,,,,,,,,,,,,,,,,,,,,
Sil_ juli,,,,,,,,,,,,,,,,* myContacts,,,Mobile,1144443461,,,,,,,,,,,,,,,,,,,,,,,,,,,,
sil_guignard@hotmail.com,,,,,,,,,,,,,,"Nombre: sil_guignard@hotmail.com
",,Importado el 8/12/15 1 ::: * myContacts,* Other,sil_guignard@hotmail.com,,,,,,,,,,,,,,,,,,,,,,,,,,,,,,
sil-fant@hotmail.com,,,,,,,,,,,,,,"Nombre: sil-fant@hotmail.com
",,Importado el 8/12/15 1 ::: * myContacts,* Other,sil-fant@hotmail.com,,,,,,,,,,,,,,,,,,,,,,,,,,,,,,
silamaje@sme.com.ar,,,,,,,,,,,,,,,,Importado el 8/12/15 1 ::: * myContacts,* Other,silamaje@sme.com.ar,,,,,,,,,,,,,,,,,,,,,,,,,,,,,,
silbedia@yahoo.com.ar,,,,,,,,,,,,,,"Nombre: silbedia@yahoo.com.ar
",,Importado el 8/12/15 1 ::: * myContacts,* Other,silbedia@yahoo.com.ar,,,,,,,,,,,,,,,,,,,,,,,,,,,,,,
sile_23@hotmail.com,,,,,,,,,,,,,,"Nombre: sile_23@hotmail.com
",,Importado el 8/12/15 1 ::: * myContacts,* Other,sile_23@hotmail.com,,,,,,,,,,,,,,,,,,,,,,,,,,,,,,
siljuarez55@hotmail.com,,,,,,,,,,,,,,"Nombre: siljuarez55@hotmail.com
",,Importado el 8/12/15 1 ::: * myContacts,* Other,siljuarez55@hotmail.com,,,,,,,,,,,,,,,,,,,,,,,,,,,,,,
silmalak@hotmail.com,,,,,,,,,,,,,,,,Importado el 8/12/15 1 ::: * myContacts,* Other,silmalak@hotmail.com,,,,,,,,,,,,,,,,,,,,,,,,,,,,,,
SILMETIVIER@hotmail.com,,,,,,,,,,,,,,"Nombre: SILMETIVIER@hotmail.com
",,Importado el 8/12/15 1 ::: * myContacts,* Other,SILMETIVIER@hotmail.com,,,,,,,,,,,,,,,,,,,,,,,,,,,,,,
silmge@yahoo.com.ar,,,,,,,,,,,,,,"Nombre: silmge@yahoo.com.ar
",,Importado el 8/12/15 1 ::: * myContacts,* Other,silmge@yahoo.com.ar,,,,,,,,,,,,,,,,,,,,,,,,,,,,,,
silocampo@ciudad.com.ar,,,,,,,,,,,,,,"Nombre: silocampo@ciudad.com.ar
",,Importado el 8/12/15 1 ::: * myContacts,* Other,silocampo@ciudad.com.ar,,,,,,,,,,,,,,,,,,,,,,,,,,,,,,
silpe04@hotmail.com,,,,,,,,,,,,,,"Nombre: silpe04@hotmail.com
",,Importado el 8/12/15 1 ::: * myContacts,* Other,silpe04@hotmail.com,,,,,,,,,,,,,,,,,,,,,,,,,,,,,,
silvallorens@hotmail.com,,,,,,,,,,,,,,"Nombre: silvallorens@hotmail.com
",,Importado el 8/12/15 1 ::: * myContacts,* Other,silvallorens@hotmail.com,,,,,,,,,,,,,,,,,,,,,,,,,,,,,,
silvana,,,,,,,,,,,,,,"Nombre: silvana
",,Importado el 8/12/15 1 ::: * myContacts,* Other,sisiben@yahoo.com,,,,,,,,,,,,,,,,,,,,,,,,,,,,,,
Silvana Bailarina Arabe,,,,,,,,,,,,,,,,* myContacts,,,Mobile,11 2832-6007,,,,,,,,,,,,,,,,,,,,,,,,,,,,
Silvana Complejo,Witcel,Zarate,,,,,,,,,,,,,,* myContacts,,,Mobile,+54 9 3487 68-8966,,,,,,,,,,,,,,,,,,,,,,,,,,,,
Silvana Mamá Del Fasta,,,,,,,,,,,,,,,,* myContacts,,,Mobile,+5491150576764,,,,,,,,,,,,,,,,,,,,,,,,,,,,
silvana_gramajo@yahoo.es,,,,,,,,,,,,,,"Nombre: silvana_gramajo@yahoo.es
",,Importado el 8/12/15 1 ::: * myContacts,* Other,silvana_gramajo@yahoo.es,,,,,,,,,,,,,,,,,,,,,,,,,,,,,,
silvana_verna@hotmail.com,,,,,,,,,,,,,,"Nombre: silvana_verna@hotmail.com
",,Importado el 8/12/15 1 ::: * myContacts,* Other,silvana_verna@hotmail.com,,,,,,,,,,,,,,,,,,,,,,,,,,,,,,
silvana5411@yahoo.com,,,,,,,,,,,,,,"Nombre: silvana5411@yahoo.com
",,Importado el 8/12/15 1 ::: * myContacts,* Other,silvana5411@yahoo.com,,,,,,,,,,,,,,,,,,,,,,,,,,,,,,
silvanaboes@fibertel.com.ar,,,,,,,,,,,,,,"Nombre: silvanaboes@fibertel.com.ar
",,Importado el 8/12/15 1 ::: * myContacts,* Other,silvanaboes@fibertel.com.ar,,,,,,,,,,,,,,,,,,,,,,,,,,,,,,
silvanalocaso@yahoo.com.ar,,,,,,,,,,,,,,"Nombre: silvanalocaso@yahoo.com.ar
",,Importado el 8/12/15 1 ::: * myContacts,* Other,silvanalocaso@yahoo.com.ar,,,,,,,,,,,,,,,,,,,,,,,,,,,,,,
silvanavana@hotmail.com,,,,,,,,,,,,,,"Nombre: silvanavana@hotmail.com
",,Importado el 8/12/15 1 ::: * myContacts,* Other,silvanavana@hotmail.com,,,,,,,,,,,,,,,,,,,,,,,,,,,,,,
SilvanaYaques@hotmai,,,,,,,,,,,,,,"Nombre: SilvanaYaques@hotmai
",,Importado el 8/12/15 1 ::: * myContacts,* Other,SilvanaYaques@hotmail.com,,,,,,,,,,,,,,,,,,,,,,,,,,,,,,
Silvi,,,,,,,,,,,,,,"Nombre: Silvi
",,Importado el 8/12/15 1 ::: * myContacts,* Other,yo_chivis@hotmail.com,,,,,,,,,,,,,,,,,,,,,,,,,,,,,,
silvia,,,,,,,,,,,,,,"Nombre: silvia
",,Importado el 8/12/15 1 ::: * myContacts,* Other,srgalarza@Argentina.com,,,,,,,,,,,,,,,,,,,,,,,,,,,,,,
Silvia,,,,,,,,,,,,,,"Nombre: Silvia
",,Importado el 8/12/15 1 ::: * myContacts,* Other,silvia_arias521@yahoo.com.ar,,,,,,,,,,,,,,,,,,,,,,,,,,,,,,
silvia,,,,,,,,,,,,,,"Nombre: silvia
",,Importado el 8/12/15 1 ::: * myContacts,* Other,silviaaguirre9@hotmail.com,,,,,,,,,,,,,,,,,,,,,,,,,,,,,,
silvia,,,,,,,,,,,,,,"Nombre: silvia
",,Importado el 8/12/15 1 ::: * myContacts,* Other,silviapascual@yahoo.es,,,,,,,,,,,,,,,,,,,,,,,,,,,,,,
silvia,,,,,,,,,,,,,,"Nombre: silvia
",,Importado el 8/12/15 1 ::: * myContacts,* Other,silviagmdq@hotmail.com,,,,,,,,,,,,,,,,,,,,,,,,,,,,,,
silvia buontempo,,buontempo,,,,,,,,,,,,"Nombre: silvia
",,Importado el 8/12/15 1 ::: * myContacts,* Other,asiabellydancer@hotmail.com,,,,,,,,,,,,,,,,,,,,,,,,,,,,,,
Silvia Cliente 2022,,Iglesias,,,,,,,,,,,,,,* myContacts,,,Mobile,+54 9 348 469-5353,,,,,,,,,,,,,,,,,,,,,,,,,,,,
Silvia Cliente 2025,,,,,,,,,,,,,,,,* myContacts,,,Mobile,+5491151310276,,,,,,,,,,,,,,,,,,,,,,,,,,,,
Silvia,Empleada,2020,,,,,,,,,,,,,,* myContacts,,,Mobile,11 6905-9427,,,,,,,,,,,,,,,,,,,,,,,,,,,,
Silvia rasmuse,,,,,,,,,,,,,,,,* myContacts,,,Mobile,01151575915,,,,,,,,,,,,,,,,,,,,,,,,,,,,
silvia_dorato@hotmail.com,,,,,,,,,,,,,,"Nombre: silvia_dorato@hotmail.com
",,Importado el 8/12/15 1 ::: * myContacts,* Other,silvia_dorato@hotmail.com,,,,,,,,,,,,,,,,,,,,,,,,,,,,,,
silvia_medal@hotmail.com,,,,,,,,,,,,,,"Nombre: silvia_medal@hotmail.com
",,Importado el 8/12/15 1 ::: * myContacts,* Other,silvia_medal@hotmail.com,,,,,,,,,,,,,,,,,,,,,,,,,,,,,,
silviaandreaj@hotmail.com,,,,,,,,,,,,,,"Nombre: silviaandreaj@hotmail.com
",,Importado el 8/12/15 1 ::: * myContacts,* Other,silviaandreaj@hotmail.com,,,,,,,,,,,,,,,,,,,,,,,,,,,,,,
silviaandreaj@yahoo.com.ar,,,,,,,,,,,,,,"Nombre: silviaandreaj@yahoo.com.ar
",,Importado el 8/12/15 1 ::: * myContacts,* Other,silviaandreaj@yahoo.com.ar,,,,,,,,,,,,,,,,,,,,,,,,,,,,,,
silviaap1@hotmail.com,,,,,,,,,,,,,,"Nombre: silviaap1@hotmail.com
",,Importado el 8/12/15 1 ::: * myContacts,* Other,silviaap1@hotmail.com,,,,,,,,,,,,,,,,,,,,,,,,,,,,,,
silviabarbagelata@yahoo.com.ar,,,,,,,,,,,,,,"Nombre: silviabarbagelata@yahoo.com.ar
",,Importado el 8/12/15 1 ::: * myContacts,* Other,silviabarbagelata@yahoo.com.ar,,,,,,,,,,,,,,,,,,,,,,,,,,,,,,
silviachane@hotmail.com,,,,,,,,,,,,,,"Nombre: silviachane@hotmail.com
",,Importado el 8/12/15 1 ::: * myContacts,* Other,silviachane@hotmail.com,,,,,,,,,,,,,,,,,,,,,,,,,,,,,,
silviaiaco@hotmail.com,,,,,,,,,,,,,,"Nombre: silviaiaco@hotmail.com
",,Importado el 8/12/15 1 ::: * myContacts,* Other,silviaiaco@hotmail.com,,,,,,,,,,,,,,,,,,,,,,,,,,,,,,
silviamarsengo@hotmail.com,,,,,,,,,,,,,,"Nombre: silviamarsengo@hotmail.com
",,Importado el 8/12/15 1 ::: * myContacts,* Other,silviamarsengo@hotmail.com,,,,,,,,,,,,,,,,,,,,,,,,,,,,,,
silviapascual2001@yahoo.es,,,,,,,,,,,,,,,,Importado el 8/12/15 1 ::: * myContacts,* Other,silviapascual2001@yahoo.es,,,,,,,,,,,,,,,,,,,,,,,,,,,,,,
silviasoriaarch@hotmail.com,,,,,,,,,,,,,,"Nombre: silviasoriaarch@hotmail.com
",,Importado el 8/12/15 1 ::: * myContacts,* Other,silviasoriaarch@hotmail.com,,,,,,,,,,,,,,,,,,,,,,,,,,,,,,
silviatas@yahoo.com.ar,,,,,,,,,,,,,,"Nombre: silviatas@yahoo.com.ar
",,Importado el 8/12/15 1 ::: * myContacts,* Other,silviatas@yahoo.com.ar,,,,,,,,,,,,,,,,,,,,,,,,,,,,,,
Silvina,,,,,,,,,,,,,,"Nombre: Silvina
",,Importado el 8/12/15 1 ::: * myContacts,* Other,odaliscayazmin@yahoo.com.ar,,,,,,,,,,,,,,,,,,,,,,,,,,,,,,
silvina,,,,,,,,,,,,,,"Nombre: silvina
",,Importado el 8/12/15 1 ::: * myContacts,* Other,nasmahbsas@yahoo.com.ar,,,,,,,,,,,,,,,,,,,,,,,,,,,,,,
Silvina,,,,,,,,,,,,,,"Nombre: Silvina
",,Importado el 8/12/15 1 ::: * myContacts,* Other,silvinalafalce@yahoo.com.ar,,,,,,,,,,,,,,,,,,,,,,,,,,,,,,
Silvina Venta De Aceites,,2.200 X Litro 4/25,,,,,,,,,,,,,,* myContacts,,,Mobile,+541165698976,,,,,,,,,,,,,,,,,,,,,,,,,,,,
silvina_cesano@yahoo.com.ar,,,,,,,,,,,,,,"Nombre: silvina_cesano@yahoo.com.ar
",,Importado el 8/12/15 1 ::: * myContacts,* Other,silvina_cesano@yahoo.com.ar,,,,,,,,,,,,,,,,,,,,,,,,,,,,,,
silvinaavalos@hotmail.com,,,,,,,,,,,,,,"Nombre: silvinaavalos@hotmail.com
",,Importado el 8/12/15 1 ::: * myContacts,* Other,silvinaavalos@hotmail.com,,,,,,,,,,,,,,,,,,,,,,,,,,,,,,
silvinabazzi@hotmai,,,,,,,,,,,,,,"Nombre: silvinabazzi@hotmai
",,Importado el 8/12/15 1 ::: * myContacts,* Other,silvinabazzi@hotmail.com,,,,,,,,,,,,,,,,,,,,,,,,,,,,,,
silvinaferrero@arnet.com.ar,,,,,,,,,,,,,,,,Importado el 8/12/15 1 ::: * myContacts,* Other,silvinaferrero@arnet.com.ar,,,,,,,,,,,,,,,,,,,,,,,,,,,,,,
silvinaflorido@hotmail.com,,,,,,,,,,,,,,"Nombre: ilvinaflorido@hotmai
",,Importado el 8/12/15 1 ::: * myContacts,* Other,silvinaflorido@hotmail.com,,,,,,,,,,,,,,,,,,,,,,,,,,,,,,
silvinagoldenberg@hotmail.com,,,,,,,,,,,,,,"Nombre: silvinagoldenberg@hotmail.com
",,Importado el 8/12/15 1 ::: * myContacts,* Other,silvinagoldenberg@hotmail.com,,,,,,,,,,,,,,,,,,,,,,,,,,,,,,
silvinanrg@hotmail.com,,,,,,,,,,,,,,"Nombre: silvinanrg@hotmail.com
",,Importado el 8/12/15 1 ::: * myContacts,* Other,silvinanrg@hotmail.com,,,,,,,,,,,,,,,,,,,,,,,,,,,,,,
silvinavulich@s5.coopenet.com.ar,,,,,,,,,,,,,,,,Importado el 8/12/15 1 ::: * myContacts,* Other,silvinavulich@s5.coopenet.com.ar,,,,,,,,,,,,,,,,,,,,,,,,,,,,,,
Silvinazarate,,,,,,,,,,,,,,,,Importado el 9/12/15 ::: * myContacts,,,Mobile,03487439672,,,,,,,,,,,,,,,,,,,,,,,,,,,,
Silvio,,Fletes,,,,,,,,,,,,,,Importado el 8/12/15 1 ::: * myContacts,,,Home,+541124176998,,,,,,,,,,,,,,,,,,,,,,,,,,,,
Silvio Profe Futbol,,Argentinos Jrs,,,,,,,,,,,,,,* myContacts,,,Mobile,+5491168725371,,,,,,,,,,,,,,,,,,,,,,,,,,,,
silvio_olivera@hotma,,,,,,,,,,,,,,"Nombre: silvio_olivera@hotma
",,Importado el 8/12/15 1 ::: * myContacts,* Other,silvio_olivera@hotmail.com,,,,,,,,,,,,,,,,,,,,,,,,,,,,,,
silvobregon@hotmil.com,,,,,,,,,,,,,,"Nombre: silvobregon@hotmil.com
",,Importado el 8/12/15 1 ::: * myContacts,* Other,silvobregon@hotmail.com,,,,,,,,,,,,,,,,,,,,,,,,,,,,,,
simon.marta@gmail.com,,,,,,,,,,,,,,"Nombre: simon.marta@gmail.com
",,Importado el 8/12/15 1 ::: * myContacts,* Other,simon.marta@gmail.com,,,,,,,,,,,,,,,,,,,,,,,,,,,,,,
simopuk@silvialagman.com.ar,,,,,,,,,,,,,,"Nombre: simopuk@silvialagman.com.ar
",,Importado el 8/12/15 1 ::: * myContacts,* Other,simopuk@silvialagman.com.ar,,,,,,,,,,,,,,,,,,,,,,,,,,,,,,
simplonedia@hotmail.com,,,,,,,,,,,,,,"Nombre: simplonedia@hotmail.com
",,Importado el 8/12/15 1 ::: * myContacts,* Other,simplonedia@hotmail.com,,,,,,,,,,,,,,,,,,,,,,,,,,,,,,
Sin,Gluten,Cata,,,,,,,,,,,,,,* myContacts,,,Mobile,11 2527-9374,,,,,,,,,,,,,,,,,,,,,,,,,,,,
sinadicv@dino.conicit.ve,,,,,,,,,,,,,,"Nombre: sinadicv@dino.conicit.ve
",,Importado el 8/12/15 1 ::: * myContacts,* Other,sinadicv@dino.conicit.ve,,,,,,,,,,,,,,,,,,,,,,,,,,,,,,
sinlocura_666@hotmai,,,,,,,,,,,,,,"Nombre: sinlocura_666@hotmai
",,Importado el 8/12/15 1 ::: * myContacts,* Other,sinlocura_666@hotmail.com,,,,,,,,,,,,,,,,,,,,,,,,,,,,,,
sinrumbo_afull@hotmail.com,,,,,,,,,,,,,,"Nombre: sinrumbo_afull@hotmail.com
",,Importado el 8/12/15 1 ::: * myContacts,* Other,sinrumbo_afull@hotmail.com,,,,,,,,,,,,,,,,,,,,,,,,,,,,,,
sintecity@hotmail.com,,,,,,,,,,,,,,"Nombre: sintecity@hotmail.com
",,Importado el 8/12/15 1 ::: * myContacts,* Other,sintecity@hotmail.com,,,,,,,,,,,,,,,,,,,,,,,,,,,,,,
SIPE,David,Frigorifico,,,,,,,,,,,,,,* myContacts,,,Móvil,+54 9 3407 44-5898,,,,,,,,,,,,,,,,,,,,,,,,,,,,
sirena_mar910@hotmail.com,,,,,,,,,,,,,,"Nombre: sirena_mar910@hotmail.com
",,Importado el 8/12/15 1 ::: * myContacts,* Other,sirena_mar910@hotmail.com,,,,,,,,,,,,,,,,,,,,,,,,,,,,,,
sirenitaegipcia@hotmail.com,,,,,,,,,,,,,,"Nombre: sirenitaegipcia@hotmail.com
",,Importado el 8/12/15 1 ::: * myContacts,* Other,sirenitaegipcia@hotmail.com,,,,,,,,,,,,,,,,,,,,,,,,,,,,,,
siriolibanes_stafe@hotmail.com,,,,,,,,,,,,,,,,Importado el 8/12/15 1 ::: * myContacts,* Other,siriolibanes_stafe@hotmail.com,,,,,,,,,,,,,,,,,,,,,,,,,,,,,,
siriolibanes@sinectis.com.ar,,,,,,,,,,,,,,,,Importado el 8/12/15 1 ::: * myContacts,* Other,siriolibanes@sinectis.com.ar,,,,,,,,,,,,,,,,,,,,,,,,,,,,,,
sirpale@yahoo.com,,,,,,,,,,,,,,"Nombre: sirpale@yahoo.com
",,Importado el 8/12/15 1 ::: * myContacts,* Other,sirpale@yahoo.com,,,,,,,,,,,,,,,,,,,,,,,,,,,,,,
Siso Mosconi Odontología,,,,,,,,,,Siso Mosconi,,,,,,* myContacts,,,Mobile,+5491134875373,,,,,,,,,,,,,,,,,,,,,,,,,,,,
sisten_1_anahi@hotmail.com,,,,,,,,,,,,,,"Nombre: sisten_1_anahi@hotmail.com
",,Importado el 8/12/15 1 ::: * myContacts,* Other,sisten_1_anahi@hotmail.com,,,,,,,,,,,,,,,,,,,,,,,,,,,,,,
sitor@sicnet.com.ar,,,,,,,,,,,,,,"Nombre: sitor@sicnet.com.ar
",,Importado el 8/12/15 1 ::: * myContacts,* Other,sitor@sicnet.com.ar,,,,,,,,,,,,,,,,,,,,,,,,,,,,,,
sjaurena@ubbi.com,,,,,,,,,,,,,,"Nombre: sjaurena@ubbi.com
",,Importado el 8/12/15 1 ::: * myContacts,* Other,sjaurena@ubbi.com,,,,,,,,,,,,,,,,,,,,,,,,,,,,,,
sjunquet@medicus.com.ar,,,,,,,,,,,,,,"Nombre: sjunquet@medicus.com.ar
",,Importado el 8/12/15 1 ::: * myContacts,* Other,sjunquet@medicus.com.ar,,,,,,,,,,,,,,,,,,,,,,,,,,,,,,
slacuball@hotmail.com,,,,,,,,,,,,,,"Nombre: slacuball@hotmail.com
",,Importado el 8/12/15 1 ::: * myContacts,* Other,slacuball@hotmail.com,,,,,,,,,,,,,,,,,,,,,,,,,,,,,,
slalday@ciudad.com.ar,,,,,,,,,,,,,,,,Importado el 8/12/15 1 ::: * myContacts,* Other,slalday@ciudad.com.ar,,,,,,,,,,,,,,,,,,,,,,,,,,,,,,
slavandeira@edvsa.com,,,,,,,,,,,,,,"Nombre: slavandeira@edvsa.com
",,Importado el 8/12/15 1 ::: * myContacts,* Other,slavandeira@edvsa.com,,,,,,,,,,,,,,,,,,,,,,,,,,,,,,
slevin@inea.com.ar,,,,,,,,,,,,,,,,Importado el 8/12/15 1 ::: * myContacts,* Other,slevin@inea.com.ar,,,,,,,,,,,,,,,,,,,,,,,,,,,,,,
Smash Witz Burger,,Felipe Hamburguesa,,,,,,,,Smash Witz Burger,,,,,,* myContacts,,,Mobile,+5491159798332,,,,,,,,,,,,,,,,,,,,,,,,,,,,
smenendez@americantracer.com,,,,,,,,,,,,,,,,Importado el 8/12/15 1 ::: * myContacts,* Other,smenendez@americantracer.com,,,,,,,,,,,,,,,,,,,,,,,,,,,,,,
smerp18@hotmail.com,,,,,,,,,,,,,,"Nombre: smerp18@hotmail.com
",,Importado el 8/12/15 1 ::: * myContacts,* Other,smerp18@hotmail.com,,,,,,,,,,,,,,,,,,,,,,,,,,,,,,
smuruaga@imagine.com.ar,,,,,,,,,,,,,,"Nombre: smuruaga@imagine.com.ar
",,Importado el 8/12/15 1 ::: * myContacts,* Other,smuruaga@imagine.com.ar,,,,,,,,,,,,,,,,,,,,,,,,,,,,,,
snoopybyp@yahoo.com.ar,,,,,,,,,,,,,,,,Importado el 8/12/15 1 ::: * myContacts,* Other,snoopybyp@yahoo.com.ar,,,,,,,,,,,,,,,,,,,,,,,,,,,,,,
SODA Y,AGUA,MABEL,,,,,,,,Soda Y Agua Mabel,,,,,,* myContacts,,,Mobile,0348 444-1406 ::: +54 9 11 2658-3860,,,,,,,,,,,,,,,,,,,,,,,,,,,,
Soderia,(Sol),Medina,,,,,,,,,,,,,,* myContacts,,,Móvil,+54 9 11 6244-9191,,,,,,,,,,,,,,,,,,,,,,,,,,,,
Sofi,,,,,,,,,,,,,,,,* myContacts,,,Móvil,+54 9 11 6256-6848,,,,,,,,,,,,,,,,,,,,,,,,,,,,
sofi_leprosita16@hotmail.com,,,,,,,,,,,,,,"Nombre: sofi_leprosita16@hotmail.com
",,Importado el 8/12/15 1 ::: * myContacts,* Other,sofi_leprosita16@hotmail.com,,,,,,,,,,,,,,,,,,,,,,,,,,,,,,
sofi_o75@hotmail.com,,,,,,,,,,,,,,"Nombre: sofi_o75@hotmail.com
",,Importado el 8/12/15 1 ::: * myContacts,* Other,sofi_o75@hotmail.com,,,,,,,,,,,,,,,,,,,,,,,,,,,,,,
Sofia,(Los,Prados),,,,,,,,,,,,,,* myContacts,,,Mobile,1120253612,,,,,,,,,,,,,,,,,,,,,,,,,,,,
Sofia,,(Popi),,,,,,,,,,,,,,* myContacts,,,Mobile,47172728,,,,,Home,"Bauchard 3304
Olivos",3304 Bauchard,Olivos,,,,AR,,,,,,,,,,,,,,,,
Sofia,Agua,Distribuidora,,,,,,,,,,,,,,* myContacts,,,Mobile,+54 9 11 3022-0809,,,,,,,,,,,,,,,,,,,,,,,,,,,,
Sofia Cliente 2024,,Faltracco,,,,,,,,,,,,,,* myContacts,,,Mobile,+5491160300402,,,,,,,,,,,,,,,,,,,,,,,,,,,,
Sofia Cliente 2025,,,,,,,,,,,,,,,,* myContacts,,,Mobile,+5491158085003,,,,,,,,,,,,,,,,,,,,,,,,,,,,
Sofia Cliente 2025,,Ceccarelli,,,,,,,,,,,,,,* myContacts,,,Mobile,+5491168644110,,,,,,,,,,,,,,,,,,,,,,,,,,,,
Sofia De,Emergencias,Salud,,,,,,,,,,,,,,* myContacts,,,Mobile,+54 9 11 3511-3372,,,,,,,,,,,,,,,,,,,,,,,,,,,,
Sofia Empleada Mama,,,,,,,,,,,,,,,,* myContacts,,,Mobile,+54 9 11 6437-3367,,,,,,,,,,,,,,,,,,,,,,,,,,,,
Sofia Y Tomas Cliente 2023,,,,,,,,,,,,,,,,* myContacts,,,Mobile,+54 9 11 6004-1652,,,,,,,,,,,,,,,,,,,,,,,,,,,,
sofia_barrios@hotmail.com,,,,,,,,,,,,,,"Nombre: sofia_barrios@hotmail.com
",,Importado el 8/12/15 1 ::: * myContacts,* Other,sofia_barrios@hotmail.com,,,,,,,,,,,,,,,,,,,,,,,,,,,,,,
sofia84@yahoo.com.ar,,,,,,,,,,,,,,"Nombre: sofia84@yahoo.com.ar
",,Importado el 8/12/15 1 ::: * myContacts,* Other,sofia84@yahoo.com.ar,,,,,,,,,,,,,,,,,,,,,,,,,,,,,,
sofiabellydancer1@yahoo.com.ar,,,,,,,,,,,,,,"Nombre: sofiabellydancer1@yahoo.com.ar
",,Importado el 8/12/15 1 ::: * myContacts,* Other,sofiabellydancer1@yahoo.com.ar,,,,,,,,,,,,,,,,,,,,,,,,,,,,,,
sofipic@hotmail.com,,,,,,,,,,,,,,,,Importado el 8/12/15 1 ::: * myContacts,* Other,sofipic@hotmail.com,,,,,,,,,,,,,,,,,,,,,,,,,,,,,,
sofivillagra@hotmail.com,,,,,,,,,,,,,,,,Importado el 8/12/15 1 ::: * myContacts,* Other,sofivillagra@hotmail.com,,,,,,,,,,,,,,,,,,,,,,,,,,,,,,
sol,,,,,,,,,,,,,,"Nombre: sol
",,Importado el 8/12/15 1 ::: * myContacts,* Other,srey@trabajo.gov.ar,,,,,,,,,,,,,,,,,,,,,,,,,,,,,,
sol,,,,,,,,,,,,,,"Nombre: sol
",,Importado el 8/12/15 1 ::: * myContacts,* Other,britsol15@hotmail.com,,,,,,,,,,,,,,,,,,,,,,,,,,,,,,
Sol,,1,,,,,,,,,,,,,,* myContacts,,,Mobile,+54 9 11 2187-9063,,,,,,,,,,,,,,,,,,,,,,,,,,,,
Sol Cliente 2021×,El,Canton,,,,,,,,,,,,,,* myContacts,,,Mobile,+54 11 2191-3158,,,,,,,,,,,,,,,,,,,,,,,,,,,,
Sol Cliente 2024,,,,,,,,,,,,,,,,* myContacts,,,Mobile,+5493484505801,,,,,,,,,,,,,,,,,,,,,,,,,,,,
Sol Cliente 2024 Castillo 🌞 🇦🇷,,,,,,,,,,,,,,,,* myContacts,,,Mobile,+5491137660807,,,,,,,,,,,,,,,,,,,,,,,,,,,,
sol Cliente 2025 brancatelli,,,,,,,,,,,,,,,,* myContacts,,,Mobile,+5491132758492,,,,,,,,,,,,,,,,,,,,,,,,,,,,
Sol Fútbol Pueyrredón ,,,,,,,,,,,,,,,,* myContacts,,,Mobile,11 3076-7271,,,,,,,,,,,,,,,,,,,,,,,,,,,,
Sol,,Liserra,,,,,,,,,,,,,,* myContacts,,,Mobile,1169814544,,,,,,,,,,,,,,,,,,,,,,,,,,,,
Sol,,Militar,,,,,,,,,,,,,,* myContacts,,,Mobile,1134232741,,,,,,,,,,,,,,,,,,,,,,,,,,,,
sol_14_-91@hotmail.com,,,,,,,,,,,,,,"Nombre: sol_14_-91@hotmail.com
",,Importado el 8/12/15 1 ::: * myContacts,* Other,sol_14_-91@hotmail.com,,,,,,,,,,,,,,,,,,,,,,,,,,,,,,
sol_bd@hotmail.com,,,,,,,,,,,,,,"Nombre: sol_bd@hotmail.com
",,Importado el 8/12/15 1 ::: * myContacts,* Other,sol_bd@hotmail.com,,,,,,,,,,,,,,,,,,,,,,,,,,,,,,
sol_fuen3791@hotmail,,,,,,,,,,,,,,"Nombre: sol_fuen3791@hotmail
",,Importado el 8/12/15 1 ::: * myContacts,* Other,sol_fuen3791@hotmail.com,,,,,,,,,,,,,,,,,,,,,,,,,,,,,,
sol_shams@hotmail.com,,,,,,,,,,,,,,"Nombre: sol_shams@hotmail.com
",,Importado el 8/12/15 1 ::: * myContacts,* Other,sol_shams@hotmail.com,,,,,,,,,,,,,,,,,,,,,,,,,,,,,,
solarski,,,,,,,,,,,,,,"Nombre: solarski
",,Importado el 8/12/15 1 ::: * myContacts,* Other,solarskialejandra@yahoo.com.ar,,,,,,,,,,,,,,,,,,,,,,,,,,,,,,
solchis06@hotmail.com,,,,,,,,,,,,,,"Nombre: solchis06@hotmail.com
",,Importado el 8/12/15 1 ::: * myContacts,* Other,solchis06@hotmail.com,,,,,,,,,,,,,,,,,,,,,,,,,,,,,,
soldemalena@hotmail.com,,,,,,,,,,,,,,"Nombre: soldemalena@hotmail.com
",,Importado el 8/12/15 1 ::: * myContacts,* Other,soldemalena@hotmail.com,,,,,,,,,,,,,,,,,,,,,,,,,,,,,,
soldeoriente@groups.msn.com,,,,,,,,,,,,,,"Nombre: soldeoriente@groups.msn.com
",,Importado el 8/12/15 1 ::: * myContacts,* Other,soldeoriente@groups.msn.com,,,,,,,,,,,,,,,,,,,,,,,,,,,,,,
Sole,,Luna,,,,,,,,Osteopatía,,,,,,* myContacts,,,Móvil,+54 9 11 3553-8671,,,,,,,,,,,,,,,,,,,,,,,,,,,,
Sole mamá de Ema,,Fasta,,,,,,,,,,,,,,* myContacts,,,Mobile,+5491135842261,,,,,,,,,,,,,,,,,,,,,,,,,,,,
sole_blanco@hotmail.com,,,,,,,,,,,,,,"Nombre: sole_blanco@hotmail.com
",,Importado el 8/12/15 1 ::: * myContacts,* Other,sole_blanco@hotmail.com,,,,,,,,,,,,,,,,,,,,,,,,,,,,,,
sole_re_ricotera@hotmail.com,,,,,,,,,,,,,,"Nombre: sole_re_ricotera@hotmail.com
",,Importado el 8/12/15 1 ::: * myContacts,* Other,sole_re_ricotera@hotmail.com,,,,,,,,,,,,,,,,,,,,,,,,,,,,,,
solebosco@hotmail.com,,,,,,,,,,,,,,"Nombre: solebosco@hotmail.com
",,Importado el 8/12/15 1 ::: * myContacts,* Other,solebosco@hotmail.com,,,,,,,,,,,,,,,,,,,,,,,,,,,,,,
Soledad Cliente,2021,Araucarias,,,,,,,,,,,,,,* myContacts,,,Mobile,+54 9 11 3389-1502,,,,,,,,,,,,,,,,,,,,,,,,,,,,
Soledad Y Santiago Cliente 2023,,,,,,,,,,,,,,,,* myContacts,,,Mobile,11 3652-1522,,,,,,,,,,,,,,,,,,,,,,,,,,,,
soledad_alderete@hotmail.com,,,,,,,,,,,,,,"Nombre: soledad_alderete@hotmail.com
",,Importado el 8/12/15 1 ::: * myContacts,* Other,soledad_alderete@hotmail.com,,,,,,,,,,,,,,,,,,,,,,,,,,,,,,
soledad_ayerza@hotmail.com,,,,,,,,,,,,,,"Nombre: soledad_ayerza@hotmail.com
",,Importado el 8/12/15 1 ::: * myContacts,* Other,soledad_ayerza@hotmail.com,,,,,,,,,,,,,,,,,,,,,,,,,,,,,,
soledad@elojodehorus.com.ar,,,,,,,,,,,,,,,,Importado el 8/12/15 1 ::: * myContacts,* Other,soledad@elojodehorus.com.ar,,,,,,,,,,,,,,,,,,,,,,,,,,,,,,
soledadcarr@hotmail.com,,,,,,,,,,,,,,"Nombre: soledadcarr@hotmail.com
",,Importado el 8/12/15 1 ::: * myContacts,* Other,soledadcarr@hotmail.com,,,,,,,,,,,,,,,,,,,,,,,,,,,,,,
soledadmicoli@yahoo.com.ar,,,,,,,,,,,,,,"Nombre: soledadmicoli@yahoo.com.ar
",,Importado el 8/12/15 1 ::: * myContacts,* Other,soledadmicoli@yahoo.com.ar,,,,,,,,,,,,,,,,,,,,,,,,,,,,,,
solelabosterita24@hotmail.com,,,,,,,,,,,,,,"Nombre: solelabosterita24@hotmail.com
",,Importado el 8/12/15 1 ::: * myContacts,* Other,solelabosterita24@hotmail.com,,,,,,,,,,,,,,,,,,,,,,,,,,,,,,
solemontejano@yahoo.com.ar,,,,,,,,,,,,,,"Nombre: solemontejano@yahoo.com.ar
",,Importado el 8/12/15 1 ::: * myContacts,* Other,solemontejano@yahoo.com.ar,,,,,,,,,,,,,,,,,,,,,,,,,,,,,,
soleodalisca@hotmail.com,,,,,,,,,,,,,,"Nombre: soleodalisca@hotmail.com
",,Importado el 8/12/15 1 ::: * myContacts,* Other,soleodalisca@hotmail.com,,,,,,,,,,,,,,,,,,,,,,,,,,,,,,
solereu04@hotmail.com,,,,,,,,,,,,,,"Nombre: solereu04@hotmail.com
",,Importado el 8/12/15 1 ::: * myContacts,* Other,solereu04@hotmail.com,,,,,,,,,,,,,,,,,,,,,,,,,,,,,,
soliernancy@hotmail.com,,,,,,,,,,,,,,"Nombre: soliernancy@hotmail.com
",,Importado el 8/12/15 1 ::: * myContacts,* Other,soliernancy@hotmail.com,,,,,,,,,,,,,,,,,,,,,,,,,,,,,,
solita18@hotmail.com,,,,,,,,,,,,,,"Nombre: solita18@hotmail.com
",,Importado el 8/12/15 1 ::: * myContacts,* Other,solita18@hotmail.com,,,,,,,,,,,,,,,,,,,,,,,,,,,,,,
solmigliazzo@yahoo.com.ar,,,,,,,,,,,,,,"Nombre: solmigliazzo@yahoo.com.ar
",,Importado el 8/12/15 1 ::: * myContacts,* Other,solmigliazzo@yahoo.com.ar,,,,,,,,,,,,,,,,,,,,,,,,,,,,,,
solmoirago_ciad@gigared.com,,,,,,,,,,,,,,"Nombre: solmoirago_ciad@gigared.com
",,Importado el 8/12/15 1 ::: * myContacts,* Other,solmoirago_ciad@gigared.com,,,,,,,,,,,,,,,,,,,,,,,,,,,,,,
solopunkrock69@hotma,,,,,,,,,,,,,,"Nombre: solopunkrock69@hotma
",,Importado el 8/12/15 1 ::: * myContacts,* Other,solopunkrock69@hotmail.com,,,,,,,,,,,,,,,,,,,,,,,,,,,,,,
solosdederbake@yahoo.com.ar,,,,,,,,,,,,,,,,Importado el 8/12/15 1 ::: * myContacts,* Other,solosdederbake@yahoo.com.ar,,,,,,,,,,,,,,,,,,,,,,,,,,,,,,
solsaravia@hotmail.com,,,,,,,,,,,,,,"Nombre: solsaravia@hotmail.com
",,Importado el 8/12/15 1 ::: * myContacts,* Other,solsaravia@hotmail.com,,,,,,,,,,,,,,,,,,,,,,,,,,,,,,
sombra y agua,,,,,,,,,,,,,,"Nombre: sombra y agua
",,Importado el 8/12/15 1 ::: * myContacts,* Other,sombrayaguafresca@hotmail.com,,,,,,,,,,,,,,,,,,,,,,,,,,,,,,
sonckopuka@yahoo.com.ar,,,,,,,,,,,,,,"Nombre: sonckopuka@yahoo.com.ar
",,Importado el 8/12/15 1 ::: * myContacts,* Other,sonckopuka@yahoo.com.ar,,,,,,,,,,,,,,,,,,,,,,,,,,,,,,
sonia_em61@hotmail.com,,,,,,,,,,,,,,"Nombre: sonia_em61@hotmail.com
",,Importado el 8/12/15 1 ::: * myContacts,* Other,sonia_em61@hotmail.com,,,,,,,,,,,,,,,,,,,,,,,,,,,,,,
sonia_nievas@hotmail,,,,,,,,,,,,,,"Nombre: sonia_nievas@hotmail
",,Importado el 8/12/15 1 ::: * myContacts,* Other,sonia_nievas@hotmail.com,,,,,,,,,,,,,,,,,,,,,,,,,,,,,,
soniaaguero@hotmail.com,,,,,,,,,,,,,,"Nombre: soniaaguero@hotmail.com
",,Importado el 8/12/15 1 ::: * myContacts,* Other,soniaaguero@hotmail.com,,,,,,,,,,,,,,,,,,,,,,,,,,,,,,
soniadaniel22@hotmail.com,,,,,,,,,,,,,,"Nombre: soniadaniel22@hotmail.com
",,Importado el 8/12/15 1 ::: * myContacts,* Other,soniadaniel22@hotmail.com,,,,,,,,,,,,,,,,,,,,,,,,,,,,,,
soniam1572@hotmail.c...,,,,,,,,,,,,,,"Nombre: soniam1572@hotmail.com


Nombre: soniam1572@hotmail.c...
",,Importado el 8/12/15 1 ::: * myContacts,* Other,soniam1572@hotmail.com,,,,,,,,,,,,,,,,,,,,,,,,,,,,,,
soniamelisa@hotmail.com,,,,,,,,,,,,,,"Nombre: soniamelisa@hotmail.com
",,Importado el 8/12/15 1 ::: * myContacts,* Other,soniamelisa@hotmail.com,,,,,,,,,,,,,,,,,,,,,,,,,,,,,,
soniapaz67@hotmail.com,,,,,,,,,,,,,,"Nombre: soniapaz67@hotmail.com
",,Importado el 8/12/15 1 ::: * myContacts,* Other,soniapaz67@hotmail.com,,,,,,,,,,,,,,,,,,,,,,,,,,,,,,
soniapruiz@hotmail.com,,,,,,,,,,,,,,,,Importado el 8/12/15 1 ::: * myContacts,* Other,soniapruiz@hotmail.com,,,,,,,,,,,,,,,,,,,,,,,,,,,,,,
sonisar_14@hotmail.com,,,,,,,,,,,,,,"Nombre: sonisar_14@hotmail.com
",,Importado el 8/12/15 1 ::: * myContacts,* Other,sonisar_14@hotmail.com,,,,,,,,,,,,,,,,,,,,,,,,,,,,,,
sonkopuka@yahoo.com.ar,,,,,,,,,,,,,,"Nombre: sonkopuka@yahoo.com.ar
",,Importado el 8/12/15 1 ::: * myContacts,* Other,sonkopuka@yahoo.com.ar,,,,,,,,,,,,,,,,,,,,,,,,,,,,,,
sonlatinosalsa@hotmail.com,,,,,,,,,,,,,,"Nombre: sonlatinosalsa@hotmail.com
",,Importado el 8/12/15 1 ::: * myContacts,* Other,sonlatinosalsa@hotmail.com,,,,,,,,,,,,,,,,,,,,,,,,,,,,,,
Sophie Cliente 2024,,,,,,,,,,,,,,,,* myContacts,,,Mobile,+5491130954735,,,,,,,,,,,,,,,,,,,,,,,,,,,,
soporte@arcangelnet.com.ar,,,,,,,,,,,,,,,,Importado el 8/12/15 1 ::: * myContacts,* Other,soporte@arcangelnet.com.ar,,,,,,,,,,,,,,,,,,,,,,,,,,,,,,
soraya_odalisca@hotmail.com,,,,,,,,,,,,,,"Nombre: soraya_odalisca@hotmail.com
",,Importado el 8/12/15 1 ::: * myContacts,* Other,soraya_odalisca@hotmail.com,,,,,,,,,,,,,,,,,,,,,,,,,,,,,,
sorayatonsich@gmail.com,,,,,,,,,,,,,,"Nombre: sorayatonsich@gmail.com
",,Importado el 8/12/15 1 ::: * myContacts,* Other,sorayatonsich@gmail.com,,,,,,,,,,,,,,,,,,,,,,,,,,,,,,
sorayatonsich@yahoo.com.ar,,,,,,,,,,,,,,"Nombre: sorayatonsich@yahoo.com.ar
",,Importado el 8/12/15 1 ::: * myContacts,* Other,sorayatonsich@yahoo.com.ar,,,,,,,,,,,,,,,,,,,,,,,,,,,,,,
soro@allkom.com.ar,,,,,,,,,,,,,,"Nombre: soro@allkom.com.ar
",,Importado el 8/12/15 1 ::: * myContacts,* Other,soro@allkom.com.ar,,,,,,,,,,,,,,,,,,,,,,,,,,,,,,
sosaluciana@hotmail.com,,,,,,,,,,,,,,"Nombre: sosaluciana@hotmail.com
",,Importado el 8/12/15 1 ::: * myContacts,* Other,sosaluciana@hotmail.com,,,,,,,,,,,,,,,,,,,,,,,,,,,,,,
souhair,,,,,,,,,,,,,,"Nombre: souhair
",,Importado el 8/12/15 1 ::: * myContacts,* Other,souhairnemesis@yahoo.com.ar,,,,,,,,,,,,,,,,,,,,,,,,,,,,,,
soyana32@hotmail.c,,,,,,,,,,,,,,"Nombre: soyana32@hotmail.c
",,Importado el 8/12/15 1 ::: * myContacts,* Other,soyana32@hotmail.com,,,,,,,,,,,,,,,,,,,,,,,,,,,,,,
soycrisil@yahoo.com,,,,,,,,,,,,,,"Nombre: soycrisil@yahoo.com
",,Importado el 8/12/15 1 ::: * myContacts,* Other,soycrisil@yahoo.com.ar,,,,,,,,,,,,,,,,,,,,,,,,,,,,,,
soyelgalan2003@hotmail.com,,,,,,,,,,,,,,"Nombre: soyelgalan2003@hotmail.com
",,Importado el 8/12/15 1 ::: * myContacts,* Other,soyelgalan2003@hotmail.com,,,,,,,,,,,,,,,,,,,,,,,,,,,,,,
soyfeliz1982@yahoo.com.ar,,,,,,,,,,,,,,"Nombre: soyfeliz1982@yahoo.com.ar
",,Importado el 8/12/15 1 ::: * myContacts,* Other,soyfeliz1982@yahoo.com.ar,,,,,,,,,,,,,,,,,,,,,,,,,,,,,,
soymariel21@hotmail.com,,,,,,,,,,,,,,"Nombre: soymariel21@hotmail.com
",,Importado el 8/12/15 1 ::: * myContacts,* Other,soymariel21@hotmail.com,,,,,,,,,,,,,,,,,,,,,,,,,,,,,,
spacio_ar@hotmail.com,,,,,,,,,,,,,,"Nombre: spacio_ar@hotmail.com
",,Importado el 8/12/15 1 ::: * myContacts,* Other,spacio_ar@hotmail.com,,,,,,,,,,,,,,,,,,,,,,,,,,,,,,
spaz@hotmail.com,,,,,,,,,,,,,,"Nombre: spaz@hotmail.com
",,Importado el 8/12/15 1 ::: * myContacts,* Other,spaz@hotmail.com,,,,,,,,,,,,,,,,,,,,,,,,,,,,,,
spbrizio@ciudad.com.ar,,,,,,,,,,,,,,"Nombre: spbrizio@ciudad.com.ar
",,Importado el 8/12/15 1 ::: * myContacts,* Other,spbrizio@ciudad.com.ar,,,,,,,,,,,,,,,,,,,,,,,,,,,,,,
spelm79@hotmail.com,,,,,,,,,,,,,,"Nombre: spelm79@hotmail.com
",,Importado el 8/12/15 1 ::: * myContacts,* Other,spelm79@hotmail.com,,,,,,,,,,,,,,,,,,,,,,,,,,,,,,
spiderx20@hotmail.com,,,,,,,,,,,,,,"Nombre: spiderx20@hotmail.com
",,Importado el 8/12/15 1 ::: * myContacts,* Other,spiderx20@hotmail.com,,,,,,,,,,,,,,,,,,,,,,,,,,,,,,
srey@trabajo.gov.ar,,,,,,,,,,,,,,,,Importado el 8/12/15 1 ::: * myContacts,* Other,srey@trabajo.gov.ar,,,,,,,,,,,,,,,,,,,,,,,,,,,,,,
srgalarza@argentina.com,,,,,,,,,,,,,,,,Importado el 8/12/15 1 ::: * myContacts,* Other,srgalarza@argentina.com,,,,,,,,,,,,,,,,,,,,,,,,,,,,,,
ssdemaria@arnet.com.ar,,,,,,,,,,,,,,,,Importado el 8/12/15 1 ::: * myContacts,* Other,ssdemaria@arnet.com.ar,,,,,,,,,,,,,,,,,,,,,,,,,,,,,,
ssebriano@hotmail.com,,,,,,,,,,,,,,"Nombre: ssebriano@hotmail.com
",,Importado el 8/12/15 1 ::: * myContacts,* Other,ssebriano@hotmail.com,,,,,,,,,,,,,,,,,,,,,,,,,,,,,,
stacy_vpinto@hotmail.com,,,,,,,,,,,,,,"Nombre: stacy_vpinto@hotmail.com
",,Importado el 8/12/15 1 ::: * myContacts,* Other,stacy_vpinto@hotmail.com,,,,,,,,,,,,,,,,,,,,,,,,,,,,,,
starpali@hotmail.com,,,,,,,,,,,,,,"Nombre: starpali@hotmail.com
",,Importado el 8/12/15 1 ::: * myContacts,* Other,starpali@hotmail.com,,,,,,,,,,,,,,,,,,,,,,,,,,,,,,
stefhollywood@hotmail.com,,,,,,,,,,,,,,"Nombre: stefhollywood@hotmail.com
",,Importado el 8/12/15 1 ::: * myContacts,* Other,stefhollywood@hotmail.com,,,,,,,,,,,,,,,,,,,,,,,,,,,,,,
stella_almada@yahoo.com.ar,,,,,,,,,,,,,,"Nombre: stella_almada@yahoo.com.ar
",,Importado el 8/12/15 1 ::: * myContacts,* Other,stella_almada@yahoo.com.ar,,,,,,,,,,,,,,,,,,,,,,,,,,,,,,
stellitamoli@yahoo.com.ar,,,,,,,,,,,,,,"Nombre: stellitamoli@yahoo.com.ar
",,Importado el 8/12/15 1 ::: * myContacts,* Other,stellitamoli@yahoo.com.ar,,,,,,,,,,,,,,,,,,,,,,,,,,,,,,
stintegrados@galvez.com.ar,,,,,,,,,,,,,,,,Importado el 8/12/15 1 ::: * myContacts,* Other,stintegrados@galvez.com.ar,,,,,,,,,,,,,,,,,,,,,,,,,,,,,,
studioarabesebastianosorio@hotmail.com,,,,,,,,,,,,,,"Nombre: studioarabesebastianosorio@hotmail.com
",,Importado el 8/12/15 1 ::: * myContacts,* Other,studioarabesebastianosorio@hotmail.com,,,,,,,,,,,,,,,,,,,,,,,,,,,,,,
stupidlove_76@hotmai,,,,,,,,,,,,,,"Nombre: stupidlove_76@hotmai
",,Importado el 8/12/15 1 ::: * myContacts,* Other,stupidlove_76@hotmail.com,,,,,,,,,,,,,,,,,,,,,,,,,,,,,,
sualcobre@fibertel.com.ar,,,,,,,,,,,,,,"Nombre: sualcobre@fibertel.com.ar
",,Importado el 8/12/15 1 ::: * myContacts,* Other,sualcobre@fibertel.com.ar,,,,,,,,,,,,,,,,,,,,,,,,,,,,,,
sualy,,,,,,,,,,,,,,"Nombre: sualy
",,Importado el 8/12/15 1 ::: * myContacts,* Other,espiritudeoriente@yahoo.com,,,,,,,,,,,,,,,,,,,,,,,,,,,,,,
sualy68@yahoo.com.ar,,,,,,,,,,,,,,"Nombre: sualy68@yahoo.com.ar
",,Importado el 8/12/15 1 ::: * myContacts,* Other,sualy68@yahoo.com.ar,,,,,,,,,,,,,,,,,,,,,,,,,,,,,,
sualyodalisca@hotmail.com,,,,,,,,,,,,,,"Nombre: sualyodalisca@hotmail.com
",https://lh3.googleusercontent.com/contacts/AG6tpzGLn8RlUglsJ-rQhBTWwpsoVb8jW3pcrQpdd6Vp0Bo-f_EvP8PJ,Importado el 8/12/15 1 ::: * myContacts,* Other,sualyodalisca@hotmail.com,,,,,,,,,,,,,,,,,,,,,,,,,,,,,,
suarez_pablo13@hotmail.com,,,,,,,,,,,,,,"Nombre: suarez_pablo13@hotmail.com
",,Importado el 8/12/15 1 ::: * myContacts,* Other,suarez_pablo13@hotmail.com,,,,,,,,,,,,,,,,,,,,,,,,,,,,,,
subcom@vlopez.mun.gba.gov.ar,,,,,,,,,,,,,,"Nombre: subcom@vlopez.mun.gba.gov.ar
",,Importado el 8/12/15 1 ::: * myContacts,* Other,subcom@vlopez.mun.gba.gov.ar,,,,,,,,,,,,,,,,,,,,,,,,,,,,,,
subintruso@hotmail.c...,,,,,,,,,,,,,,"Nombre: subintruso@hotmail.c...
",,Importado el 8/12/15 1 ::: * myContacts,* Other,subintruso@hotmail.com,,,,,,,,,,,,,,,,,,,,,,,,,,,,,,
sugusconfitada@gmail.com,,,,,,,,,,,,,,"Nombre: sugusconfitada@gmail.com
",,Importado el 8/12/15 1 ::: * myContacts,* Other,sugusconfitada@gmail.com,,,,,,,,,,,,,,,,,,,,,,,,,,,,,,
sultanaodalisca@argentina.com,,,,,,,,,,,,,,"Nombre: sultanaodalisca@argentina.com
",,Importado el 8/12/15 1 ::: * myContacts,* Other,sultanaodalisca@argentina.com,,,,,,,,,,,,,,,,,,,,,,,,,,,,,,
sumaia_rg@yahoo.com.ar,,,,,,,,,,,,,,"Nombre: sumaia_rg@yahoo.com.ar
",,Importado el 8/12/15 1 ::: * myContacts,* Other,sumaia_rg@yahoo.com.ar,,,,,,,,,,,,,,,,,,,,,,,,,,,,,,
Sundar,Cliente,2021×,,,,,,,,,,,,,,* myContacts,,,Mobile,11 2233-7560,,,,,,,,,,,,,,,,,,,,,,,,,,,,
Suran Gricel 2006 Gnc,,,,,,,,,,,,,,,,* myContacts,,,Mobile,1149712507,,,,,,,,,,,,,,,,,,,,,,,,,,,,
suraya_danza@yahoo.com.ar,,,,,,,,,,,,,,"Nombre: suraya_danza@yahoo.com.ar
",,Importado el 8/12/15 1 ::: * myContacts,* Other,suraya_danza@yahoo.com.ar,,,,,,,,,,,,,,,,,,,,,,,,,,,,,,
susana,,,,,,,,,,,,,,"Nombre: susana
",,Importado el 8/12/15 1 ::: * myContacts,* Other,suia@fibertel.com.ar,,,,,,,,,,,,,,,,,,,,,,,,,,,,,,
SUSANA,,,,,,,,,,,,,,"Nombre: SUSANA
",,Importado el 8/12/15 1 ::: * myContacts,* Other,susybperez@gmail.com,,,,,,,,,,,,,,,,,,,,,,,,,,,,,,
susana alejandra,,,,,,,,,,,,,,"Nombre: susana alejandra
",https://lh3.googleusercontent.com/contacts/AG6tpzG9htL5TlTA_YOxbbX8QsEVCui8E15ggIjE7Z5-NbpgAS9YE9VT,Importado el 8/12/15 1 ::: * myContacts,* Other,sualyodalisca@hotmail.com,,,,,,,,,,,,,,,,,,,,,,,,,,,,,,
Susana Edith Juegos de Aluminio ,,Juegos De Jardin,,,,,,,,,,,,,,* myContacts,,,Mobile,1159492579,,,,,,,,,,,,,,,,,,,,,,,,,,,,
Susana Ma,,,,,,,,,,,,,,,,Importado el 9/12/15 ::: Importado el 8/12/15 1 ::: Importado el 8/12/15 ::: * myContacts,,,Mobile,11-635-817-74,,,,,,,,,,,,,,,,,,,,,,,,,,,,
susanagilli_7@hotmail.com,,,,,,,,,,,,,,"Nombre: susanagilli_7@hotmail.com
",,Importado el 8/12/15 1 ::: * myContacts,* Other,susanagilli_7@hotmail.com,,,,,,,,,,,,,,,,,,,,,,,,,,,,,,
susanamarchisio@hotmail.com,,,,,,,,,,,,,,"Nombre: susanamarchisio@hotmail.com
",,Importado el 8/12/15 1 ::: * myContacts,* Other,susanamarchisio@hotmail.com,,,,,,,,,,,,,,,,,,,,,,,,,,,,,,
susanarizzotto@yahoo.com.ar,,,,,,,,,,,,,,,,Importado el 8/12/15 1 ::: * myContacts,* Other,susanarizzotto@yahoo.com.ar,,,,,,,,,,,,,,,,,,,,,,,,,,,,,,
susanayo@hotmail.com,,,,,,,,,,,,,,,,Importado el 8/12/15 1 ::: * myContacts,* Other,susanayo@hotmail.com,,,,,,,,,,,,,,,,,,,,,,,,,,,,,,
sussyrissi@yahoo.com.ar,,,,,,,,,,,,,,"Nombre: sussyrissi@yahoo.com.ar
",,Importado el 8/12/15 1 ::: * myContacts,* Other,sussyrissi@yahoo.com.ar,,,,,,,,,,,,,,,,,,,,,,,,,,,,,,
susyfarina@yahoo.com.ar,,,,,,,,,,,,,,,,Importado el 8/12/15 1 ::: * myContacts,* Other,susyfarina@yahoo.com.ar,,,,,,,,,,,,,,,,,,,,,,,,,,,,,,
svenser@yahoo.com.ar,,,,,,,,,,,,,,"Nombre: svenser@yahoo.com.ar
",,Importado el 8/12/15 1 ::: * myContacts,* Other,svenser@yahoo.com.ar,,,,,,,,,,,,,,,,,,,,,,,,,,,,,,
sverser@hotmail.com,,,,,,,,,,,,,,"Nombre: sverser@hotmail.com
",,Importado el 8/12/15 1 ::: * myContacts,* Other,sverser@hotmail.com,,,,,,,,,,,,,,,,,,,,,,,,,,,,,,
svillafane@unlar.edu.ar,,,,,,,,,,,,,,,,Importado el 8/12/15 1 ::: * myContacts,* Other,svillafane@unlar.edu.ar,,,,,,,,,,,,,,,,,,,,,,,,,,,,,,
sweetlolita_lp@hotma...,,,,,,,,,,,,,,"Nombre: sweetlolita_lp@hotma...
",,Importado el 8/12/15 1 ::: * myContacts,* Other,sweetlolita_lp@hotmail.com,,,,,,,,,,,,,,,,,,,,,,,,,,,,,,
Swiss Medical,,Dot,,,,,,,,Swiss Medical,,,,,,* myContacts,,,Mobile,+5491128893673,,,,,,,,,,,,,,,,,,,,,,,,,,,,
Swiss Medical Medicina Privada,,,,,,,,,,Swiss Medical Medicina Privada,,,,,,* myContacts,,,Mobile,+548103338876,,,,,,,,,,,,,,,,,,,,,,,,,,,,
sygsanz@hotmail.com,,,,,,,,,,,,,,,,Importado el 8/12/15 1 ::: * myContacts,* Other,sygsanz@hotmail.com,,,,,,,,,,,,,,,,,,,,,,,,,,,,,,
sylfides_7@hotmail.com,,,,,,,,,,,,,,,,Importado el 8/12/15 1 ::: * myContacts,* Other,sylfides_7@hotmail.com,,,,,,,,,,,,,,,,,,,,,,,,,,,,,,
sylviagulizia@gmail.com,,,,,,,,,,,,,,"Nombre: sylviagulizia@gmail.com
",,Importado el 8/12/15 1 ::: * myContacts,* Other,sylviagulizia@gmail.com,,,,,,,,,,,,,,,,,,,,,,,,,,,,,,
szona@hebos.com,,,,,,,,,,,,,,"Nombre: szona@hebos.com
",,Importado el 8/12/15 1 ::: * myContacts,* Other,szona@hebos.com,,,,,,,,,,,,,,,,,,,,,,,,,,,,,,
tablabyissam@yahoo.com,,,,,,,,,,,,,,"Nombre: tablabyissam@yahoo.com
",,Importado el 8/12/15 1 ::: * myContacts,* Other,tablabyissam@yahoo.com,,,,,,,,,,,,,,,,,,,,,,,,,,,,,,
tablaoflamencoelnaranjo@yahoo.com.ar,,,,,,,,,,,,,,"Nombre: tablaoflamencoelnaranjo@yahoo.com.ar
",,Importado el 8/12/15 1 ::: * myContacts,* Other,tablaoflamencoelnaranjo@yahoo.com.ar,,,,,,,,,,,,,,,,,,,,,,,,,,,,,,
Taher,Cocinero,Arabe,,,,,,,,,,,,,,* myContacts,,,Mobile,+54 9 11 3418-3156 ::: +54 9 11 2356-4884,,,,,,,,,,,,,,,,,,,,,,,,,,,,
tahia_design@speedy.com.ar,,,,,,,,,,,,,,,,Importado el 8/12/15 1 ::: * myContacts,* Other,tahia_design@speedy.com.ar,,,,,,,,,,,,,,,,,,,,,,,,,,,,,,
Taky Est.,grabacion.,Nuvar,,,,,,,,,,,,,,* myContacts,,,Mobile,1122394218,,,,,,,,,,,,,,,,,,,,,,,,,,,,
tal_tul@netvision.net.il,,,,,,,,,,,,,,,,Importado el 8/12/15 1 ::: * myContacts,* Other,tal_tul@netvision.net.il,,,,,,,,,,,,,,,,,,,,,,,,,,,,,,
Taller Modena,,Lucas,,,,,,,,,,,,,,* myContacts,,,Mobile,+5491133861698,,,,,,,,,,,,,,,,,,,,,,,,,,,,
tamar_arabe@yahoo.com.ar,,,,,,,,,,,,,,"Nombre: tamar_arabe@yahoo.com.ar
",,Importado el 8/12/15 1 ::: * myContacts,* Other,tamar_arabe@yahoo.com.ar,,,,,,,,,,,,,,,,,,,,,,,,,,,,,,
Tamara,,Bornia,,,,,,,,,,,,,,* myContacts,,,Móvil,+54 9 11 6501-5485,,,,,,,,,,,,,,,,,,,,,,,,,,,,
Tamara,Carniceria,Boutique,,,,,,,,,,,,,,* myContacts,,,Mobile,1122634382,,,,,,,,,,,,,,,,,,,,,,,,,,,,
Tamara Cliente 2021,Ex,Empleada,,,,,,,,,,,,,,* myContacts,,,Mobile,+54 9 11 6444-5724,,,,,,,,,,,,,,,,,,,,,,,,,,,,
Tamara,Empleada,2020,,,,,,,,,,,,,,* myContacts,,,Mobile,+54 9 348 420-5262,,,,,,,,,,,,,,,,,,,,,,,,,,,,
Tamara Ing Maschwitz ,,,,,,,,,,,,,,,,* myContacts,,,Mobile,+5491137028579,,,,,,,,,,,,,,,,,,,,,,,,,,,,
Tamara Ing. Maschwitz ,,,,,,,,,,,,,,,,* myContacts,,,Mobile,+54 9 348 420-5262,,,,,,,,,,,,,,,,,,,,,,,,,,,,
Tamara,,Limp_empleada,,,,,,,,,,,,,,* myContacts,,,Mobile,1140558507,,,,,,,,,,,,,,,,,,,,,,,,,,,,
tamaramanzur@hotmail.com,,,,,,,,,,,,,,"Nombre: tamaramanzur@hotmail.com
",,Importado el 8/12/15 1 ::: * myContacts,* Other,tamaramanzur@hotmail.com,,,,,,,,,,,,,,,,,,,,,,,,,,,,,,
tango1l@yahoo.com.ar,,,,,,,,,,,,,,,,Importado el 8/12/15 1 ::: * myContacts,* Other,tango1l@yahoo.com.ar,,,,,,,,,,,,,,,,,,,,,,,,,,,,,,
tangoguille@hotmail.com,,,,,,,,,,,,,,,,Importado el 8/12/15 1 ::: * myContacts,* Other,tangoguille@hotmail.com,,,,,,,,,,,,,,,,,,,,,,,,,,,,,,
tangopaz@yahoo.com.ar,,,,,,,,,,,,,,,,Importado el 8/12/15 1 ::: * myContacts,* Other,tangopaz@yahoo.com.ar,,,,,,,,,,,,,,,,,,,,,,,,,,,,,,
tanguerita7@hotmail.com,,,,,,,,,,,,,,,,Importado el 8/12/15 1 ::: * myContacts,* Other,tanguerita7@hotmail.com,,,,,,,,,,,,,,,,,,,,,,,,,,,,,,
tanitytosty@hotmail.com,,,,,,,,,,,,,,,,Importado el 8/12/15 1 ::: * myContacts,* Other,tanitytosty@hotmail.com,,,,,,,,,,,,,,,,,,,,,,,,,,,,,,
Tano Ricky (Matías),,Pinturas,,,,,,,,,,,,,,* myContacts,,,Mobile,+5491121716836,,,,,,,,,,,,,,,,,,,,,,,,,,,,
tao Cliente 2024,,,,,,,,,,,,,,,,* myContacts,,,Mobile,+5491151598226,,,,,,,,,,,,,,,,,,,,,,,,,,,,
tarif29@hotmail.com,,,,,,,,,,,,,,"Nombre: tarif29@hotmail.com
",,Importado el 8/12/15 1 ::: * myContacts,* Other,tarif29@hotmail.com,,,,,,,,,,,,,,,,,,,,,,,,,,,,,,
tarotlali@hotmail.com,,,,,,,,,,,,,,"Nombre: tarotlali@hotmail.com
",,Importado el 8/12/15 1 ::: * myContacts,* Other,tarotlali@hotmail.com,,,,,,,,,,,,,,,,,,,,,,,,,,,,,,
Tarquini,WhatsApp,consultas,,,,,,,,,,,,,,* myContacts,,,Mobile,1158872584,,,,,,,,,,,,,,,,,,,,,,,,,,,,
Tasas Municipales,,Comerciales,,,,,,,,Tasas Comerciales,,,,,,* myContacts,,,Mobile,+5491163982215,,,,,,,,,,,,,,,,,,,,,,,,,,,,
tasnimroxmasi@hotmail.com,,,,,,,,,,,,,,,,Importado el 8/12/15 1 ::: * myContacts,* Other,tasnimroxmasi@hotmail.com,,,,,,,,,,,,,,,,,,,,,,,,,,,,,,
tasonabila@yahoo.com,,,,,,,,,,,,,,"Nombre: tasonabila@yahoo.com
",,Importado el 8/12/15 1 ::: * myContacts,* Other,tasonabila@yahoo.com,,,,,,,,,,,,,,,,,,,,,,,,,,,,,,
Tatakua Iguazú Comidas,,,,,,,,,,,,,,,,* myContacts,,,Mobile,+54 3757 40-7193,,,,,,,,,,,,,,,,,,,,,,,,,,,,
tatiarroyo@hotmail.com,,,,,,,,,,,,,,"Nombre: tatiarroyo@hotmail.com
",,Importado el 8/12/15 1 ::: * myContacts,* Other,tatiarroyo@hotmail.com,,,,,,,,,,,,,,,,,,,,,,,,,,,,,,
tatino73@yahoo.com.ar,,,,,,,,,,,,,,"Nombre: tatino73@yahoo.com.ar
",,Importado el 8/12/15 1 ::: * myContacts,* Other,tatino73@yahoo.com.ar,,,,,,,,,,,,,,,,,,,,,,,,,,,,,,
tattoomaria@yahoo.com.ar,,,,,,,,,,,,,,"Nombre: tattoomaria@yahoo.com.ar
",,Importado el 8/12/15 1 ::: * myContacts,* Other,tattoomaria@yahoo.com.ar,,,,,,,,,,,,,,,,,,,,,,,,,,,,,,
taty_16_06@hotmail.com,,,,,,,,,,,,,,"Nombre: taty_16_06@hotmail.com
",,Importado el 8/12/15 1 ::: * myContacts,* Other,taty_16_06@hotmail.com,,,,,,,,,,,,,,,,,,,,,,,,,,,,,,
tatyana_06_16@hotmail.com,,,,,,,,,,,,,,"Nombre: tatyana_06_16@hotmail.com
",,Importado el 8/12/15 1 ::: * myContacts,* Other,tatyana_06_16@hotmail.com,,,,,,,,,,,,,,,,,,,,,,,,,,,,,,
Taxi jorge,,,,,,,,,,,,,,,,* myContacts,,,Mobile,1153775097,,,,,,,,,,,,,,,,,,,,,,,,,,,,
tayito28@hotmail.com,,,,,,,,,,,,,,"Nombre: tayito28@hotmail.com
",,Importado el 8/12/15 1 ::: * myContacts,* Other,tayito28@hotmail.com,,,,,,,,,,,,,,,,,,,,,,,,,,,,,,
tctmarcela@hotmail.c,,,,,,,,,,,,,,"Nombre: tctmarcela@hotmail.c
",,Importado el 8/12/15 1 ::: * myContacts,* Other,tctmarcela@hotmail.com,,,,,,,,,,,,,,,,,,,,,,,,,,,,,,
teatroconcert@tutopia.com,,,,,,,,,,,,,,"Nombre: teatroconcert@tutopia.com
",,Importado el 8/12/15 1 ::: * myContacts,* Other,teatroconcert@tutopia.com,,,,,,,,,,,,,,,,,,,,,,,,,,,,,,
teatros@123info.com.ar,,,,,,,,,,,,,,"Nombre: teatros@123info.com.ar
",,Importado el 8/12/15 1 ::: * myContacts,* Other,teatros@123info.com.ar,,,,,,,,,,,,,,,,,,,,,,,,,,,,,,
tedancari@gmail.com,,,,,,,,,,,,,,"Nombre: tedancari@gmail.com
",,Importado el 8/12/15 1 ::: * myContacts,* Other,tedancari@gmail.com,,,,,,,,,,,,,,,,,,,,,,,,,,,,,,
Tefi Cliente 2022,,Mamá Cocina Griega,,,,,,,,,,,,,,* myContacts,,,Mobile,+54 9 11 5311-4300,,,,,,,,,,,,,,,,,,,,,,,,,,,,
tekun@dxred.com.ar,,,,,,,,,,,,,,,,Importado el 8/12/15 1 ::: * myContacts,* Other,tekun@dxred.com.ar,,,,,,,,,,,,,,,,,,,,,,,,,,,,,,
Telecentro,,,,,,,,,,,,,,,,* myContacts,,,Mobile,11 6380-9500,,,,,,,,,,,,,,,,,,,,,,,,,,,,
Telecom,,,,,,,,,,,,,,,,* myContacts,,,Mobile,11 7195-0001,,,,,,,,,,,,,,,,,,,,,,,,,,,,
Telecom,,Arnet,,,,,,,,,,,,,,* myContacts,,,Mobile,08008880112,,,,,,,,,,,,,,,,,,,,,,,,,,,,
Telecom Baja,,,,,,,,,,,,,,,,* myContacts,,,Mobile,11 3100-2222,,,,,,,,,,,,,,,,,,,,,,,,,,,,
terelew@hotmail.com,,,,,,,,,,,,,,"Nombre: terelew@hotmail.com
",,Importado el 8/12/15 1 ::: * myContacts,* Other,terelew@hotmail.com,,,,,,,,,,,,,,,,,,,,,,,,,,,,,,
Teresa Cliente 2023,,,,,,,,,,Puertos Marina,,,,,,* myContacts,,,Mobile,11 5603-2298,,,,,,,,,,,,,,,,,,,,,,,,,,,,
Teresa seisded,,,,,,,,,,,,,,,,Importado el 9/12/15 ::: Importado el 8/12/15 1 ::: Importado el 8/12/15 ::: * myContacts,,,Mobile,‪+54 9 11 6130-0901‬ ::: 613-009-01,,,,,,,,,,,,,,,,,,,,,,,,,,,,
teresamallea@ciudad.com.ar,,,,,,,,,,,,,,,,Importado el 8/12/15 1 ::: * myContacts,* Other,teresamallea@ciudad.com.ar,,,,,,,,,,,,,,,,,,,,,,,,,,,,,,
Termas De Guaychu,,,,,,,,,,,,,,,,* myContacts,,,Mobile,3446 60-7620,,,,,,,,,,,,,,,,,,,,,,,,,,,,
Tesoreria,,,,,,,,,,,,,,"Nombre: Tesoreria
",,Importado el 8/12/15 1 ::: * myContacts,* Other,tesoreria@cm-salud.com.ar,,,,,,,,,,,,,,,,,,,,,,,,,,,,,,
tessyjalil@hotmail.com,,,,,,,,,,,,,,"Nombre: tessyjalil@hotmail.com
",,Importado el 8/12/15 1 ::: * myContacts,* Other,tessyjalil@hotmail.com,,,,,,,,,,,,,,,,,,,,,,,,,,,,,,
thaisita12@hotmail.com,,,,,,,,,,,,,,"Nombre: thaisita12@hotmail.com
",,Importado el 8/12/15 1 ::: * myContacts,* Other,thaisita12@hotmail.com,,,,,,,,,,,,,,,,,,,,,,,,,,,,,,
theblackqueen_1@hotmail.com,,,,,,,,,,,,,,"Nombre: theblackqueen_1@hotmail.com
",,Importado el 8/12/15 1 ::: * myContacts,* Other,theblackqueen_1@hotmail.com,,,,,,,,,,,,,,,,,,,,,,,,,,,,,,
Theo Repartidor Frigorífico,,Andres,,,,,,,,,,,,,,* myContacts,,,Mobile,+5491144295007,,,,,,,,,,,,,,,,,,,,,,,,,,,,
thevaiolet@hotmail.com,,,,,,,,,,,,,,"Nombre: thevaiolet@hotmail.com
",,Importado el 8/12/15 1 ::: * myContacts,* Other,thevaiolet@hotmail.com,,,,,,,,,,,,,,,,,,,,,,,,,,,,,,
thiagnat96@hotmail.com,,,,,,,,,,,,,,"Nombre: thiagnat96@hotmail.com
",,Importado el 8/12/15 1 ::: * myContacts,* Other,thiagnat96@hotmail.com,,,,,,,,,,,,,,,,,,,,,,,,,,,,,,
Thierry,,,,,,,,,,,,,,"Nombre: Thierry
",,Importado el 8/12/15 1 ::: * myContacts,* Other,tderuelle@distincthorizon.com,,,,,,,,,,,,,,,,,,,,,,,,,,,,,,
thiespen@quanta.com.py,,,,,,,,,,,,,,"Nombre: thiespen@quanta.com.py
",,Importado el 8/12/15 1 ::: * myContacts,* Other,thiespen@quanta.com.py,,,,,,,,,,,,,,,,,,,,,,,,,,,,,,
Tia,,Ana,,,,,,,,,,,,,,Importado el 9/12/15 ::: Importado el 8/12/15 1 ::: Importado el 8/12/15 ::: * myContacts,,,Mobile,4292-1238 ::: 1528016978,,,,,,,,,,,,,,,,,,,,,,,,,,,,
tiago_jeremias@yahoo.com,,,,,,,,,,,,,,"Nombre: tiago_jeremias@yahoo.com
",,Importado el 8/12/15 1 ::: * myContacts,* Other,tiago_jeremias@yahoo.com,,,,,,,,,,,,,,,,,,,,,,,,,,,,,,
tiaradance@hotmail.com,,,,,,,,,,,,,,,,Importado el 8/12/15 1 ::: * myContacts,* Other,tiaradance@hotmail.com,,,,,,,,,,,,,,,,,,,,,,,,,,,,,,
ticianacasasdinardo@hotmail.com,,,,,,,,,,,,,,,,Importado el 8/12/15 1 ::: * myContacts,* Other,ticianacasasdinardo@hotmail.com,,,,,,,,,,,,,,,,,,,,,,,,,,,,,,
tierraelectrica11@hotmail.com,,,,,,,,,,,,,,"Nombre: tierraelectrica11@hotmail.com
",,Importado el 8/12/15 1 ::: * myContacts,* Other,tierraelectrica11@hotmail.com,,,,,,,,,,,,,,,,,,,,,,,,,,,,,,
tinanica@hotmail.com,,,,,,,,,,,,,,"Nombre: tinanica@hotmail.com
",,Importado el 8/12/15 1 ::: * myContacts,* Other,tinanica@hotmail.com,,,,,,,,,,,,,,,,,,,,,,,,,,,,,,
Tincho Cliente 2024,,,,,,,,,,,,,,,,* myContacts,,,Mobile,+5491130007549,,,,,,,,,,,,,,,,,,,,,,,,,,,,
Tìo,,Memes,,,,,,,,,,,,,,* myContacts,,,Mobile,11 2734-4760,,,,,,,,,,,,,,,,,,,,,,,,,,,,
tita_abularach@hotmail.com,,,,,,,,,,,,,,"Nombre: tita_abularach@hotmail.com
",,Importado el 8/12/15 1 ::: * myContacts,* Other,tita_abularach@hotmail.com,,,,,,,,,,,,,,,,,,,,,,,,,,,,,,
Tito Heladeras Servicw,,,,,,,,,,,,,,,,* myContacts,,,Mobile,+54 348 420-0835,,,,,,,,,,,,,,,,,,,,,,,,,,,,
tito22_10@hotmail.co,,,,,,,,,,,,,,"Nombre: tito22_10@hotmail.co
",,Importado el 8/12/15 1 ::: * myContacts,* Other,tito22_10@hotmail.com,,,,,,,,,,,,,,,,,,,,,,,,,,,,,,
tityta@hotmail.com,,,,,,,,,,,,,,,,Importado el 8/12/15 1 ::: * myContacts,* Other,tityta@hotmail.com,,,,,,,,,,,,,,,,,,,,,,,,,,,,,,
Tobias,,,,,,,,,,,,,,,,* myContacts,,,Mobile,+54 9 11 6870-7290,,,,,,,,,,,,,,,,,,,,,,,,,,,,
Tobias,Cliente,2020,,,,,,,,,,,,,,* myContacts,,,Mobile,+54 9 11 3388-2596,,,,,,,,,,,,,,,,,,,,,,,,,,,,
Toby,,Delivery,,,,,,,,,,,,,,* myContacts,,,Mobile,11 3038-7227,,,,,,,,,,,,,,,,,,,,,,,,,,,,
Todo,Granel,Maschwitz,,,,,,,,,,,,,,* myContacts,,,Mobile,+54 11 7366-9629,,,,,,,,,,,,,,,,,,,,,,,,,,,,
Todomicro Atencion Rapida,,Tecnologia,,,,,,,,Todomicro Atencion Rapida,,,,,,* myContacts,,,Mobile,+5491173643463,,,,,,,,,,,,,,,,,,,,,,,,,,,,
todoquesoalimentaria@hotmail.com,,,,,,,,,,,,,,"Nombre: todoquesoalimentaria@hotmail.com
",,Importado el 8/12/15 1 ::: * myContacts,* Other,todoquesoalimentaria@hotmail.com,,,,,,,,,,,,,,,,,,,,,,,,,,,,,,
tohmr@yahoo.com.ar,,,,,,,,,,,,,,"Nombre: tohmr@yahoo.com.ar
",,Importado el 8/12/15 1 ::: * myContacts,* Other,tohmr@yahoo.com.ar,,,,,,,,,,,,,,,,,,,,,,,,,,,,,,
Tomas,,Cliente,,,,,,,,,,,,,,* myContacts,,,Mobile,+54 9 11 2246-2195,,,,,,,,,,,,,,,,,,,,,,,,,,,,
Tomas,Cliente,2021×,,,,,,,,,,,,,,* myContacts,,,Mobile,+54 9 11 6715-9653,,,,,,,,,,,,,,,,,,,,,,,,,,,,
Tomas Cliente 2022,,,,,,,,,,,,,,,,* myContacts,,,Mobile,+541149483503,,,,,,,,,,,,,,,,,,,,,,,,,,,,
Tomas Cliente 2024,,,,,,,,,,,,,,,,* myContacts,,,Mobile,+5491133040492,,,,,,,,,,,,,,,,,,,,,,,,,,,,
Tomas Cliente 2025,,,,,,,,,,,,,,,,* myContacts,,,Mobile,+5491136233851,,,,,,,,,,,,,,,,,,,,,,,,,,,,
Tomas Distribucion (Amigo,De,Sundar),,,,,,,,Caballito Mendoza,,,,,,* myContacts,,,Móvil,+54 9 11 5106-6968,,,,,,,,,,,,,,,,,,,,,,,,,,,,
tomasfernet@hotmail.com,,,,,,,,,,,,,,"Nombre: tomasfernet@hotmail.com
",,Importado el 8/12/15 1 ::: * myContacts,* Other,tomasfernet@hotmail.com,,,,,,,,,,,,,,,,,,,,,,,,,,,,,,
tomasnatalia@hotmail.com,,,,,,,,,,,,,,,,Importado el 8/12/15 1 ::: * myContacts,* Other,tomasnatalia@hotmail.com,,,,,,,,,,,,,,,,,,,,,,,,,,,,,,
Tomattino Pizza Party,Pizza Catering,Party,,,,,,,,El Canton,,,,,,* myContacts,,,Casa,+54 9 11 4410-5353,,,,,,,,,,,,,,,,,,,,,,,,,,,,
Tomi Crack,,,,,,,,,,,,,,,,* myContacts,,,Mobile,+5491125376066,,,,,,,,,,,,,,,,,,,,,,,,,,,,
tongas_1986@hotmail,,,,,,,,,,,,,,"Nombre: tongas_1986@hotmail
",,Importado el 8/12/15 1 ::: * myContacts,* Other,tongas_1986@hotmail.com,,,,,,,,,,,,,,,,,,,,,,,,,,,,,,
TONY,,,,,,,,,,,,,,"Nombre: TONY
",,Importado el 8/12/15 1 ::: * myContacts,* Other,tonyhallak6@hotmail.com,,,,,,,,,,,,,,,,,,,,,,,,,,,,,,
Tony,,Fumigador,,,,,,,,,,,,,,* myContacts,,,Mobile,+54 9 348 445-6758,,,,,,,,,,,,,,,,,,,,,,,,,,,,
tony partic,,,,,,,,,,,,,,,,* myContacts,,,Mobile,1141458975,,,,,,,,,,,,,,,,,,,,,,,,,,,,
trevisansil@yahoo.com.ar,,,,,,,,,,,,,,,,Importado el 8/12/15 1 ::: * myContacts,* Other,trevisansil@yahoo.com.ar,,,,,,,,,,,,,,,,,,,,,,,,,,,,,,
Trifusion the,,,,,,,,,,,,,,"Nombre: Trifusion the
",,Importado el 8/12/15 1 ::: * myContacts,* Other,trifusion_theband@hotmail.com,,,,,,,,,,,,,,,,,,,,,,,,,,,,,,
trufaton,,,,,,,,,,,,,,"Nombre: trufaton
",,Importado el 8/12/15 1 ::: * myContacts,* Other,acanoresp@data54.com,,,,,,,,,,,,,,,,,,,,,,,,,,,,,,
Tubos De Gas Cristian,,De Parte De Santiago,,,,,,,,,,,,,,* myContacts,,,Mobile,+5491136676248,,,,,,,,,,,,,,,,,,,,,,,,,,,,
turca477@hotmail.com,,,,,,,,,,,,,,,,Importado el 8/12/15 1 ::: * myContacts,* Other,turca477@hotmail.com,,,,,,,,,,,,,,,,,,,,,,,,,,,,,,
turcamaneiro@hotmail.com,,,,,,,,,,,,,,"Nombre: turcamaneiro@hotmail.com
",,Importado el 8/12/15 1 ::: * myContacts,* Other,turcamaneiro@hotmail.com,,,,,,,,,,,,,,,,,,,,,,,,,,,,,,
turco_gus@hotmail.co,,,,,,,,,,,,,,"Nombre: turco_gus@hotmail.co
",,Importado el 8/12/15 1 ::: * myContacts,* Other,turco_gus@hotmail.com,,,,,,,,,,,,,,,,,,,,,,,,,,,,,,
turkito_sj@hotmail.com,,,,,,,,,,,,,,,,Importado el 8/12/15 1 ::: * myContacts,* Other,turkito_sj@hotmail.com,,,,,,,,,,,,,,,,,,,,,,,,,,,,,,
Turnos para pago -,Estudio,Ondetti (Dromi),,,,,,,,,,,,,,* myContacts,,,Celular,+54 9 11 2529-7373,,,,,,,,,,,,,,,,,,,,,,,,,,,,
turquisisima@hotmail.com,,,,,,,,,,,,,,,,Importado el 8/12/15 1 ::: * myContacts,* Other,turquisisima@hotmail.com,,,,,,,,,,,,,,,,,,,,,,,,,,,,,,
turquita_cba@hotmail.com,,,,,,,,,,,,,,"Nombre: turquita_cba@hotmail.com
",,Importado el 8/12/15 1 ::: * myContacts,* Other,turquita_cba@hotmail.com,,,,,,,,,,,,,,,,,,,,,,,,,,,,,,
tutuance_ladoce@hotmail.com,,,,,,,,,,,,,,,,Importado el 8/12/15 1 ::: * myContacts,* Other,tutuance_ladoce@hotmail.com,,,,,,,,,,,,,,,,,,,,,,,,,,,,,,
Twinstapdance@aol.com,,,,,,,,,,,,,,"Nombre: Twinstapdance@aol.com
",,Importado el 8/12/15 1 ::: * myContacts,* Other,Twinstapdance@aol.com,,,,,,,,,,,,,,,,,,,,,,,,,,,,,,
Ugo Termotanque $120.000,,,,,,,,,,,,,,,,* myContacts,,,Mobile,+5491140561431,,,,,,,,,,,,,,,,,,,,,,,,,,,,
Ulises,,(UBER),,,,,,,,,,,,,,* myContacts,,,Mobile,11 5767-4081,,,,,,,,,,,,,,,,,,,,,,,,,,,,
Ulises,,Cliente,,,,,,,,,,,,,,* myContacts,,,Mobile,+54 9 11 4079-6864,,,,,,,,,,,,,,,,,,,,,,,,,,,,
ulises pourciel,,pourciel,,,,,,,,,,,,"Nombre: ulises
",,Importado el 8/12/15 1 ::: * myContacts,* Other,lallamada2004@yahoo.com.ar,,,,,,,,,,,,,,,,,,,,,,,,,,,,,,
ulmuller@gmail.com,,,,,,,,,,,,,,"Nombre: ulmuller@gmail.com
",,Importado el 8/12/15 1 ::: * myContacts,* Other,ulmuller@gmail.com,,,,,,,,,,,,,,,,,,,,,,,,,,,,,,
umasurai@hotmail.com,,,,,,,,,,,,,,"Nombre: umasurai@hotmail.com
",,Importado el 8/12/15 1 ::: * myContacts,* Other,umasurai@hotmail.com,,,,,,,,,,,,,,,,,,,,,,,,,,,,,,
uminchu81@msn.com,,,,,,,,,,,,,,,,Importado el 8/12/15 1 ::: * myContacts,* Other,uminchu81@msn.com,,,,,,,,,,,,,,,,,,,,,,,,,,,,,,
umma37@gmail.com,,,,,,,,,,,,,,"Nombre: umma37@gmail.com
",,Importado el 8/12/15 1 ::: * myContacts,* Other,umma37@gmail.com,,,,,,,,,,,,,,,,,,,,,,,,,,,,,,
unangelito17@hotmail.com,,,,,,,,,,,,,,"Nombre: unangelito17@hotmail.com
",,Importado el 8/12/15 1 ::: * myContacts,* Other,unangelito17@hotmail.com,,,,,,,,,,,,,,,,,,,,,,,,,,,,,,
uniendotradiciones@hotmail.com,,,,,,,,,,,,,,"Nombre: uniendotradiciones@hotmail.com
",,Importado el 8/12/15 1 ::: * myContacts,* Other,uniendotradiciones@hotmail.com,,,,,,,,,,,,,,,,,,,,,,,,,,,,,,
unoseisnueve@yahoo.com.ar,,,,,,,,,,,,,,"Nombre: unoseisnueve@yahoo.com.ar
",,Importado el 8/12/15 1 ::: * myContacts,* Other,unoseisnueve@yahoo.com.ar,,,,,,,,,,,,,,,,,,,,,,,,,,,,,,
upachango@hotmail.com,,,,,,,,,,,,,,"Nombre: upachango@hotmail.com
",,Importado el 8/12/15 1 ::: * myContacts,* Other,upachango@hotmail.com,,,,,,,,,,,,,,,,,,,,,,,,,,,,,,
Urgencias/emergencias/coordinacionmedica,,Eurolife,,,,,,,,,,,,,,* myContacts,,,Móvil,+54 9 11 2529-4916,,,,,,,,,,,,,,,,,,,,,,,,,,,,
Uriel Gianola,,,,,,,,,,,,,,,,* myContacts,,,Home,+543484306609,,,,,,,,,,,,,,,,,,,,,,,,,,,,
urielit@hotmail.com,,,,,,,,,,,,,,"Nombre: urielit@hotmail.com
",,Importado el 8/12/15 1 ::: * myContacts,* Other,urielit@hotmail.com,,,,,,,,,,,,,,,,,,,,,,,,,,,,,,
ursula@fontananicastro.com.ar,,,,,,,,,,,,,,"Nombre: ursula@fontananicastro.com.ar
",,Importado el 8/12/15 1 ::: * myContacts,* Other,ursula@fontananicastro.com.ar,,,,,,,,,,,,,,,,,,,,,,,,,,,,,,
ushuaiadanza@hotmail.com.ar,,,,,,,,,,,,,,,,Importado el 8/12/15 1 ::: * myContacts,* Other,ushuaiadanza@hotmail.com.ar,,,,,,,,,,,,,,,,,,,,,,,,,,,,,,
v_ali@datafull.com,,,,,,,,,,,,,,"Nombre: v_ali@datafull.com
",,Importado el 8/12/15 1 ::: * myContacts,* Other,v_ali@datafull.com,,,,,,,,,,,,,,,,,,,,,,,,,,,,,,
vag@hotmail.com,,,,,,,,,,,,,,,,Importado el 8/12/15 1 ::: * myContacts,* Other,vag@hotmail.com,,,,,,,,,,,,,,,,,,,,,,,,,,,,,,
Vale Cliente 2024,,,,,,,,,,,,,,,,* myContacts,,,Mobile,+5491132064064,,,,,,,,,,,,,,,,,,,,,,,,,,,,
vale_14_12@hotmail.c,,,,,,,,,,,,,,"Nombre: vale_14_12@hotmail.c
",,Importado el 8/12/15 1 ::: * myContacts,* Other,vale_14_12@hotmail.com,,,,,,,,,,,,,,,,,,,,,,,,,,,,,,
vale_cincu05@hotmail.com,,,,,,,,,,,,,,"Nombre: vale_cincu05@hotmail.com
",,Importado el 8/12/15 1 ::: * myContacts,* Other,vale_cincu05@hotmail.com,,,,,,,,,,,,,,,,,,,,,,,,,,,,,,
vale_noa@hotmail.com,,,,,,,,,,,,,,"Nombre: vale_noa@hotmail.com
",,Importado el 8/12/15 1 ::: * myContacts,* Other,vale_noa@hotmail.com,,,,,,,,,,,,,,,,,,,,,,,,,,,,,,
vale_zaiga@hotmail.com,,,,,,,,,,,,,,,,Importado el 8/12/15 1 ::: * myContacts,* Other,vale_zaiga@hotmail.com,,,,,,,,,,,,,,,,,,,,,,,,,,,,,,
valebonafina@hotmail.com,,,,,,,,,,,,,,"Nombre: valebonafina@hotmail.com
",,Importado el 8/12/15 1 ::: * myContacts,* Other,valebonafina@hotmail.com,,,,,,,,,,,,,,,,,,,,,,,,,,,,,,
Valen Lazarte,,,,,,,,,,,,,,,,* myContacts,,,Móvil,+54 9 11 3335-4723,,,,,,,,,,,,,,,,,,,,,,,,,,,,
Valentin Cliente 2025,,,,,,,,,,,,,,,,* myContacts,,,Mobile,+5491144449285,,,,,,,,,,,,,,,,,,,,,,,,,,,,
Valentin Cliente 2026,,,,,,,,,,,,,,,,* myContacts,,,Mobile,+5493541208471,,,,,,,,,,,,,,,,,,,,,,,,,,,,
Valentin Don,Quijote,Eventos,,,,,,,,,,,,,,* myContacts,,,Mobile,11 2532-0899,,,,,,,,,,,,,,,,,,,,,,,,,,,,
Valentin,,Raichuni,,,,,,,,,,,,,,* myContacts,,,Mobile,+54 9 11 3503-5555,,,,,,,,,,,,,,,,,,,,,,,,,,,,
Valentina,,Clienta,,,,,,,,,,,,,,* myContacts,,,Mobile,+54 11 5946-9477,,,,,,,,,,,,,,,,,,,,,,,,,,,,
Valentina Cliente 2022,,,,,,,,,,,,,,,,* myContacts,,,Mobile,+54 9 11 5586-0581,,,,,,,,,,,,,,,,,,,,,,,,,,,,
Valentina cliente 2022,,,,,,,,,,,,,,,,* myContacts,,,Mobile,+54 9 11 6855-2558,,,,,,,,,,,,,,,,,,,,,,,,,,,,
Valentino Cliente 2024,,,,,,,,,,,,,,,,* myContacts,,,Mobile,+5493484369649,,,,,,,,,,,,,,,,,,,,,,,,,,,,
Valenzuela,Cliente,2020,,,,,,,,,,,,,,* myContacts,,,Mobile,+54 9 11 4171-2315,,,,,,,,,,,,,,,,,,,,,,,,,,,,
valeria,,,,,,,,,,,,,,"Nombre: valeria
",,Importado el 8/12/15 1 ::: * myContacts,* Other,val_141@yahoo.com.ar,,,,,,,,,,,,,,,,,,,,,,,,,,,,,,
valeria,,,,,,,,,,,,,,"Nombre: valeria
",,Importado el 8/12/15 1 ::: * myContacts,* Other,carcachavaleria@hotmail.com,,,,,,,,,,,,,,,,,,,,,,,,,,,,,,
valeria,,,,,,,,,,,,,,"Nombre: valeria
",,Importado el 8/12/15 1 ::: * myContacts,* Other,farah_naim81@hotmail.com,,,,,,,,,,,,,,,,,,,,,,,,,,,,,,
Valeria,,,,,,,,,,,,,,"Nombre: Valeria
",,Importado el 8/12/15 1 ::: * myContacts,* Other,milena8@fibertel.com.ar,,,,,,,,,,,,,,,,,,,,,,,,,,,,,,
valeria,,,,,,,,,,,,,,"Nombre: valeria
",,Importado el 8/12/15 1 ::: * myContacts,* Other,valeriaberdion@yahoo.com.ar,,,,,,,,,,,,,,,,,,,,,,,,,,,,,,
Valeria Cliente 2022,,,,,,,,,,,,,,,,* myContacts,,,Mobile,+54 9 11 3498-2204,,,,,,,,,,,,,,,,,,,,,,,,,,,,
Valeria Cocinas Industriales,,,,,,,,,,,,,,,,* myContacts,,,Mobile,+541122556566,,,,,,,,,,,,,,,,,,,,,,,,,,,,
Valeria de Sol y arena,San,Clemente,,,,,,,,,,,,,,* myContacts,,,Mobile,+54 9 2257 63-9241,,,,,,,,,,,,,,,,,,,,,,,,,,,,
Valeria Marketing De Redes,,,,,,,,,,,,,,,,* myContacts,,,Móvil,+54 9 11 5339-5331,,,,,,,,,,,,,,,,,,,,,,,,,,,,
valeria_a2000@hotmail.com,,,,,,,,,,,,,,"Nombre: valeria_a2000@hotmail.com
",,Importado el 8/12/15 1 ::: * myContacts,* Other,valeria_a2000@hotmail.com,,,,,,,,,,,,,,,,,,,,,,,,,,,,,,
valeriafissore12@hotmail.com,,,,,,,,,,,,,,"Nombre: valeriafissore12@hotmail.com
",,Importado el 8/12/15 1 ::: * myContacts,* Other,valeriafissore12@hotmail.com,,,,,,,,,,,,,,,,,,,,,,,,,,,,,,
valeriagonzalezorono@hotmail.com,,,,,,,,,,,,,,"Nombre: valeriagonzalezorono@hotmail.com
",,Importado el 8/12/15 1 ::: * myContacts,* Other,valeriagonzalezorono@hotmail.com,,,,,,,,,,,,,,,,,,,,,,,,,,,,,,
valeriamaiz@hotmail.com,,,,,,,,,,,,,,"Nombre: valeriamaiz@hotmail.com
",,Importado el 8/12/15 1 ::: * myContacts,* Other,valeriamaiz@hotmail.com,,,,,,,,,,,,,,,,,,,,,,,,,,,,,,
Valerie,,,,,,,,,,,,,,"Nombre: Valerie
",,Importado el 8/12/15 1 ::: * myContacts,* Other,vov@web-romanin.com,,,,,,,,,,,,,,,,,,,,,,,,,,,,,,
valle_gra2000@yahoo.com.ar,,,,,,,,,,,,,,"Nombre: valle_gra2000@yahoo.com.ar
",,Importado el 8/12/15 1 ::: * myContacts,* Other,valle_gra2000@yahoo.com.ar,,,,,,,,,,,,,,,,,,,,,,,,,,,,,,
Valmira Brasiu 9°B estado,de,israel,,,,,,,,Israel,,9b,,,,* myContacts,,,Celular,+54 9 11 6161-5390,,,,,,,,,,,,,,,,,,,,,,,,,,,,
vanavelazquez@hotmail.com,,,,,,,,,,,,,,"Nombre: vanavelazquez@hotmail.com
",,Importado el 8/12/15 1 ::: * myContacts,* Other,vanavelazquez@hotmail.com,,,,,,,,,,,,,,,,,,,,,,,,,,,,,,
Vane,,secret,,,,,,,,,,,,,,* myContacts,,,Mobile,011-689-21628 ::: +5491168921628,,,,,,,,,,,,,,,,,,,,,,,,,,,,
Vanesa,,,,,,,,,,,,,,"Nombre: Vanesa
",,Importado el 8/12/15 1 ::: * myContacts,* Other,vanesaschunk@hotmail.com,,,,,,,,,,,,,,,,,,,,,,,,,,,,,,
Vanesa,,,,,,,,,,,,,,"Nombre: Vanesa
",,Importado el 8/12/15 1 ::: * myContacts,* Other,meche79@hotmail.com,,,,,,,,,,,,,,,,,,,,,,,,,,,,,,
Vanesa,Cliente,2021,,,,,,,,,,,,,,* myContacts,,,Mobile,+54 9 11 4440-2654,,,,,,,,,,,,,,,,,,,,,,,,,,,,
Vanesa Cliente 2023,,,,,,,,,,,,,,,,* myContacts,,,Mobile,+54 9 11 5125-9732,,,,,,,,,,,,,,,,,,,,,,,,,,,,
vanesa,ley,maschwitz,,,,,,,,,,,,,,* myContacts,,,Mobile,1161429487,,,,,,,,,,,,,,,,,,,,,,,,,,,,
Vanesa Pedefer,,,,,,,,,,,,,,"Nombre: Vanesa Pedefer
",,Importado el 8/12/15 1 ::: * myContacts,* Other,vane_ale_29@hotmail.com,,,,,,,,,,,,,,,,,,,,,,,,,,,,,,
VanesaCulasso@hotmail.com,,,,,,,,,,,,,,"Nombre: VanesaCulasso@hotmail.com
",,Importado el 8/12/15 1 ::: * myContacts,* Other,VanesaCulasso@hotmail.com,,,,,,,,,,,,,,,,,,,,,,,,,,,,,,
vanesaenciso@hotmail.com,,,,,,,,,,,,,,"Nombre: vanesaenciso@hotmail.com
",,Importado el 8/12/15 1 ::: * myContacts,* Other,vanesaenciso@hotmail.com,,,,,,,,,,,,,,,,,,,,,,,,,,,,,,
vanesah,,,,,,,,,,,,,,"Nombre: vanesah
",,Importado el 8/12/15 1 ::: * myContacts,* Other,vanesah@uyuyuy.com,,,,,,,,,,,,,,,,,,,,,,,,,,,,,,
vanesamar66@hotmail.com,,,,,,,,,,,,,,"Nombre: vanesamar66@hotmail.com
",,Importado el 8/12/15 1 ::: * myContacts,* Other,vanesamar66@hotmail.com,,,,,,,,,,,,,,,,,,,,,,,,,,,,,,
vanesamuniz@elsitio.com,,,,,,,,,,,,,,"Nombre: vanesamuniz@elsitio.com
",,Importado el 8/12/15 1 ::: * myContacts,* Other,vanesamuniz@elsitio.com,,,,,,,,,,,,,,,,,,,,,,,,,,,,,,
vanesaparedes15@ciudad.com,,,,,,,,,,,,,,"Nombre: vanesaparedes15@ciudad.com
",,Importado el 8/12/15 1 ::: * myContacts,* Other,vanesaparedes15@ciudad.com.ar,,,,,,,,,,,,,,,,,,,,,,,,,,,,,,
vangogh51@hotmail.com,,,,,,,,,,,,,,"Nombre: vangogh51@hotmail.com
",,Importado el 8/12/15 1 ::: * myContacts,* Other,vangogh51@hotmail.com,,,,,,,,,,,,,,,,,,,,,,,,,,,,,,
Vanina mamá de Ema,,Fasta,,,,,,,,,,,,,,* myContacts,,,Mobile,+5491151439222,,,,,,,,,,,,,,,,,,,,,,,,,,,,
vaninalucesole@hotmail.com,,,,,,,,,,,,,,"Nombre: vaninalucesole@hotmail.com
",,Importado el 8/12/15 1 ::: * myContacts,* Other,vaninalucesole@hotmail.com,,,,,,,,,,,,,,,,,,,,,,,,,,,,,,
vaninamugnolo@gmail.com,,,,,,,,,,,,,,"Nombre: vaninamugnolo@gmail.com
",,Importado el 8/12/15 1 ::: * myContacts,* Other,vaninamugnolo@gmail.com,,,,,,,,,,,,,,,,,,,,,,,,,,,,,,
vanonga@hotmail.com,,,,,,,,,,,,,,,,Importado el 8/12/15 1 ::: * myContacts,* Other,vanonga@hotmail.com,,,,,,,,,,,,,,,,,,,,,,,,,,,,,,
varejao76@yahoo.com,,,,,,,,,,,,,,"Nombre: varejao76@yahoo.com
",,Importado el 8/12/15 1 ::: * myContacts,* Other,varejao76@yahoo.com,,,,,,,,,,,,,,,,,,,,,,,,,,,,,,
vayvinka_fensore@hot,,,,,,,,,,,,,,"Nombre: vayvinka_fensore@hot
",,Importado el 8/12/15 1 ::: * myContacts,* Other,vayvinka_fensore@hotmail.com,,,,,,,,,,,,,,,,,,,,,,,,,,,,,,
vayvinka@yahoo.com.ar,,,,,,,,,,,,,,"Nombre: vayvinka@yahoo.com.ar
",,Importado el 8/12/15 1 ::: * myContacts,* Other,vayvinka@yahoo.com.ar,,,,,,,,,,,,,,,,,,,,,,,,,,,,,,
vbalda@aol.com,,,,,,,,,,,,,,"Nombre: vbalda@aol.com
",,Importado el 8/12/15 1 ::: * myContacts,* Other,vbalda@aol.com,,,,,,,,,,,,,,,,,,,,,,,,,,,,,,
vcalello@yahoo.com.ar,,,,,,,,,,,,,,"Nombre: vcalello@yahoo.com.ar
",,Importado el 8/12/15 1 ::: * myContacts,* Other,vcalello@yahoo.com.ar,,,,,,,,,,,,,,,,,,,,,,,,,,,,,,
vdavid@minplan.gov.ar,,,,,,,,,,,,,,"Nombre: vdavid@minplan.gov.ar
",,Importado el 8/12/15 1 ::: * myContacts,* Other,vdavid@minplan.gov.ar,,,,,,,,,,,,,,,,,,,,,,,,,,,,,,
vdemaria10@hotmail.com,,,,,,,,,,,,,,"Nombre: vdemaria10@hotmail.com
",,Importado el 8/12/15 1 ::: * myContacts,* Other,vdemaria10@hotmail.com,,,,,,,,,,,,,,,,,,,,,,,,,,,,,,
veamascapodistrias@interlink.com.ar,,,,,,,,,,,,,,"Nombre: veamascapodistrias@interlink.com.ar
",,Importado el 8/12/15 1 ::: * myContacts,* Other,veamascapodistrias@interlink.com.ar,,,,,,,,,,,,,,,,,,,,,,,,,,,,,,
vecchip@telefonica.com.ar,,,,,,,,,,,,,,,,Importado el 8/12/15 1 ::: * myContacts,* Other,vecchip@telefonica.com.ar,,,,,,,,,,,,,,,,,,,,,,,,,,,,,,
vechi1975@hotmail.com,,,,,,,,,,,,,,"Nombre: vechi1975@hotmail.com
",,Importado el 8/12/15 1 ::: * myContacts,* Other,vechi1975@hotmail.com,,,,,,,,,,,,,,,,,,,,,,,,,,,,,,
vekoma02@hotmail.com,,,,,,,,,,,,,,,,Importado el 8/12/15 1 ::: * myContacts,* Other,vekoma02@hotmail.com,,,,,,,,,,,,,,,,,,,,,,,,,,,,,,
velosopablo@yahoo.com.ar,,,,,,,,,,,,,,"Nombre: velosopablo@yahoo.com.ar
",,Importado el 8/12/15 1 ::: * myContacts,* Other,velosopablo@yahoo.com.ar,,,,,,,,,,,,,,,,,,,,,,,,,,,,,,
Venta,De,Celulares,,,,,,,,,,,,,,* myContacts,,,Mobile,1138184414,,,,,,,,,,,,,,,,,,,,,,,,,,,,
ventas3@turismostoisaevt.com.ar,,,,,,,,,,,,,,"Nombre: ventas3@turismostoisaevt.com.ar
",,Importado el 8/12/15 1 ::: * myContacts,* Other,ventas3@turismostoisaevt.com.ar,,,,,,,,,,,,,,,,,,,,,,,,,,,,,,
ventasavsantafe@datamarkets.com.ar,,,,,,,,,,,,,,,,Importado el 8/12/15 1 ::: * myContacts,* Other,ventasavsantafe@datamarkets.com.ar,,,,,,,,,,,,,,,,,,,,,,,,,,,,,,
Vera,,Cliente,,,,,,,,,,,,,,* myContacts,,,Mobile,+54 9 11 2450-2992,,,,,,,,,,,,,,,,,,,,,,,,,,,,
Verdulería Lore,,Carlos,,,,,,,,,,,,,,* myContacts,,,Mobile,11 3436-3756,,,,,,,,,,,,,,,,,,,,,,,,,,,,
Verduleria,,Urquiza,,,,,,,,,,,,,,* myContacts,,,Mobile,4543-9376,,,,,,,,,,,,,,,,,,,,,,,,,,,,
Verduras,Eliana,Maschwitz,,,,,,,,,,,,,,* myContacts,,,Mobile,11 4038-0608,,,,,,,,,,,,,,,,,,,,,,,,,,,,
vernicamontano@hotmail.com,,,,,,,,,,,,,,,,Importado el 8/12/15 1 ::: * myContacts,* Other,vernicamontano@hotmail.com,,,,,,,,,,,,,,,,,,,,,,,,,,,,,,
Vero Prima,,,,,,,,,,,,,,,,* myContacts,,,Mobile,+54 9 11 5871-1191,,,,,,,,,,,,,,,,,,,,,,,,,,,,
Vero Prima Montano,,,,,,,,,,,,,,,,* myContacts,,,Mobile,+5491130117859,,,,,,,,,,,,,,,,,,,,,,,,,,,,
vero_salsa@hotmail.com,,,,,,,,,,,,,,"Nombre: vero_salsa@hotmail.com
",,Importado el 8/12/15 1 ::: * myContacts,* Other,vero_salsa@hotmail.com,,,,,,,,,,,,,,,,,,,,,,,,,,,,,,
vero1429@yahoo.com,,,,,,,,,,,,,,"Nombre: vero1429@yahoo.com
",,Importado el 8/12/15 1 ::: * myContacts,* Other,vero1429@yahoo.com,,,,,,,,,,,,,,,,,,,,,,,,,,,,,,
verodelgesso@hotmail.com,,,,,,,,,,,,,,"Nombre: verodelgesso@hotmail.com
",,Importado el 8/12/15 1 ::: * myContacts,* Other,verodelgesso@hotmail.com,,,,,,,,,,,,,,,,,,,,,,,,,,,,,,
verogiunti@hotmail.com,,,,,,,,,,,,,,"Nombre: verogiunti@hotmail.com
",,Importado el 8/12/15 1 ::: * myContacts,* Other,verogiunti@hotmail.com,,,,,,,,,,,,,,,,,,,,,,,,,,,,,,
Veronica,,,,,,,,,,,,,,"Nombre: Veronica
",,Importado el 8/12/15 1 ::: * myContacts,* Other,vrarevalo@hotmail.com,,,,,,,,,,,,,,,,,,,,,,,,,,,,,,
Veronica,,,,,,,,,,,,,,"Nombre: Veronica
",,Importado el 8/12/15 1 ::: * myContacts,* Other,veronicamorello@yahoo.com.ar,,,,,,,,,,,,,,,,,,,,,,,,,,,,,,
veronica,,,,,,,,,,,,,,"Nombre: veronica
",,Importado el 8/12/15 1 ::: * myContacts,* Other,cami_ro@hotmail.com,,,,,,,,,,,,,,,,,,,,,,,,,,,,,,
Veronica,,(Vicente),,,,,,,,,,,,,,* myContacts,,,Mobile,+54 9 11 3267-3538,Casa,+54 9 11 7398-4955,,,,,,,,,,,,,,,,,,,,,,,,,,
Veronica,Cliente,2020,,,,,,,,,,,,,,* myContacts,,,Mobile,11 6667-9976,,,,,,,,,,,,,,,,,,,,,,,,,,,,
Veronica,Cliente,2021,,,,,,,,,,,,,,* myContacts,,,Mobile,+54 11 5963-6608,,,,,,,,,,,,,,,,,,,,,,,,,,,,
Veronica Cliente 2022,,😎,,,,,,,,,,,,,,* myContacts,,,Mobile,+54 9 11 3238-5281,,,,,,,,,,,,,,,,,,,,,,,,,,,,
Verónica Cliente 2022,,barrionuevo,,,,,,,,,,,,,,* myContacts,,,Mobile,+54 9 11 5737-3006,,,,,,,,,,,,,,,,,,,,,,,,,,,,
Verónica Cliente 2025,,,,,,,,,,,,,,,,* myContacts,,,Mobile,+5491165807758,,,,,,,,,,,,,,,,,,,,,,,,,,,,
Verónica Empleada 2022,,Lopez,,,,,,,,,,,,,,* myContacts,,,Mobile,+54 9 11 3040-5239,,,,,,,,,,,,,,,,,,,,,,,,,,,,
Veronica Empleada 4/25,,,,,,,,,,,,,,,,* myContacts,,,Mobile,+5491150519021,,,,,,,,,,,,,,,,,,,,,,,,,,,,
Veronica event,,,,,,,,,,,,,,,,Importado el 9/12/15 ::: Importado el 8/12/15 1 ::: Importado el 8/12/15 ::: * myContacts,,,Mobile,11-447-873-33,,,,,,,,,,,,,,,,,,,,,,,,,,,,
veronica Mi Casa ,,Residencia ,,,,,,,,,,,,,,* myContacts,,,Mobile,+54 9 11 3160-9315,,,,,,,,,,,,,,,,,,,,,,,,,,,,
Verónica_Lavia,,,,,,,,,,,,,,"Nombre: Verónica_Lavia
",,Importado el 8/12/15 1 ::: * myContacts,* Other,vlavia@fibertel.com.ar,,,,,,,,,,,,,,,,,,,,,,,,,,,,,,
veronicacarbone@ubbi.com.ar,,,,,,,,,,,,,,,,Importado el 8/12/15 1 ::: * myContacts,* Other,veronicacarbone@ubbi.com.ar,,,,,,,,,,,,,,,,,,,,,,,,,,,,,,
veronicagorgal@hotma,,,,,,,,,,,,,,"Nombre: veronicagorgal@hotma
",,Importado el 8/12/15 1 ::: * myContacts,* Other,veronicagorgal@hotmail.com,,,,,,,,,,,,,,,,,,,,,,,,,,,,,,
veronicamdol@hotmail.com,,,,,,,,,,,,,,"Nombre: veronicamdol@hotmail.com
",,Importado el 8/12/15 1 ::: * myContacts,* Other,veronicamdol@hotmail.com,,,,,,,,,,,,,,,,,,,,,,,,,,,,,,
veronicamiguel@yahoo.com.ar,,,,,,,,,,,,,,"Nombre: veronicamiguel@yahoo.com.ar
",,Importado el 8/12/15 1 ::: * myContacts,* Other,veronicamiguel@yahoo.com.ar,,,,,,,,,,,,,,,,,,,,,,,,,,,,,,
veronicamontesdeoca@yahoo.com.ar,,,,,,,,,,,,,,"Nombre: veronicamontesdeoca@yahoo.com.ar
",,Importado el 8/12/15 1 ::: * myContacts,* Other,veronicamontesdeoca@yahoo.com.ar,,,,,,,,,,,,,,,,,,,,,,,,,,,,,,
veronicasulle@brickbn.com.ar,,,,,,,,,,,,,,"Nombre: veronicasulle@brickbn.com.ar
",,Importado el 8/12/15 1 ::: * myContacts,* Other,veronicasulle@brickbn.com.ar,,,,,,,,,,,,,,,,,,,,,,,,,,,,,,
verotandu@hotmail.com,,,,,,,,,,,,,,"Nombre: verotandu@hotmail.com
",,Importado el 8/12/15 1 ::: * myContacts,* Other,verotandu@hotmail.com,,,,,,,,,,,,,,,,,,,,,,,,,,,,,,
veroygese@arnet.com.ar,,,,,,,,,,,,,,,,Importado el 8/12/15 1 ::: * myContacts,* Other,veroygese@arnet.com.ar,,,,,,,,,,,,,,,,,,,,,,,,,,,,,,
versatileale@hotmail.com,,,,,,,,,,,,,,"Nombre: versatileale@hotmail.com
",,Importado el 8/12/15 1 ::: * myContacts,* Other,versatileale@hotmail.com,,,,,,,,,,,,,,,,,,,,,,,,,,,,,,
verukamens@hotmail.com,,,,,,,,,,,,,,"Nombre: verukamens@hotmail.com
",,Importado el 8/12/15 1 ::: * myContacts,* Other,verukamens@hotmail.com,,,,,,,,,,,,,,,,,,,,,,,,,,,,,,
verytob@hotmail.com,,,,,,,,,,,,,,"Nombre: verytob@hotmail.com
",,Importado el 8/12/15 1 ::: * myContacts,* Other,verytob@hotmail.com,,,,,,,,,,,,,,,,,,,,,,,,,,,,,,
vestuarios@salomelaodalisca.com.ar,,,,,,,,,,,,,,,,Importado el 8/12/15 1 ::: * myContacts,* Other,vestuarios@salomelaodalisca.com.ar,,,,,,,,,,,,,,,,,,,,,,,,,,,,,,
vgranieri@americantracer.com,,,,,,,,,,,,,,,,Importado el 8/12/15 1 ::: * myContacts,* Other,vgranieri@americantracer.com,,,,,,,,,,,,,,,,,,,,,,,,,,,,,,
vi-serra@satnetsa.com.ar,,,,,,,,,,,,,,,,Importado el 8/12/15 1 ::: * myContacts,* Other,vi-serra@satnetsa.com.ar,,,,,,,,,,,,,,,,,,,,,,,,,,,,,,
viacd@fullzero.com.ar,,,,,,,,,,,,,,,,Importado el 8/12/15 1 ::: * myContacts,* Other,viacd@fullzero.com.ar,,,,,,,,,,,,,,,,,,,,,,,,,,,,,,
Vicente,,Ianni,,,,,,,,,,,,,,* myContacts,,,Mobile,11 5998-9755,,,,,,,,,,,,,,,,,,,,,,,,,,,,
Vicente,Ianni,2,,,,,,,,,,,,,,* myContacts,,,Mobile,+54 11 3921-7410,,,,,,,,,,,,,,,,,,,,,,,,,,,,
Vicky (Fer Ada) Cliente,,,,,,,,,,,,,,,,* myContacts,,,Mobile,+5491161155155,,,,,,,,,,,,,,,,,,,,,,,,,,,,
Vicky 💖 Hija De Analia,,,,,,,,,,,,,,,,* myContacts,,,Mobile,+5491126089982,,,,,,,,,,,,,,,,,,,,,,,,,,,,
Vicky touduri,,,,,,,,,,,,,,,,* myContacts,,,Mobile,01150231106,,,,,,,,,,,,,,,,,,,,,,,,,,,,
vicky_henricot@hotmail.com,,,,,,,,,,,,,,"Nombre: vicky_henricot@hotmail.com
",,Importado el 8/12/15 1 ::: * myContacts,* Other,vicky_henricot@hotmail.com,,,,,,,,,,,,,,,,,,,,,,,,,,,,,,
vickygrigera@hotmail.com,,,,,,,,,,,,,,,,Importado el 8/12/15 1 ::: * myContacts,* Other,vickygrigera@hotmail.com,,,,,,,,,,,,,,,,,,,,,,,,,,,,,,
Víctimas De Siniestros,,Opción 2,,,,,,,,,,,,,,* myContacts,,,Mobile,149,,,,,,,,,,,,,,,,,,,,,,,,,,,,
victor,,,,,,,,,,,,,,"Nombre: victor
",,Importado el 8/12/15 1 ::: * myContacts,* Other,lemuzonafranca@msn.com,,,,,,,,,,,,,,,,,,,,,,,,,,,,,,
Victor,Albañil,(Lucas),,,,,,,,,,,,,,* myContacts,,,Móvil,+54 9 11 2869-5877,,,,,,,,,,,,,,,,,,,,,,,,,,,,
Victor Muñoz ,,,,,,,,,,,,,,,,* myContacts,,,Mobile,1152472596,,,,,,,,,,,,,,,,,,,,,,,,,,,,
victorapar@hotmail.com,,,,,,,,,,,,,,"Nombre: victorapar@hotmail.com
",,Importado el 8/12/15 1 ::: * myContacts,* Other,victorapar@hotmail.com,,,,,,,,,,,,,,,,,,,,,,,,,,,,,,
victorcampillay@hotmail.com,,,,,,,,,,,,,,"Nombre: victorcampillay@hotmail.com
",,Importado el 8/12/15 1 ::: * myContacts,* Other,victorcampillay@hotmail.com,,,,,,,,,,,,,,,,,,,,,,,,,,,,,,
VICTORIA,,,,,,,,,,,,,,"Nombre: VICTORIA
",,Importado el 8/12/15 1 ::: * myContacts,* Other,danzaterapia@hotmail.com,,,,,,,,,,,,,,,,,,,,,,,,,,,,,,
victoria,,,,,,,,,,,,,,"Nombre: victoria
",,Importado el 8/12/15 1 ::: * myContacts,* Other,vicasa21@hotmail.com,,,,,,,,,,,,,,,,,,,,,,,,,,,,,,
Victoria,Cliente,2021,,,,,,,,,,,,,,* myContacts,,,Mobile,+54 9 11 5644-6529,,,,,,,,,,,,,,,,,,,,,,,,,,,,
Victoria,Cliente,2021×,,,,,,,,,,,,,,* myContacts,,,Mobile,+54 11 3031-9002,,,,,,,,,,,,,,,,,,,,,,,,,,,,
victoria_0508@hotmail.com,,,,,,,,,,,,,,"Nombre: victoria_0508@hotmail.com
",,Importado el 8/12/15 1 ::: * myContacts,* Other,victoria_0508@hotmail.com,,,,,,,,,,,,,,,,,,,,,,,,,,,,,,
victoriai@contractual.iadb.org,,,,,,,,,,,,,,"Nombre: victoriai@contractual.iadb.org
",,Importado el 8/12/15 1 ::: * myContacts,* Other,victoriai@contractual.iadb.org,,,,,,,,,,,,,,,,,,,,,,,,,,,,,,
victoriasfor@hotmail.com,,,,,,,,,,,,,,"Nombre: victoriasfor@hotmail.com
",,Importado el 8/12/15 1 ::: * myContacts,* Other,victoriasfor@hotmail.com,,,,,,,,,,,,,,,,,,,,,,,,,,,,,,
videoimagencba@hotmail.com,,,,,,,,,,,,,,"Nombre: videoimagencba@hotmail.com
",https://lh3.googleusercontent.com/contacts/AG6tpzEdzeAIbadiS1Zo82qFq9cllOradrrHtRHGkpOsyzLJt6oWwpFj,Importado el 8/12/15 1 ::: * myContacts,* Other,videoimagencba@hotmail.com,,,,,,,,,,,,,,,,,,,,,,,,,,,,,,
viejo_aromo@cordoba.net,,,,,,,,,,,,,,"Nombre: viejo_aromo@cordoba.net
",,Importado el 8/12/15 1 ::: * myContacts,* Other,viejo_aromo@cordoba.net,,,,,,,,,,,,,,,,,,,,,,,,,,,,,,
vikalonso@hotmail.com,,,,,,,,,,,,,,"Nombre: vikalonso@hotmail.com
",,Importado el 8/12/15 1 ::: * myContacts,* Other,vikalonso@hotmail.com,,,,,,,,,,,,,,,,,,,,,,,,,,,,,,
Vilella,,Centro,,,,,,,,Centro Médico Vilella,,,,,,* myContacts,,,Mobile,+54 9 11 4117-8000,,,,,,,,,,,,,,,,,,,,,,,,,,,,
vilmadanza@yahoo.com.ar,,,,,,,,,,,,,,,,Importado el 8/12/15 1 ::: * myContacts,* Other,vilmadanza@yahoo.com.ar,,,,,,,,,,,,,,,,,,,,,,,,,,,,,,
vilmaodalisca@hotmail.com,,,,,,,,,,,,,,"Nombre: vilmaodalisca@hotmail.com
",,Importado el 8/12/15 1 ::: * myContacts,* Other,vilmaodalisca@hotmail.com,,,,,,,,,,,,,,,,,,,,,,,,,,,,,,
Viluu 💗💞💕,,,,,,,,,,,,,,,,* myContacts,,,Mobile,+5491131176013,,,,,,,,,,,,,,,,,,,,,,,,,,,,
Violeta,,Clienta,,,,,,,,,,,,,,* myContacts,,,Mobile,+54 11 3429-6003,,,,,,,,,,,,,,,,,,,,,,,,,,,,
Violeta Cliente 2024,,,,,,,,,,,,,,,,* myContacts,,,Mobile,+5491122613718,,,,,,,,,,,,,,,,,,,,,,,,,,,,
Violeta Cliente 2025,,,,,,,,,,,,,,,,* myContacts,,,Mobile,+5491154706295,,,,,,,,,,,,,,,,,,,,,,,,,,,,
viquiru@hotmail.com,,,,,,,,,,,,,,"Nombre: viquiru@hotmail.com
",,Importado el 8/12/15 1 ::: * myContacts,* Other,viquiru@hotmail.com,,,,,,,,,,,,,,,,,,,,,,,,,,,,,,
Virginia,,,,,,,,,,,,,,"Nombre: Virginia
",,Importado el 8/12/15 1 ::: * myContacts,* Other,vgranieri@americantracer.com,,,,,,,,,,,,,,,,,,,,,,,,,,,,,,
Virginia (Mama,De,Yamila),,,,,,,,,,,,,,* myContacts,,,Mobile,+54 9 11 5523-8001,,,,,,,,,,,,,,,,,,,,,,,,,,,,
Virginia 2do,12,Zapiola,,,,,,,,,,,,,,* myContacts,,,Mobile,2234492877,,,,,,,,,,,,,,,,,,,,,,,,,,,,
Virginia,,Alika,,,,,,,,,,,,,,Importado el 8/12/15 1 ::: * myContacts,,,Home,011-155-1183659,,,,,,,,,,,,,,,,,,,,,,,,,,,,
virmabiorda@hotmail.com,,,,,,,,,,,,,,"Nombre: virmabiorda@hotmail.com
",,Importado el 8/12/15 1 ::: * myContacts,* Other,virmabiorda@hotmail.com,,,,,,,,,,,,,,,,,,,,,,,,,,,,,,
Visa,,,,,,,,,,,,,,,,* myContacts,,,Mobile,08106662282,,,,,,,,,,,,,,,,,,,,,,,,,,,,
vistecomoes@hotmail.com,,,,,,,,,,,,,,"Nombre: vistecomoes@hotmail.com
",,Importado el 8/12/15 1 ::: * myContacts,* Other,vistecomoes@hotmail.com,,,,,,,,,,,,,,,,,,,,,,,,,,,,,,
Vital,,,,,,,,,,,,,,,,* myContacts,,,Mobile,48054545,,,,,,,,,,,,,,,,,,,,,,,,,,,,
vitalgim@yahoo.com.ar,,,,,,,,,,,,,,"Nombre: vitalgim@yahoo.com.ar
",,Importado el 8/12/15 1 ::: * myContacts,* Other,vitalgim@yahoo.com.ar,,,,,,,,,,,,,,,,,,,,,,,,,,,,,,
Vittal,,Emergencias,,,,,,,,,,,,,,* myContacts,,,Mobile,+54 9 11 6136-1243,,,,,,,,,,,,,,,,,,,,,,,,,,,,
Vivana Mama,De,Mica,,,,,,,,,,,,,,* myContacts,,,Mobile,+54 9 11 5409-2262,,,,,,,,,,,,,,,,,,,,,,,,,,,,
Vivi Cliente 2022,,Soria,,,,,,,,,,,,,,* myContacts,,,Mobile,+54 9 11 4171-1405,,,,,,,,,,,,,,,,,,,,,,,,,,,,
vivi_gym@hotmail.com,,,,,,,,,,,,,,"Nombre: vivi_gym@hotmail.com
",,Importado el 8/12/15 1 ::: * myContacts,* Other,vivi_gym@hotmail.com,,,,,,,,,,,,,,,,,,,,,,,,,,,,,,
vivian,,,,,,,,,,,,,,"Nombre: vivian
",,Importado el 8/12/15 1 ::: * myContacts,* Other,viviankob@speedy.com.ar,,,,,,,,,,,,,,,,,,,,,,,,,,,,,,
Vivian Cliente 2022,,,,,,,,,,,,,,,,* myContacts,,,Mobile,3764895174,,,,,,,,,,,,,,,,,,,,,,,,,,,,
Viviana,Nardo,(Pami),,,,,,,,,Terrada 4721,,,,,* myContacts,,,Mobile,11 3930-4756,,,,,,,,,,,,,,,,,,,,,,,,,,,,
Viviana Profe Secundaria,,De Parte de Lorena,,,,,,,,,,,,,,* myContacts,,,Mobile,+5491135651229,,,,,,,,,,,,,,,,,,,,,,,,,,,,
viviana,,Rodriguez,,,,,,,,,,,,"Nombre: vivianarodriguez05@yahoo.com.ar
",,Importado el 8/12/15 1 ::: * myContacts,* Other,vivianarodriguez05@yahoo.com.ar,Mobile,+54 9 11 2682-6611,,,,,,,,,,,,,,,,,,,,,,,,,,,,
viviana_lema@amway.com,,,,,,,,,,,,,,,,Importado el 8/12/15 1 ::: * myContacts,* Other,viviana_lema@amway.com,,,,,,,,,,,,,,,,,,,,,,,,,,,,,,
vivipini@onenet.com.ar,,,,,,,,,,,,,,"Nombre: vivipini@onenet.com.ar
",,Importado el 8/12/15 1 ::: * myContacts,* Other,vivipini@onenet.com.ar,,,,,,,,,,,,,,,,,,,,,,,,,,,,,,
vivisasha@hotmail.com,,,,,,,,,,,,,,"Nombre: vivisasha@hotmail.com
",,Importado el 8/12/15 1 ::: * myContacts,* Other,vivisasha@hotmail.com,,,,,,,,,,,,,,,,,,,,,,,,,,,,,,
Vladimir,,Dentista,,,,,,,,,,,,,,* myContacts,,,Móvil,+54 9 221 641-6685,,,,,,,,,,,,,,,,,,,,,,,,,,,,
Vladimir,,Odonto,,,,,,,,,,,,,,* myContacts,,,Home,022-164-16685,,,,,,,,,,,,,,,,,,,,,,,,,,,,
vlavia@fibertel.com.ar,,,,,,,,,,,,,,"Nombre: vlavia@fibertel.com.ar
",,Importado el 8/12/15 1 ::: * myContacts,* Other,vlavia@fibertel.com.ar,,,,,,,,,,,,,,,,,,,,,,,,,,,,,,
vlthor@fullzero.com....,,,,,,,,,,,,,,"Nombre: vlthor@fullzero.com....
",,Importado el 8/12/15 1 ::: * myContacts,* Other,vlthor@fullzero.com.ar,,,,,,,,,,,,,,,,,,,,,,,,,,,,,,
vnietop@hotmail.com,,,,,,,,,,,,,,"Nombre: vnietop@hotmail.com
",,Importado el 8/12/15 1 ::: * myContacts,* Other,vnietop@hotmail.com,,,,,,,,,,,,,,,,,,,,,,,,,,,,,,
Vollebox Argentina,,Impresiones,,,,,,,,Vollebox Argentina,,,,,,* myContacts,,,Mobile,+5491169972332,,,,,,,,,,,,,,,,,,,,,,,,,,,,
Volquetes,,escobar,,,,,,,,,,,,,,* myContacts,,,Mobile,01133333952,,,,,,,,,,,,,,,,,,,,,,,,,,,,
vperticari@hotmail.com,,,,,,,,,,,,,,"Nombre: vperticari@hotmail.com
",,Importado el 8/12/15 1 ::: * myContacts,* Other,vperticari@hotmail.com,,,,,,,,,,,,,,,,,,,,,,,,,,,,,,
vprov@fibertel.com.ar,,,,,,,,,,,,,,"Nombre: vprov@fibertel.com.ar
",,Importado el 8/12/15 1 ::: * myContacts,* Other,vprov@fibertel.com.ar,,,,,,,,,,,,,,,,,,,,,,,,,,,,,,
vsagone@hotmail.com,,,,,,,,,,,,,,"Nombre: vsagone@hotmail.com
",,Importado el 8/12/15 1 ::: * myContacts,* Other,vsagone@hotmail.com,,,,,,,,,,,,,,,,,,,,,,,,,,,,,,
vserra@ciudad.com.ar,,,,,,,,,,,,,,,,Importado el 8/12/15 1 ::: * myContacts,* Other,vserra@ciudad.com.ar,,,,,,,,,,,,,,,,,,,,,,,,,,,,,,
Vw 2000 $420,,,,,,,,,,,,,,,,* myContacts,,,Mobile,1154181611,,,,,,,,,,,,,,,,,,,,,,,,,,,,
vyctoriamaria@hotmail.com,,,,,,,,,,,,,,"Nombre: vyctoriamaria@hotmail.com
",,Importado el 8/12/15 1 ::: * myContacts,* Other,vyctoriamaria@hotmail.com,,,,,,,,,,,,,,,,,,,,,,,,,,,,,,
waby_77@hotmail.com,,,,,,,,,,,,,,"Nombre: waby_77@hotmail.com
",,Importado el 8/12/15 1 ::: * myContacts,* Other,waby_77@hotmail.com,,,,,,,,,,,,,,,,,,,,,,,,,,,,,,
Wahel Cocinero Arabe,,,,,,,,,,,,,,,,* myContacts,,,Mobile,+541127631330,,,,,,,,,,,,,,,,,,,,,,,,,,,,
wal_casla@hotmail.com,,,,,,,,,,,,,,,,Importado el 8/12/15 1 ::: * myContacts,* Other,wal_casla@hotmail.com,,,,,,,,,,,,,,,,,,,,,,,,,,,,,,
wal_el22@hotmail.com,,,,,,,,,,,,,,"Nombre: wal_el22@hotmail.com
",,Importado el 8/12/15 1 ::: * myContacts,* Other,wal_el22@hotmail.com,,,,,,,,,,,,,,,,,,,,,,,,,,,,,,
Waldo,,,,,,,,,,,,,,"Nombre: Waldo
",,Importado el 8/12/15 1 ::: * myContacts,* Other,waldo_pasten130344@hotmail.com,,,,,,,,,,,,,,,,,,,,,,,,,,,,,,
Waldo Cliente 2022,,,,,,,,,,,,,,,,* myContacts,,,Mobile,+54 9 11 3653-6427,,,,,,,,,,,,,,,,,,,,,,,,,,,,
walegu@yahoo.com.ar,,,,,,,,,,,,,,"Nombre: walegu@yahoo.com.ar
",,Importado el 8/12/15 1 ::: * myContacts,* Other,walegu@yahoo.com.ar,,,,,,,,,,,,,,,,,,,,,,,,,,,,,,
Walter,Cliente,2021,,,,,,,,,,,,,,* myContacts,,,Mobile,+54 11 3249-8878,,,,,,,,,,,,,,,,,,,,,,,,,,,,
Walter Cliente 2024,,,,,,,,,,,,,,,,* myContacts,,,Mobile,+5491140970944,,,,,,,,,,,,,,,,,,,,,,,,,,,,
Walter Panadero (Massud),,,,,,,,,,,,,,,,* myContacts,,,Home,+541157207473,,,,,,,,,,,,,,,,,,,,,,,,,,,,
Walter,,Pepsi,,,,,,,,,,,,,,* myContacts,,,Mobile,11 6604-3404,,,,,,,,,,,,,,,,,,,,,,,,,,,,
Walter,Pergola,(Suabo),,,,,,,,,,,,,,* myContacts,,,Móvil,+54 9 11 6889-1089,,,,,,,,,,,,,,,,,,,,,,,,,,,,
wandinoabogada@latinmail.com,,,,,,,,,,,,,,,,Importado el 8/12/15 1 ::: * myContacts,* Other,wandinoabogada@latinmail.com,,,,,,,,,,,,,,,,,,,,,,,,,,,,,,
wcompa@hotmail.com,,,,,,,,,,,,,,"Nombre: wcompa@hotmail.com
",,Importado el 8/12/15 1 ::: * myContacts,* Other,wcompa@hotmail.com,,,,,,,,,,,,,,,,,,,,,,,,,,,,,,
webmaster@agonet.it,,,,,,,,,,,,,,,,Importado el 8/12/15 1 ::: * myContacts,* Other,webmaster@agonet.it,,,,,,,,,,,,,,,,,,,,,,,,,,,,,,
webmaster@orientaldancer.net,,,,,,,,,,,,,,"Nombre: webmaster@orientaldancer.net
",,Importado el 8/12/15 1 ::: * myContacts,* Other,webmaster@orientaldancer.net,,,,,,,,,,,,,,,,,,,,,,,,,,,,,,
webmaster@restauranet.com,,,,,,,,,,,,,,,,Importado el 8/12/15 1 ::: * myContacts,* Other,webmaster@restauranet.com,,,,,,,,,,,,,,,,,,,,,,,,,,,,,,
webmaster@shahdana.com.ar,,,,,,,,,,,,,,"Nombre: webmaster@shahdana.com.ar
",,Importado el 8/12/15 1 ::: * myContacts,* Other,webmaster@shahdana.com.ar,,,,,,,,,,,,,,,,,,,,,,,,,,,,,,
webpao@hotmail.com,,,,,,,,,,,,,,"Nombre: webpao@hotmail.com
",,Importado el 8/12/15 1 ::: * myContacts,* Other,webpao@hotmail.com,,,,,,,,,,,,,,,,,,,,,,,,,,,,,,
wiglins@hotmail.com,,,,,,,,,,,,,,"Nombre: wiglins@hotmail.com
",,Importado el 8/12/15 1 ::: * myContacts,* Other,wiglins@hotmail.com,,,,,,,,,,,,,,,,,,,,,,,,,,,,,,
Willy,,,,,,,,,,,,,,,,Importado el 9/12/15 ::: * myContacts,,,Mobile,60929213,,,,,,,,,,,,,,,,,,,,,,,,,,,,
Willy A,Toda,Fiesta,,,,,,,,,,,,,,* myContacts,,,Mobile,+54 9 11 3236-9474,,,,,,,,,,,,,,,,,,,,,,,,,,,,
Willy Computadora (Edmundo),,,,,,,,,,,,,,,https://lh3.googleusercontent.com/contacts/AG6tpzFzQOqiZjSOwHPy9EYHNE6an7IK65pAMK0tcupkegRFOIALiBFp,* myContacts,* Particular,guillermo@tamborindeguy.com.ar,Celular, 11 5471-2531,Particular,+54 945425518,,,,,,,,,,,,,,,,,,,,,,,,,,
Willy Gimnasio,,,,,,,,,,,,,,,,* myContacts,,,Mobile,+5491164041947,,,,,,,,,,,,,,,,,,,,,,,,,,,,
Willy Katanian Sarkis,,,,,,,,,,,,,,,,* myContacts,,,Mobile,1144449213,,,,,,,,,,,,,,,,,,,,,,,,,,,,
Willy,Larrea,403,,,,,,,,,,,,,,* myContacts,,,Mobile,11 3567-3168,,,,,,,,,,,,,,,,,,,,,,,,,,,,
Willy,,Toledo,,,,,,,,,,,,,,Importado el 8/12/15 1 ::: * myContacts,,,Home,+541144061810,,,,,,,,,,,,,,,,,,,,,,,,,,,,
Wilman Mercado San Martin ,,Verduras ,,,,,,,,,,,,,,* myContacts,,,Mobile,11 6855-0888,,,,,,,,,,,,,,,,,,,,,,,,,,,,
witt_srl@ciudad.com.ar,,,,,,,,,,,,,,"Nombre: witt_srl@ciudad.com.ar
",,Importado el 8/12/15 1 ::: * myContacts,* Other,witt_srl@ciudad.com.ar,,,,,,,,,,,,,,,,,,,,,,,,,,,,,,
wittmitre@yahoo.com.ar,,,,,,,,,,,,,,"Nombre: wittmitre@yahoo.com.ar
",,Importado el 8/12/15 1 ::: * myContacts,* Other,wittmitre@yahoo.com.ar,,,,,,,,,,,,,,,,,,,,,,,,,,,,,,
wiwijones@yahoo.com,,,,,,,,,,,,,,"Nombre: wiwijones@yahoo.com
",,Importado el 8/12/15 1 ::: * myContacts,* Other,wiwijones@yahoo.com,,,,,,,,,,,,,,,,,,,,,,,,,,,,,,
wlibardi@arnet.com.ar,,,,,,,,,,,,,,"Nombre: wlibardi@arnet.com.ar
",,Importado el 8/12/15 1 ::: * myContacts,* Other,wlibardi@arnet.com.ar,,,,,,,,,,,,,,,,,,,,,,,,,,,,,,
WOODSOLUTIONS,,Pérgolas Macarena,,,,,,,,WOODSOLUTIONS,,,,,,* myContacts,,,Mobile,+5491157696032,,,,,,,,,,,,,,,,,,,,,,,,,,,,
x16marilyn@yahoo.com.ar,,,,,,,,,,,,,,"Nombre: x16marilyn@yahoo.com.ar
",,Importado el 8/12/15 1 ::: * myContacts,* Other,x16marilyn@yahoo.com.ar,,,,,,,,,,,,,,,,,,,,,,,,,,,,,,
xime24_05@hotmail.com,,,,,,,,,,,,,,"Nombre: xime24_05@hotmail.com
",,Importado el 8/12/15 1 ::: * myContacts,* Other,xime24_05@hotmail.com,,,,,,,,,,,,,,,,,,,,,,,,,,,,,,
ximena,,,,,,,,,,,,,,"Nombre: ximena
",,Importado el 8/12/15 1 ::: * myContacts,* Other,xime2208@hotmail.com,,,,,,,,,,,,,,,,,,,,,,,,,,,,,,
Ximena camarer,,,,,,,,,,,,,,,,Importado el 9/12/15 ::: Importado el 8/12/15 1 ::: Importado el 8/12/15 ::: * myContacts,,,Mobile,011-696-47022,,,,,,,,,,,,,,,,,,,,,,,,,,,,
xtop,,,,,,,,,,,,,,"Nombre: xtop
",,Importado el 8/12/15 1 ::: * myContacts,* Other,ana@topmail.com.ar,,,,,,,,,,,,,,,,,,,,,,,,,,,,,,
yaceze@yahoo.com.ar,,,,,,,,,,,,,,"Nombre: yaceze@yahoo.com.ar
",,Importado el 8/12/15 1 ::: * myContacts,* Other,yaceze@yahoo.com.ar,,,,,,,,,,,,,,,,,,,,,,,,,,,,,,
yael-bellydance@hotmail.com,,,,,,,,,,,,,,"Nombre: yael-bellydance@hotmail.com
",,Importado el 8/12/15 1 ::: * myContacts,* Other,yael-bellydance@hotmail.com,,,,,,,,,,,,,,,,,,,,,,,,,,,,,,
yaelstar@hotmail.com,,,,,,,,,,,,,,"Nombre: yaelstar@hotmail.com
",,Importado el 8/12/15 1 ::: * myContacts,* Other,yaelstar@hotmail.com,,,,,,,,,,,,,,,,,,,,,,,,,,,,,,
Yago,,,,,,,,,,,,,,,,* myContacts,,,Mobile,+54 9 11 3801-2633,,,,,,,,,,,,,,,,,,,,,,,,,,,,
Yago🤘🤙🤙🤙,,,,,,,,,,,,,,,,* myContacts,,,Mobile,+54 9 11 2398-7539,,,,,,,,,,,,,,,,,,,,,,,,,,,,
yaguipop@hotmail.com,,,,,,,,,,,,,,"Nombre: yaguipop@hotmail.com
",,Importado el 8/12/15 1 ::: * myContacts,* Other,yaguipop@hotmail.com,,,,,,,,,,,,,,,,,,,,,,,,,,,,,,
yamelasef@hotmail.com <yamelasef@hotmail.com>,,,,,,,,,,,,,,"Nombre: yamelasef@hotmail.com <yamelasef@hotmail.com>
",,Importado el 8/12/15 1 ::: * myContacts,* Other,yamelasef@hotmail.com,,,,,,,,,,,,,,,,,,,,,,,,,,,,,,
yami,,masur,,,,,,,,,,,,,,* myContacts,,,Móvil,+54 9 11 6153-2898,,,,,,,,,,,,,,,,,,,,,,,,,,,,
yamil_annum@ciudad.com.ar,,,,,,,,,,,,,,,,Importado el 8/12/15 1 ::: * myContacts,* Other,yamil_annum@ciudad.com.ar,,,,,,,,,,,,,,,,,,,,,,,,,,,,,,
yamil_annum@hotmail,,,,,,,,,,,,,,"Nombre: yamil_annum@hotmail
",,Importado el 8/12/15 1 ::: * myContacts,* Other,yamil_annum@hotmail.com,,,,,,,,,,,,,,,,,,,,,,,,,,,,,,
yamila,,,,,,,,,,,,,,"Nombre: yamila
",,Importado el 8/12/15 1 ::: * myContacts,* Other,zannubiastudio@yahoo.com.ar,,,,,,,,,,,,,,,,,,,,,,,,,,,,,,
YAMILA,,,,,,,,,,,,,,"Nombre: YAMILA
",,Importado el 8/12/15 1 ::: * myContacts,* Other,yamilacampione@hotmail.com,,,,,,,,,,,,,,,,,,,,,,,,,,,,,,
Yamila,"""El","Luchador""",,,,,,,,,,,,,,* myContacts,,,Mobile,+54 9 11 6285-4516,,,,,,,,,,,,,,,,,,,,,,,,,,,,
Yamila,,Clienta,,,,,,,,,,,,,,* myContacts,,,Mobile,+54 9 11 6596-1913,,,,,,,,,,,,,,,,,,,,,,,,,,,,
Yamila,Cliente,2021,,,,,,,,,,,,,,* myContacts,,,Mobile,+54 9 11 6956-1312,,,,,Home,Borneo 2196 Escobar,2196 Borneo,Escobar,,,,AR,,,,,,,,,,,,,,,,
Yamila,Contador,Morteo,,,,,,,,,,,,,,* myContacts,,,Mobile,+54 9 11 3855-7904,,,,,,,,,,,,,,,,,,,,,,,,,,,,
Yamila Depto,,Solares Del Norte,,,,,,,,,,,,,,Importado el 8/12/15 1 ::: * myContacts,,,Home,1-561-634-251,,,,,,,,,,,,,,,,,,,,,,,,,,,,
Yamila Empleada 2023,,Fernández ,,,,,,,,,,,,,,* myContacts,,,Mobile,11 5818-9869,,,,,,,,,,,,,,,,,,,,,,,,,,,,
Yamila mansur,,,,,,,,,,,,,,,,* myContacts,,,Mobile,1161532898,,,,,,,,,,,,,,,,,,,,,,,,,,,,
yamiladlf@hotmail.com,,,,,,,,,,,,,,"Nombre: yamiladlf@hotmail.com
",,Importado el 8/12/15 1 ::: * myContacts,* Other,yamiladlf@hotmail.com,,,,,,,,,,,,,,,,,,,,,,,,,,,,,,
yamilamaisonave@yahoo.com.ar,,,,,,,,,,,,,,,,Importado el 8/12/15 1 ::: * myContacts,* Other,yamilamaisonave@yahoo.com.ar,,,,,,,,,,,,,,,,,,,,,,,,,,,,,,
yamilamasur@hotmail.com,,,,,,,,,,,,,,,,Importado el 8/12/15 1 ::: * myContacts,* Other,yamilamasur@hotmail.com,,,,,,,,,,,,,,,,,,,,,,,,,,,,,,
yanacana@yahoo.com,,,,,,,,,,,,,,"Nombre: yanacana@yahoo.com
",,Importado el 8/12/15 1 ::: * myContacts,* Other,yanacana@yahoo.com,,,,,,,,,,,,,,,,,,,,,,,,,,,,,,
yanicba@hotmail.com,,,,,,,,,,,,,,"Nombre: yanicba@hotmail.com
",,Importado el 8/12/15 1 ::: * myContacts,* Other,yanicba@hotmail.com,,,,,,,,,,,,,,,,,,,,,,,,,,,,,,
Yanina,,,,,,,,,,,,,,"Nombre: Yanina
",,Importado el 8/12/15 1 ::: * myContacts,* Other,ysandobal@americantracer.com,,,,,,,,,,,,,,,,,,,,,,,,,,,,,,
yanina,,,,,,,,,,,,,,"Nombre: yanina
",,Importado el 8/12/15 1 ::: * myContacts,* Other,deynira_@hotmail.com,,,,,,,,,,,,,,,,,,,,,,,,,,,,,,
Yanina dilello,,,,,,,,,,,,,,,,Importado el 9/12/15 ::: * myContacts,,,Mobile,1163764839,,,,,,,,,,,,,,,,,,,,,,,,,,,,
yanina_zenteno_90@ho,,,,,,,,,,,,,,"Nombre: yanina_zenteno_90@ho
",,Importado el 8/12/15 1 ::: * myContacts,* Other,yanina_zenteno_90@hotmail.com,,,,,,,,,,,,,,,,,,,,,,,,,,,,,,
yanina@carlospaz.com,,,,,,,,,,,,,,,,Importado el 8/12/15 1 ::: * myContacts,* Other,yanina@carlospaz.com,,,,,,,,,,,,,,,,,,,,,,,,,,,,,,
yaninabellydance@yahoo.com.ar,,,,,,,,,,,,,,"Nombre: yaninabellydance@yahoo.com.ar
",,Importado el 8/12/15 1 ::: * myContacts,* Other,yaninabellydance@yahoo.com.ar,,,,,,,,,,,,,,,,,,,,,,,,,,,,,,
yaninabruneda@hotmail.com,,,,,,,,,,,,,,"Nombre: yaninabruneda@hotmail.com
",,Importado el 8/12/15 1 ::: * myContacts,* Other,yaninabruneda@hotmail.com,,,,,,,,,,,,,,,,,,,,,,,,,,,,,,
yaninac24@yahoo.com.ar,,,,,,,,,,,,,,"Nombre: yaninac24@yahoo.com.ar
",,Importado el 8/12/15 1 ::: * myContacts,* Other,yaninac24@yahoo.com.ar,,,,,,,,,,,,,,,,,,,,,,,,,,,,,,
yaninacolome@hotmail.com,,,,,,,,,,,,,,"Nombre: yaninacolome@hotmail.com
",,Importado el 8/12/15 1 ::: * myContacts,* Other,yaninacolome@hotmail.com,,,,,,,,,,,,,,,,,,,,,,,,,,,,,,
yaninacorigliano@hotmail.com,,,,,,,,,,,,,,"Nombre: yaninacorigliano@hotmail.com
",,Importado el 8/12/15 1 ::: * myContacts,* Other,yaninacorigliano@hotmail.com,,,,,,,,,,,,,,,,,,,,,,,,,,,,,,
yaninasancosme@yahoo.com.ar,,,,,,,,,,,,,,,,Importado el 8/12/15 1 ::: * myContacts,* Other,yaninasancosme@yahoo.com.ar,,,,,,,,,,,,,,,,,,,,,,,,,,,,,,
yaninasoledad@hotmail.com,,,,,,,,,,,,,,"Nombre: yaninasoledad@hotmail.com
",,Importado el 8/12/15 1 ::: * myContacts,* Other,yaninasoledad@hotmail.com,,,,,,,,,,,,,,,,,,,,,,,,,,,,,,
yapedilo@yahoo.com.ar,,,,,,,,,,,,,,,,Importado el 8/12/15 1 ::: * myContacts,* Other,yapedilo@yahoo.com.ar,,,,,,,,,,,,,,,,,,,,,,,,,,,,,,
yasirafalak@yahoo.com.ar,,,,,,,,,,,,,,"Nombre: yasirafalak@yahoo.com.ar
",,Importado el 8/12/15 1 ::: * myContacts,* Other,yasirafalak@yahoo.com.ar,,,,,,,,,,,,,,,,,,,,,,,,,,,,,,
yasmine@arnet.com.ar,,,,,,,,,,,,,,,,Importado el 8/12/15 1 ::: * myContacts,* Other,yasmine@arnet.com.ar,,,,,,,,,,,,,,,,,,,,,,,,,,,,,,
yasminshadrawy@hotmail.com,,,,,,,,,,,,,,,,Importado el 8/12/15 1 ::: * myContacts,* Other,yasminshadrawy@hotmail.com,,,,,,,,,,,,,,,,,,,,,,,,,,,,,,
yassirafalak@yahoo.com.ar,,,,,,,,,,,,,,"Nombre: yassirafalak@yahoo.com.ar
",,Importado el 8/12/15 1 ::: * myContacts,* Other,yassirafalak@yahoo.com.ar,,,,,,,,,,,,,,,,,,,,,,,,,,,,,,
yaten_33@yahoo.com.ar,,,,,,,,,,,,,,"Nombre: yaten_33@yahoo.com.ar
",,Importado el 8/12/15 1 ::: * myContacts,* Other,yaten_33@yahoo.com.ar,,,,,,,,,,,,,,,,,,,,,,,,,,,,,,
yawaher@hotmail.com,,,,,,,,,,,,,,"Nombre: yawaher@hotmail.com
",,Importado el 8/12/15 1 ::: * myContacts,* Other,yawaher@hotmail.com,,,,,,,,,,,,,,,,,,,,,,,,,,,,,,
yeimcabot@hotmail.com,,,,,,,,,,,,,,"Nombre: yeimcabot@hotmail.com
",,Importado el 8/12/15 1 ::: * myContacts,* Other,yeimcabot@hotmail.com,,,,,,,,,,,,,,,,,,,,,,,,,,,,,,
yeincabot@yahoo.com.ar,,,,,,,,,,,,,,,,Importado el 8/12/15 1 ::: * myContacts,* Other,yeincabot@yahoo.com.ar,,,,,,,,,,,,,,,,,,,,,,,,,,,,,,
yen@elcantaro.org,,,,,,,,,,,,,,"Nombre: yen@elcantaro.org
",,Importado el 8/12/15 1 ::: * myContacts,* Other,yen@elcantaro.org,,,,,,,,,,,,,,,,,,,,,,,,,,,,,,
Yesi Acompañante (Claudia),,Sobrina De Mirta Udaondo,,,,,,,,,,,,,,* myContacts,,,Mobile,+5491122631997,,,,,,,,,,,,,,,,,,,,,,,,,,,,
yesica,,,,,,,,,,,,,,"Nombre: yesica
",,Importado el 8/12/15 1 ::: * myContacts,* Other,yesicamuriel@hotmail.com,,,,,,,,,,,,,,,,,,,,,,,,,,,,,,
Yesica,Cliente,2020,,,,,,,,,,,,,,* myContacts,,,Mobile,+54 11 5752-0261,,,,,,,,,,,,,,,,,,,,,,,,,,,,
yesmin,,,,,,,,,,,,,,"Nombre: yesmin
",,Importado el 8/12/15 1 ::: * myContacts,* Other,contactos@yesminllebeili.com.ar,,,,,,,,,,,,,,,,,,,,,,,,,,,,,,
Yesmin,,,,,,,,,,,,,,"Nombre: Yesmin
",,Importado el 8/12/15 1 ::: * myContacts,* Other,yesminlle@arnet.com.ar,,,,,,,,,,,,,,,,,,,,,,,,,,,,,,
yidamyes@yahoo.com.ar,,,,,,,,,,,,,,"Nombre: yidamyes@yahoo.com.ar
",,Importado el 8/12/15 1 ::: * myContacts,* Other,yidamyes@yahoo.com.ar,,,,,,,,,,,,,,,,,,,,,,,,,,,,,,
yiyimonzon@hotmail.com,,,,,,,,,,,,,,"Nombre: yiyimonzon@hotmail.com
",,Importado el 8/12/15 1 ::: * myContacts,* Other,yiyimonzon@hotmail.com,,,,,,,,,,,,,,,,,,,,,,,,,,,,,,
ynahina_23@hotmail.c,,,,,,,,,,,,,,"Nombre: ynahina_23@hotmail.c
",,Importado el 8/12/15 1 ::: * myContacts,* Other,ynahina_23@hotmail.com,,,,,,,,,,,,,,,,,,,,,,,,,,,,,,
yo_chivis@hotmail.com,,,,,,,,,,,,,,"Nombre: yo_chivis@hotmail.com
",,Importado el 8/12/15 1 ::: * myContacts,* Other,yo_chivis@hotmail.com,,,,,,,,,,,,,,,,,,,,,,,,,,,,,,
yocaro7@hotmail.com,,,,,,,,,,,,,,"Nombre: yocaro7@hotmail.com
",,Importado el 8/12/15 1 ::: * myContacts,* Other,yocaro7@hotmail.com,,,,,,,,,,,,,,,,,,,,,,,,,,,,,,
yocordobesa@hotmail.com,,,,,,,,,,,,,,"Nombre: yocordobesa@hotmail.com
",,Importado el 8/12/15 1 ::: * myContacts,* Other,yocordobesa@hotmail.com,,,,,,,,,,,,,,,,,,,,,,,,,,,,,,
yoha,,,,,,,,,,,,,,,,* myContacts,,,Mobile,1131214042,,,,,,,,,,,,,,,,,,,,,,,,,,,,
yomil_diver@hotmail,,,,,,,,,,,,,,"Nombre: yomil_diver@hotmail
",,Importado el 8/12/15 1 ::: * myContacts,* Other,yomil_diver@hotmail.com,,,,,,,,,,,,,,,,,,,,,,,,,,,,,,
Yonatan Enciso,,Pizzería Y Hamburguesas Iguazu,,,,,,,,Yonatan Enciso,,,,,,* myContacts,,,Mobile,+54 9 3757 54-8097,,,,,,,,,,,,,,,,,,,,,,,,,,,,
yonaza6@hotmail.com,,,,,,,,,,,,,,"Nombre: yonaza6@hotmail.com
",,Importado el 8/12/15 1 ::: * myContacts,* Other,yonaza6@hotmail.com,,,,,,,,,,,,,,,,,,,,,,,,,,,,,,
Yory casa,,,,,,,,,,,,,,,,Importado el 9/12/15 ::: * myContacts,,,Mobile,42546900,,,,,,,,,,,,,,,,,,,,,,,,,,,,
youssefcanaan@hotmail.com,,,,,,,,,,,,,,"Nombre: youssefcanaan@hotmail.com
",,Importado el 8/12/15 1 ::: * myContacts,* Other,youssefcanaan@hotmail.com,,,,,,,,,,,,,,,,,,,,,,,,,,,,,,
Yoyo celu,,,,,,,,,,,,,,,,* myContacts,,,Mobile,011-650-34012,,,,,,,,,,,,,,,,,,,,,,,,,,,,
Yoyo taller,,,,,,,,,,,,,,,,Importado el 9/12/15 ::: * myContacts,,,Mobile,47240474,,,,,,,,,,,,,,,,,,,,,,,,,,,,
yrosciani@yahoo.com.ar,,,,,,,,,,,,,,"Nombre: yrosciani@yahoo.com.ar
",,Importado el 8/12/15 1 ::: * myContacts,* Other,yrosciani@yahoo.com.ar,,,,,,,,,,,,,,,,,,,,,,,,,,,,,,
Yuliana Cliente 2022,,,,,,,,,,,,,,,,* myContacts,,,Mobile,+54 9 11 5662-6726,,,,,,,,,,,,,,,,,,,,,,,,,,,,
yunahina_23@hotmail.com,,,,,,,,,,,,,,"Nombre: yunahina_23@hotmail.com
",,Importado el 8/12/15 1 ::: * myContacts,* Other,yunahina_23@hotmail.com,,,,,,,,,,,,,,,,,,,,,,,,,,,,,,
yuresvig@hotmail.com,,,,,,,,,,,,,,"Nombre: yuresvig@hotmail.com
",,Importado el 8/12/15 1 ::: * myContacts,* Other,yuresvig@hotmail.com,,,,,,,,,,,,,,,,,,,,,,,,,,,,,,
Yusef,,,,,,,,,,,,,,"Nombre: Yusef
",,Importado el 8/12/15 1 ::: * myContacts,* Other,info@yusefobayi.com.ar,,,,,,,,,,,,,,,,,,,,,,,,,,,,,,
yusef,,,,,,,,,,,,,,"Nombre: yusef
",,Importado el 8/12/15 1 ::: * myContacts,* Other,encuentro_arabe@yahoo.com.ar,,,,,,,,,,,,,,,,,,,,,,,,,,,,,,
Yusef obayi,,,,,,,,,,,,,,,,* myContacts,,,Mobile,+5493415154332 ::: 034-151-54332,,,,,,,,,,,,,,,,,,,,,,,,,,,,
yusefobayi@hotmail.com,,,,,,,,,,,,,,,,Importado el 8/12/15 1 ::: * myContacts,* Other,yusefobayi@hotmail.com,,,,,,,,,,,,,,,,,,,,,,,,,,,,,,
yusefobayi@mixmail.com,,,,,,,,,,,,,,,,Importado el 8/12/15 1 ::: * myContacts,* Other,yusefobayi@mixmail.com,,,,,,,,,,,,,,,,,,,,,,,,,,,,,,
yusefobayi@yahoo.com.ar,,,,,,,,,,,,,,,,Importado el 8/12/15 1 ::: * myContacts,* Other,yusefobayi@yahoo.com.ar,,,,,,,,,,,,,,,,,,,,,,,,,,,,,,
yusefw@hotmail.com,,,,,,,,,,,,,,"Nombre: yusefw@hotmail.com
",,Importado el 8/12/15 1 ::: * myContacts,* Other,yusefw@hotmail.com,,,,,,,,,,,,,,,,,,,,,,,,,,,,,,
yuyachkani@terra.com.pe,,,,,,,,,,,,,,,,Importado el 8/12/15 1 ::: * myContacts,* Other,yuyachkani@terra.com.pe,,,,,,,,,,,,,,,,,,,,,,,,,,,,,,
yuyorussi@hotmail.com,,,,,,,,,,,,,,,,Importado el 8/12/15 1 ::: * myContacts,* Other,yuyorussi@hotmail.com,,,,,,,,,,,,,,,,,,,,,,,,,,,,,,
zafir_danzasarabes@hotmail.com,,,,,,,,,,,,,,"Nombre: zafir_danzasarabes@hotmail.com
",,Importado el 8/12/15 1 ::: * myContacts,* Other,zafir_danzasarabes@hotmail.com,,,,,,,,,,,,,,,,,,,,,,,,,,,,,,
zafirah_hadassah@hotmail.com,,,,,,,,,,,,,,"Nombre: zafirah_hadassah@hotmail.com
",,Importado el 8/12/15 1 ::: * myContacts,* Other,zafirah_hadassah@hotmail.com,,,,,,,,,,,,,,,,,,,,,,,,,,,,,,
zafiraodalisca@yahoo.com.ar,,,,,,,,,,,,,,"Nombre: zafiraodalisca@yahoo.com.ar
",,Importado el 8/12/15 1 ::: * myContacts,* Other,zafiraodalisca@yahoo.com.ar,,,,,,,,,,,,,,,,,,,,,,,,,,,,,,
zahira,,,,,,,,,,,,,,"Nombre: zahira
",,Importado el 8/12/15 1 ::: * myContacts,* Other,zahirasamiha@datafull.com,,,,,,,,,,,,,,,,,,,,,,,,,,,,,,
Zahira,,,,,,,,,,,,,,"Nombre: zahirasamiha@yahoo.com.ar
",,Importado el 8/12/15 1 ::: * myContacts,* Other,zahirasamiha@yahoo.com.ar,,,,,,,,,,,,,,,,,,,,,,,,,,,,,,
zahira_odalisca@yahoo.com.ar,,,,,,,,,,,,,,"Nombre: zahira_odalisca@yahoo.com.ar
",,Importado el 8/12/15 1 ::: * myContacts,* Other,zahira_odalisca@yahoo.com.ar,,,,,,,,,,,,,,,,,,,,,,,,,,,,,,
zahira@keko.com.ar,,,,,,,,,,,,,,"Nombre: zahira@keko.com.ar
",,Importado el 8/12/15 1 ::: * myContacts,* Other,zahira@keko.com.ar,,,,,,,,,,,,,,,,,,,,,,,,,,,,,,
zahiraamina@hotmail.com,,,,,,,,,,,,,,"Nombre: zahiraamina@hotmail.com
",,Importado el 8/12/15 1 ::: * myContacts,* Other,zahiraamina@hotmail.com,,,,,,,,,,,,,,,,,,,,,,,,,,,,,,
zahirabellydance@hotmail.com,,,,,,,,,,,,,,"Nombre: zahirabellydance@hotmail.com
",,Importado el 8/12/15 1 ::: * myContacts,* Other,zahirabellydance@hotmail.com,,,,,,,,,,,,,,,,,,,,,,,,,,,,,,
zahirodalisca@hotmail.com,,,,,,,,,,,,,,"Nombre: zahirodalisca@hotmail.com
",,Importado el 8/12/15 1 ::: * myContacts,* Other,zahirodalisca@hotmail.com,,,,,,,,,,,,,,,,,,,,,,,,,,,,,,
zaira_naiad@yahoo.com,,,,,,,,,,,,,,,,Importado el 8/12/15 1 ::: * myContacts,* Other,zaira_naiad@yahoo.com,,,,,,,,,,,,,,,,,,,,,,,,,,,,,,
zaira_odalisca@latinmail.com,,,,,,,,,,,,,,,,Importado el 8/12/15 1 ::: * myContacts,* Other,zaira_odalisca@latinmail.com,,,,,,,,,,,,,,,,,,,,,,,,,,,,,,
zaleh65_1@hotmail.com,,,,,,,,,,,,,,,,Importado el 8/12/15 1 ::: * myContacts,* Other,zaleh65_1@hotmail.com,,,,,,,,,,,,,,,,,,,,,,,,,,,,,,
zampinimabel@hotmail.com,,,,,,,,,,,,,,"Nombre: zampinimabel@hotmail.com
",,Importado el 8/12/15 1 ::: * myContacts,* Other,zampinimabel@hotmail.com,,,,,,,,,,,,,,,,,,,,,,,,,,,,,,
zannubiastudio@yahoo.com.ar,,,,,,,,,,,,,,"Nombre: zannubiastudio@yahoo.com.ar
",,Importado el 8/12/15 1 ::: * myContacts,* Other,zannubiastudio@yahoo.com.ar,,,,,,,,,,,,,,,,,,,,,,,,,,,,,,
Zara Mercado Maschwitz ,,,,,,,,,,,,,,,,* myContacts,,,Mobile,11 3300-1217,,,,,,,,,,,,,,,,,,,,,,,,,,,,
zc_leandro48@hotmail.com,,,,,,,,,,,,,,,,Importado el 8/12/15 1 ::: * myContacts,* Other,zc_leandro48@hotmail.com,,,,,,,,,,,,,,,,,,,,,,,,,,,,,,
Zero Humedad,Placas,Gisella,,,,,,,,,,,,,,* myContacts,,,Mobile,11 6851-7245,,,,,,,,,,,,,,,,,,,,,,,,,,,,
zia.amelia@tin.it,,,,,,,,,,,,,,"Nombre: zia.amelia@tin.it
",,Importado el 8/12/15 1 ::: * myContacts,* Other,zia.amelia@tin.it,,,,,,,,,,,,,,,,,,,,,,,,,,,,,,
zigo@global-art.com,,,,,,,,,,,,,,"Nombre: zigo@global-art.com
",,Importado el 8/12/15 1 ::: * myContacts,* Other,zigo@global-art.com,,,,,,,,,,,,,,,,,,,,,,,,,,,,,,
zoebellydancer@hotma,,,,,,,,,,,,,,"Nombre: zoebellydancer@hotma
",,Importado el 8/12/15 1 ::: * myContacts,* Other,zoebellydancer@hotmail.com,,,,,,,,,,,,,,,,,,,,,,,,,,,,,,
zubaidaodalisca@yahoo.com.ar,,,,,,,,,,,,,,"Nombre: zubaidaodalisca@yahoo.com.ar
",,Importado el 8/12/15 1 ::: * myContacts,* Other,zubaidaodalisca@yahoo.com.ar,,,,,,,,,,,,,,,,,,,,,,,,,,,,,,
zubini@spds.com.ar,,,,,,,,,,,,,,"Nombre: zubini@spds.com.ar
",,Importado el 8/12/15 1 ::: * myContacts,* Other,zubini@spds.com.ar,,,,,,,,,,,,,,,,,,,,,,,,,,,,,,
zulaflor@yahoo.com.ar,,,,,,,,,,,,,,,,Importado el 8/12/15 1 ::: * myContacts,* Other,zulaflor@yahoo.com.ar,,,,,,,,,,,,,,,,,,,,,,,,,,,,,,
ZULEHIKA_ESMENTIRA@HOTMAIL.COM,,,,,,,,,,,,,,,,Importado el 8/12/15 1 ::: * myContacts,* Other,ZULEHIKA_ESMENTIRA@HOTMAIL.COM,,,,,,,,,,,,,,,,,,,,,,,,,,,,,,
Zuleika caro,,,,,,,,,,,,,,,,* myContacts,,,Mobile,11-613-986-91,,,,,,,,,,,,,,,,,,,,,,,,,,,,
zully.gonzalez@guidecorp.com,,,,,,,,,,,,,,,,Importado el 8/12/15 1 ::: * myContacts,* Other,zully.gonzalez@guidecorp.com,,,,,,,,,,,,,,,,,,,,,,,,,,,,,,
Zulma,,(Mahdi),,,,,,,,,,,,,,* myContacts,,,Mobile,+54 9 11 6640-9221,,,,,,,,,,,,,,,,,,,,,,,,,,,,
Zulma Deud,(Fatay),Muhi,,,,,,,,,,,,,,* myContacts,,,Móvil,+54 9 11 6748-7343,,,,,,,,,,,,,,,,,,,,,,,,,,,,